timestamp,load_kw,solar_kw,smp,tp,rate,net_load_kw
2025-01-01 00:00:00,48.25802582347966,0.0,81.99,off_peak,98.2,48.25802582347966
2025-01-01 01:00:00,46.24804990211815,0.0,78.61,off_peak,98.2,46.24804990211815
2025-01-01 02:00:00,44.86594922036435,0.0,78.61,off_peak,98.2,44.86594922036435
2025-01-01 03:00:00,44.259778310027016,0.0,78.61,off_peak,98.2,44.259778310027016
2025-01-01 04:00:00,44.157457900609465,0.0,78.61,off_peak,98.2,44.157457900609465
2025-01-01 05:00:00,44.5264314982061,0.0,78.61,off_peak,98.2,44.5264314982061
2025-01-01 06:00:00,45.220970034858595,0.0,79.74,off_peak,98.2,45.220970034858595
2025-01-01 07:00:00,45.631801981762415,0.0,79.74,off_peak,98.2,45.631801981762415
2025-01-01 08:00:00,45.02873168989228,0.0,77.32,off_peak,98.2,45.02873168989228
2025-01-01 09:00:00,42.297086820290275,1.8056999999999999,76.0,off_peak,98.2,40.49138682029027
2025-01-01 10:00:00,39.9530192590881,5.1392999999999995,71.2,off_peak,98.2,34.8137192590881
2025-01-01 11:00:00,38.03063580942494,12.9177,71.2,off_peak,98.2,25.112935809424943
2025-01-01 12:00:00,36.951620582839816,23.613,0.0,off_peak,98.2,13.338620582839816
2025-01-01 13:00:00,37.14695954627333,24.0297,6.85,off_peak,98.2,13.117259546273331
2025-01-01 14:00:00,38.69106754293826,11.2509,71.2,off_peak,98.2,27.440167542938255
2025-01-01 15:00:00,41.46224529799704,18.8904,71.33,off_peak,98.2,22.571845297997044
2025-01-01 16:00:00,45.00625220600509,15.001199999999999,84.92,off_peak,98.2,30.00505220600509
2025-01-01 17:00:00,48.48204550773477,5.6949,96.78,off_peak,98.2,42.78714550773477
2025-01-01 18:00:00,49.922282785748536,0.41669999999999996,96.78,off_peak,98.2,49.50558278574854
2025-01-01 19:00:00,49.922282785748536,0.0,97.0,off_peak,98.2,49.922282785748536
2025-01-01 20:00:00,49.34091682314879,0.0,97.02,off_peak,98.2,49.34091682314879
2025-01-01 21:00:00,48.61924787490831,0.0,97.63,off_peak,98.2,48.61924787490831
2025-01-01 22:00:00,48.252599741162065,0.0,97.63,off_peak,98.2,48.252599741162065
2025-01-01 23:00:00,47.959591296011794,0.0,97.08,off_peak,98.2,47.959591296011794
2025-01-02 00:00:00,45.9038812522591,0.0,84.81,off_peak,98.2,45.9038812522591
2025-01-02 01:00:00,44.25512738232622,0.0,80.83,off_peak,98.2,44.25512738232622
2025-01-02 02:00:00,43.355172872221814,0.0,80.83,off_peak,98.2,43.355172872221814
2025-01-02 03:00:00,43.096271230210725,0.0,80.83,off_peak,98.2,43.096271230210725
2025-01-02 04:00:00,43.69856636746406,0.0,80.83,off_peak,98.2,43.69856636746406
2025-01-02 05:00:00,45.49459961458888,0.0,80.83,off_peak,98.2,45.49459961458888
2025-01-02 06:00:00,48.89752838233939,0.0,87.52,off_peak,98.2,48.89752838233939
2025-01-02 07:00:00,54.340664101506604,0.0,97.7,off_peak,98.2,54.340664101506604
2025-01-02 08:00:00,60.331834134751176,0.0,128.32,mid_peak,115.1,60.331834134751176
2025-01-02 09:00:00,60.17292743830725,4.3059,151.16,on_peak,144.5,55.86702743830725
2025-01-02 10:00:00,57.40174968324846,9.5841,157.97,on_peak,144.5,47.81764968324846
2025-01-02 11:00:00,54.37011997694499,18.4737,134.12,on_peak,144.5,35.89641997694499
2025-01-02 12:00:00,50.850918016674534,24.8631,133.99,mid_peak,115.1,25.987818016674535
2025-01-02 13:00:00,52.66477981998574,27.3633,133.91,mid_peak,115.1,25.30147981998574
2025-01-02 14:00:00,54.27322564984503,26.391,133.78,mid_peak,115.1,27.882225649845033
2025-01-02 15:00:00,56.71728815661436,21.6684,138.86,mid_peak,115.1,35.04888815661436
2025-01-02 16:00:00,59.15825004491649,14.0289,133.91,on_peak,144.5,45.12935004491649
2025-01-02 17:00:00,60.07680826582409,6.2505,133.99,on_peak,144.5,53.82630826582409
2025-01-02 18:00:00,59.205534476541274,0.2778,128.32,on_peak,144.5,58.927734476541275
2025-01-02 19:00:00,58.060631107528174,0.0,115.58,mid_peak,115.1,58.060631107528174
2025-01-02 20:00:00,56.02507508381226,0.0,113.77,mid_peak,115.1,56.02507508381226
2025-01-02 21:00:00,53.99959607011475,0.0,103.23,mid_peak,115.1,53.99959607011475
2025-01-02 22:00:00,53.85231669292281,0.0,102.26,off_peak,98.2,53.85231669292281
2025-01-02 23:00:00,53.32056062579825,0.0,96.87,off_peak,98.2,53.32056062579825
2025-01-03 00:00:00,50.64085111552182,0.0,84.69,off_peak,98.2,50.64085111552182
2025-01-03 01:00:00,48.89210230002179,0.0,81.32,off_peak,98.2,48.89210230002179
2025-01-03 02:00:00,47.86967336046304,0.0,81.06,off_peak,98.2,47.86967336046304
2025-01-03 03:00:00,47.2790055424617,0.0,81.06,off_peak,98.2,47.2790055424617
2025-01-03 04:00:00,47.671233778562325,0.0,81.06,off_peak,98.2,47.671233778562325
2025-01-03 05:00:00,49.16960765283606,0.0,81.06,off_peak,98.2,49.16960765283606
2025-01-03 06:00:00,52.45006199113223,0.0,87.47,off_peak,98.2,52.45006199113223
2025-01-03 07:00:00,57.399424219398064,0.0,115.29,off_peak,98.2,57.399424219398064
2025-01-03 08:00:00,62.417775208559064,0.0,138.49,mid_peak,115.1,62.417775208559064
2025-01-03 09:00:00,61.44960709217629,4.4448,166.56,on_peak,144.5,57.004807092176286
2025-01-03 10:00:00,58.305579966436866,12.3621,155.47,on_peak,144.5,45.94347996643687
2025-01-03 11:00:00,55.449910358146916,20.1405,146.0,on_peak,144.5,35.30941035814692
2025-01-03 12:00:00,52.25239756384832,23.613,134.16,mid_peak,115.1,28.63939756384832
2025-01-03 13:00:00,54.72669110067283,24.3075,134.04,mid_peak,115.1,30.41919110067283
2025-01-03 14:00:00,56.920378666215875,23.4741,133.95,mid_peak,115.1,33.446278666215875
2025-01-03 15:00:00,59.1489481895149,10.1397,133.95,mid_peak,115.1,49.0092481895149
2025-01-03 16:00:00,61.13566947237243,11.8065,132.19,on_peak,144.5,49.32916947237243
2025-01-03 17:00:00,61.36666554817872,6.8061,128.32,on_peak,144.5,54.56056554817872
2025-01-03 18:00:00,59.87449291083938,0.41669999999999996,128.32,on_peak,144.5,59.45779291083938
2025-01-03 19:00:00,58.48386552830079,0.0,128.32,mid_peak,115.1,58.48386552830079
2025-01-03 20:00:00,56.614192592580004,0.0,103.38,mid_peak,115.1,56.614192592580004
2025-01-03 21:00:00,54.677856359814456,0.0,102.21,mid_peak,115.1,54.677856359814456
2025-01-03 22:00:00,54.61351852662008,0.0,88.96,off_peak,98.2,54.61351852662008
2025-01-03 23:00:00,54.1236208088027,0.0,88.96,off_peak,98.2,54.1236208088027
2025-01-04 00:00:00,51.324537487539125,0.0,97.77,off_peak,98.2,51.324537487539125
2025-01-04 01:00:00,49.400603728642366,0.0,81.76,off_peak,98.2,49.400603728642366
2025-01-04 02:00:00,48.144853249426916,0.0,81.12,off_peak,98.2,48.144853249426916
2025-01-04 03:00:00,47.54023264832318,0.0,81.12,off_peak,98.2,47.54023264832318
2025-01-04 04:00:00,47.5014749174832,0.0,81.12,off_peak,98.2,47.5014749174832
2025-01-04 05:00:00,48.32003819282364,0.0,81.12,off_peak,98.2,48.32003819282364
2025-01-04 06:00:00,49.52075269424631,0.0,97.37,off_peak,98.2,49.52075269424631
2025-01-04 07:00:00,50.83851554280574,0.0,98.47,off_peak,98.2,50.83851554280574
2025-01-04 08:00:00,51.39507655766789,0.0,98.78,mid_peak,115.1,51.39507655766789
2025-01-04 09:00:00,49.59671784669268,4.3059,119.65,mid_peak,115.1,45.290817846692676
2025-01-04 10:00:00,46.965843077274634,12.3621,119.65,mid_peak,115.1,34.603743077274636
2025-01-04 11:00:00,44.49930108661811,20.0016,98.16,mid_peak,115.1,24.49770108661811
2025-01-04 12:00:00,42.61334990394454,24.4464,0.0,mid_peak,115.1,18.166949903944538
2025-01-04 13:00:00,43.74817626293924,27.3633,0.0,mid_peak,115.1,16.38487626293924
2025-01-04 14:00:00,44.90160633273714,26.529899999999998,97.98,mid_peak,115.1,18.37170633273714
2025-01-04 15:00:00,46.94646421185464,22.0851,97.94,mid_peak,115.1,24.86136421185464
2025-01-04 16:00:00,49.64477743293426,12.9177,97.94,mid_peak,115.1,36.727077432934266
2025-01-04 17:00:00,51.97334190180044,2.9169,98.78,mid_peak,115.1,49.05644190180044
2025-01-04 18:00:00,52.783378476356084,0.2778,98.68,mid_peak,115.1,52.505578476356085
2025-01-04 19:00:00,52.2911552946883,0.0,98.07,mid_peak,115.1,52.2911552946883
2025-01-04 20:00:00,51.43305913389108,0.0,98.78,mid_peak,115.1,51.43305913389108
2025-01-04 21:00:00,50.230019168618,0.0,98.78,mid_peak,115.1,50.230019168618
2025-01-04 22:00:00,51.024552650837656,0.0,97.37,off_peak,98.2,51.024552650837656
2025-01-04 23:00:00,51.29818223056793,0.0,97.69,off_peak,98.2,51.29818223056793
2025-01-05 00:00:00,48.94016188626337,0.0,86.97,off_peak,98.2,48.94016188626337
2025-01-05 01:00:00,46.85112019398828,0.0,78.2,off_peak,98.2,46.85112019398828
2025-01-05 02:00:00,45.50312631537367,0.0,77.07,off_peak,98.2,45.50312631537367
2025-01-05 03:00:00,44.83494303569236,0.0,77.07,off_peak,98.2,44.83494303569236
2025-01-05 04:00:00,44.80006107793638,0.0,77.07,off_peak,98.2,44.80006107793638
2025-01-05 05:00:00,45.29848549653856,0.0,77.07,off_peak,98.2,45.29848549653856
2025-01-05 06:00:00,46.129451245747795,0.0,77.51,off_peak,98.2,46.129451245747795
2025-01-05 07:00:00,46.89840462561306,0.0,77.51,off_peak,98.2,46.89840462561306
2025-01-05 08:00:00,47.901454699751824,0.0,79.21,off_peak,98.2,47.901454699751824
2025-01-05 09:00:00,48.858770651499405,0.2778,80.05,off_peak,98.2,48.580970651499406
2025-01-05 10:00:00,49.3254137308128,0.5556,83.22,off_peak,98.2,48.7698137308128
2025-01-05 11:00:00,49.36882238935358,0.9723,83.16,off_peak,98.2,48.396522389353585
2025-01-05 12:00:00,49.14170208663128,0.9723,83.16,off_peak,98.2,48.16940208663128
2025-01-05 13:00:00,49.18123497208806,0.6945,83.59,off_peak,98.2,48.486734972088065
2025-01-05 14:00:00,48.874273743835396,1.1112,83.59,off_peak,98.2,47.7630737438354
2025-01-05 15:00:00,49.194412600573656,4.583699999999999,88.85,off_peak,98.2,44.610712600573656
2025-01-05 16:00:00,50.11529628533165,3.7502999999999997,87.71,off_peak,98.2,46.36499628533165
2025-01-05 17:00:00,52.11131942359078,1.2501,88.96,off_peak,98.2,50.861219423590775
2025-01-05 18:00:00,52.698111468508124,0.1389,88.96,off_peak,98.2,52.559211468508124
2025-01-05 19:00:00,52.052407672714004,0.0,88.96,off_peak,98.2,52.052407672714004
2025-01-05 20:00:00,51.13850037950721,0.0,88.96,off_peak,98.2,51.13850037950721
2025-01-05 21:00:00,49.927708868066134,0.0,88.39,off_peak,98.2,49.927708868066134
2025-01-05 22:00:00,49.65097866986866,0.0,88.39,off_peak,98.2,49.65097866986866
2025-01-05 23:00:00,49.49517259189192,0.0,88.96,off_peak,98.2,49.49517259189192
2025-01-06 00:00:00,47.2751297693777,0.0,77.42,off_peak,98.2,47.2751297693777
2025-01-06 01:00:00,45.452741265281695,0.0,76.17,off_peak,98.2,45.452741265281695
2025-01-06 02:00:00,44.58611840369967,0.0,76.17,off_peak,98.2,44.58611840369967
2025-01-06 03:00:00,44.23342305305583,0.0,75.75,off_peak,98.2,44.23342305305583
2025-01-06 04:00:00,44.79928592331958,0.0,76.17,off_peak,98.2,44.79928592331958
2025-01-06 05:00:00,46.48059628715804,0.0,76.17,off_peak,98.2,46.48059628715804
2025-01-06 06:00:00,49.82771392249898,0.0,78.81,off_peak,98.2,49.82771392249898
2025-01-06 07:00:00,55.18170686073423,0.0,97.66,off_peak,98.2,55.18170686073423
2025-01-06 08:00:00,62.13406861881039,0.0,128.09,mid_peak,115.1,62.13406861881039
2025-01-06 09:00:00,64.60371122793411,0.41669999999999996,136.72,on_peak,144.5,64.18701122793411
2025-01-06 10:00:00,64.6494453503253,1.6667999999999998,128.4,on_peak,144.5,62.98264535032529
2025-01-06 11:00:00,62.58830922425499,6.3894,128.09,on_peak,144.5,56.19890922425499
2025-01-06 12:00:00,59.44350694389877,12.639899999999999,127.47,mid_peak,115.1,46.80360694389877
2025-01-06 13:00:00,61.45038224679309,22.0851,127.47,mid_peak,115.1,39.365282246793086
2025-01-06 14:00:00,62.22166109050875,17.5014,122.7,mid_peak,115.1,44.72026109050876
2025-01-06 15:00:00,63.06192869511958,11.3898,126.84,mid_peak,115.1,51.67212869511958
2025-01-06 16:00:00,63.86653918735763,10.0008,126.84,on_peak,144.5,53.86573918735763
2025-01-06 17:00:00,63.564228886805765,2.2224,126.84,on_peak,144.5,61.341828886805764
2025-01-06 18:00:00,62.20848346202315,0.2778,128.32,on_peak,144.5,61.930683462023154
2025-01-06 19:00:00,60.71088474236621,0.0,124.77,mid_peak,115.1,60.71088474236621
2025-01-06 20:00:00,58.29550295641847,0.0,103.32,mid_peak,115.1,58.29550295641847
2025-01-06 21:00:00,56.33281146668173,0.0,102.35,mid_peak,115.1,56.33281146668173
2025-01-06 22:00:00,55.9429086944315,0.0,97.52,off_peak,98.2,55.9429086944315
2025-01-06 23:00:00,55.23906830237741,0.0,100.11,off_peak,98.2,55.23906830237741
2025-01-07 00:00:00,52.27797766620271,0.0,96.87,off_peak,98.2,52.27797766620271
2025-01-07 01:00:00,50.40675442124832,0.0,82.03,off_peak,98.2,50.40675442124832
2025-01-07 02:00:00,49.453314242584746,0.0,82.03,off_peak,98.2,49.453314242584746
2025-01-07 03:00:00,48.94481281396416,0.0,82.03,off_peak,98.2,48.94481281396416
2025-01-07 04:00:00,49.23859641373124,0.0,82.03,off_peak,98.2,49.23859641373124
2025-01-07 05:00:00,50.712940494884194,0.0,82.03,off_peak,98.2,50.712940494884194
2025-01-07 06:00:00,53.93525823692038,0.0,87.46,off_peak,98.2,53.93525823692038
2025-01-07 07:00:00,59.12491839639411,0.0,114.52,off_peak,98.2,59.12491839639411
2025-01-07 08:00:00,65.03934812257552,0.0,127.47,mid_peak,115.1,65.03934812257552
2025-01-07 09:00:00,65.16492317049706,4.167,156.92,on_peak,144.5,60.99792317049706
2025-01-07 10:00:00,63.10688766289396,11.528699999999999,146.26,on_peak,144.5,51.57818766289396
2025-01-07 11:00:00,61.11861607080284,19.8627,146.26,on_peak,144.5,41.25591607080284
2025-01-07 12:00:00,58.73501562414388,25.1409,132.67,mid_peak,115.1,33.59411562414388
2025-01-07 13:00:00,61.63176842712421,27.5022,132.67,mid_peak,115.1,34.12956842712421
2025-01-07 14:00:00,63.296800544009876,22.6407,138.58,mid_peak,115.1,40.656100544009874
2025-01-07 15:00:00,64.01071794608237,19.5849,136.77,mid_peak,115.1,44.42581794608236
2025-01-07 16:00:00,64.97035936168035,8.056199999999999,128.39,on_peak,144.5,56.914159361680355
2025-01-07 17:00:00,65.06957915263071,1.9446,124.33,on_peak,144.5,63.12497915263071
2025-01-07 18:00:00,63.66344867775612,0.2778,125.58,on_peak,144.5,63.38564867775612
2025-01-07 19:00:00,61.914699862256086,0.0,125.58,mid_peak,115.1,61.914699862256086
2025-01-07 20:00:00,59.41792684154438,0.0,103.32,mid_peak,115.1,59.41792684154438
2025-01-07 21:00:00,57.3102814384661,0.0,102.35,mid_peak,115.1,57.3102814384661
2025-01-07 22:00:00,56.88782217231029,0.0,97.74,off_peak,98.2,56.88782217231029
2025-01-07 23:00:00,56.180881161788996,0.0,97.74,off_peak,98.2,56.180881161788996
2025-01-08 00:00:00,53.35156681047024,0.0,85.04,off_peak,98.2,53.35156681047024
2025-01-08 01:00:00,51.28733006593274,0.0,81.97,off_peak,98.2,51.28733006593274
2025-01-08 02:00:00,50.09359195606126,0.0,81.97,off_peak,98.2,50.09359195606126
2025-01-08 03:00:00,49.60989547517828,0.0,81.97,off_peak,98.2,49.60989547517828
2025-01-08 04:00:00,49.74554753311821,0.0,81.97,off_peak,98.2,49.74554753311821
2025-01-08 05:00:00,51.295856766717534,0.0,81.97,off_peak,98.2,51.295856766717534
2025-01-08 06:00:00,54.41352863548577,0.0,83.37,off_peak,98.2,54.41352863548577
2025-01-08 07:00:00,59.3822697291716,0.0,112.78,off_peak,98.2,59.3822697291716
2025-01-08 08:00:00,65.47808563568412,0.0,140.44,mid_peak,115.1,65.47808563568412
2025-01-08 09:00:00,66.43462643281491,2.2224,161.72,on_peak,144.5,64.21222643281492
2025-01-08 10:00:00,65.16492317049706,6.1116,159.39,on_peak,144.5,59.05332317049706
2025-01-08 11:00:00,63.20920807231152,12.2232,133.25,on_peak,144.5,50.98600807231152
2025-01-08 12:00:00,60.39694712256235,21.9462,133.25,mid_peak,115.1,38.45074712256235
2025-01-08 13:00:00,62.754967466866916,18.7515,133.13,mid_peak,115.1,44.003467466866915
2025-01-08 14:00:00,63.90374660896401,17.084699999999998,133.25,mid_peak,115.1,46.819046608964015
2025-01-08 15:00:00,64.88741781768279,15.695699999999997,160.86,mid_peak,115.1,49.19171781768279
2025-01-08 16:00:00,65.49823965572092,10.5564,136.76,on_peak,144.5,54.941839655720926
2025-01-08 17:00:00,64.98353699016594,6.1116,133.33,on_peak,144.5,58.87193699016594
2025-01-08 18:00:00,63.63166733846733,0.6945,133.42,on_peak,144.5,62.93716733846733
2025-01-08 19:00:00,62.14724624729598,0.0,134.61,mid_peak,115.1,62.14724624729598
2025-01-08 20:00:00,59.87914383854017,0.0,126.52,mid_peak,115.1,59.87914383854017
2025-01-08 21:00:00,57.88467100951465,0.0,116.06,mid_peak,115.1,57.88467100951465
2025-01-08 22:00:00,57.649799160624354,0.0,120.82,off_peak,98.2,57.649799160624354
2025-01-08 23:00:00,57.01184691099823,0.0,121.0,off_peak,98.2,57.01184691099823
2025-01-09 00:00:00,54.21043812588426,0.0,108.07,off_peak,98.2,54.21043812588426
2025-01-09 01:00:00,52.41052910567545,0.0,109.23,off_peak,98.2,52.41052910567545
2025-01-09 02:00:00,51.29198099363354,0.0,101.97,off_peak,98.2,51.29198099363354
2025-01-09 03:00:00,50.910604922168105,0.0,101.97,off_peak,98.2,50.910604922168105
2025-01-09 04:00:00,51.30825924058633,0.0,101.97,off_peak,98.2,51.30825924058633
2025-01-09 05:00:00,52.65470280996734,0.0,106.76,off_peak,98.2,52.65470280996734
2025-01-09 06:00:00,55.821209419593956,0.0,107.55,off_peak,98.2,55.821209419593956
2025-01-09 07:00:00,60.77057164785979,0.0,118.54,off_peak,98.2,60.77057164785979
2025-01-09 08:00:00,67.20590527653057,0.0,144.0,mid_peak,115.1,67.20590527653057
2025-01-09 09:00:00,68.76784182938188,4.7226,161.72,on_peak,144.5,64.04524182938188
2025-01-09 10:00:00,68.01284123261901,13.0566,147.95,on_peak,144.5,54.95624123261901
2025-01-09 11:00:00,66.42299911356291,21.3906,147.07,on_peak,144.5,45.03239911356291
2025-01-09 12:00:00,63.41384889114663,27.2244,139.15,mid_peak,115.1,36.189448891146625
2025-01-09 13:00:00,65.5540507881305,29.4468,143.38,mid_peak,115.1,36.1072507881305
2025-01-09 14:00:00,67.3803150653105,27.918899999999994,143.63,mid_peak,115.1,39.461415065310504
2025-01-09 15:00:00,68.7593151285971,24.168599999999998,148.66,mid_peak,115.1,44.5907151285971
2025-01-09 16:00:00,70.3103995168132,16.5291,144.05,on_peak,144.5,53.781299516813206
2025-01-09 17:00:00,69.93522468228217,6.667199999999999,146.14,on_peak,144.5,63.26802468228217
2025-01-09 18:00:00,68.15934545519416,0.5556,138.36,on_peak,144.5,67.60374545519416
2025-01-09 19:00:00,66.24858932478298,0.0,138.59,mid_peak,115.1,66.24858932478298
2025-01-09 20:00:00,63.354937140269854,0.0,136.6,mid_peak,115.1,63.354937140269854
2025-01-09 21:00:00,60.84421133645576,0.0,136.53,mid_peak,115.1,60.84421133645576
2025-01-09 22:00:00,59.98534002104173,0.0,134.24,off_peak,98.2,59.98534002104173
2025-01-09 23:00:00,59.421802614628376,0.0,134.24,off_peak,98.2,59.421802614628376
2025-01-10 00:00:00,56.574659707123224,0.0,124.44,off_peak,98.2,56.574659707123224
2025-01-10 01:00:00,54.5708850226961,0.0,112.6,off_peak,98.2,54.5708850226961
2025-01-10 02:00:00,53.31823516194785,0.0,106.2,off_peak,98.2,53.31823516194785
2025-01-10 03:00:00,52.57951281213777,0.0,101.97,off_peak,98.2,52.57951281213777
2025-01-10 04:00:00,52.79500579560808,0.0,101.97,off_peak,98.2,52.79500579560808
2025-01-10 05:00:00,54.17168039504428,0.0,112.52,off_peak,98.2,54.17168039504428
2025-01-10 06:00:00,57.16842814359176,0.0,117.05,off_peak,98.2,57.16842814359176
2025-01-10 07:00:00,62.22166109050875,0.0,138.02,off_peak,98.2,62.22166109050875
2025-01-10 08:00:00,68.30662483238609,0.0,147.83,mid_peak,115.1,68.30662483238609
2025-01-10 09:00:00,69.33913078196323,4.4448,163.15,on_peak,144.5,64.89433078196323
2025-01-10 10:00:00,67.63611608885438,12.501,147.2,on_peak,144.5,55.13511608885438
2025-01-10 11:00:00,64.64789504109169,21.1128,147.33,on_peak,144.5,43.53509504109169
2025-01-10 12:00:00,60.57755814827667,26.2521,140.19,mid_peak,115.1,34.325458148276674
2025-01-10 13:00:00,61.8922203783689,28.6134,140.26,mid_peak,115.1,33.2788203783689
2025-01-10 14:00:00,62.599936543506985,27.918899999999994,144.0,mid_peak,115.1,34.68103654350699
2025-01-10 15:00:00,64.04482474922155,23.7519,140.85,mid_peak,115.1,40.29292474922155
2025-01-10 16:00:00,66.16177200770143,16.3902,156.37,on_peak,144.5,49.77157200770143
2025-01-10 17:00:00,66.49586364754208,7.222799999999999,139.21,on_peak,144.5,59.27306364754208
2025-01-10 18:00:00,64.8680389522628,0.8333999999999999,139.21,on_peak,144.5,64.0346389522628
2025-01-10 19:00:00,63.109213126744365,0.0,139.21,mid_peak,115.1,63.109213126744365
2025-01-10 20:00:00,60.83413432643736,0.0,139.21,mid_peak,115.1,60.83413432643736
2025-01-10 21:00:00,58.78230005576866,0.0,132.81,mid_peak,115.1,58.78230005576866
2025-01-10 22:00:00,58.27457378176488,0.0,133.06,off_peak,98.2,58.27457378176488
2025-01-10 23:00:00,57.72808977692112,0.0,138.49,off_peak,98.2,57.72808977692112
2025-01-11 00:00:00,54.96078779494633,0.0,114.96,off_peak,98.2,54.96078779494633
2025-01-11 01:00:00,52.93453362663202,0.0,106.45,off_peak,98.2,52.93453362663202
2025-01-11 02:00:00,51.62684778809099,0.0,102.74,off_peak,98.2,51.62684778809099
2025-01-11 03:00:00,50.82843853278734,0.0,102.74,off_peak,98.2,50.82843853278734
2025-01-11 04:00:00,50.593566683897045,0.0,102.74,off_peak,98.2,50.593566683897045
2025-01-11 05:00:00,51.17415749187999,0.0,106.12,off_peak,98.2,51.17415749187999
2025-01-11 06:00:00,52.34309065401388,0.0,106.52,off_peak,98.2,52.34309065401388
2025-01-11 07:00:00,53.9003762791644,0.0,117.4,off_peak,98.2,53.9003762791644
2025-01-11 08:00:00,55.272399950899796,0.0,118.75,mid_peak,115.1,55.272399950899796
2025-01-11 09:00:00,54.45926275787695,4.3059,136.42,mid_peak,115.1,50.15336275787695
2025-01-11 10:00:00,52.40355271412425,11.8065,136.41,mid_peak,115.1,40.59705271412425
2025-01-11 11:00:00,50.54163132457147,20.1405,138.53,mid_peak,115.1,30.40113132457147
2025-01-11 12:00:00,48.43011014840919,25.279799999999998,136.38,mid_peak,115.1,23.150310148409194
2025-01-11 13:00:00,49.19363744595686,27.641099999999998,136.38,mid_peak,115.1,21.55253744595686
2025-01-11 14:00:00,50.246297415570794,26.9466,136.37,mid_peak,115.1,23.299697415570794
2025-01-11 15:00:00,52.02915303421001,23.1963,134.11,mid_peak,115.1,28.83285303421001
2025-01-11 16:00:00,53.81355896208283,15.973499999999998,134.11,mid_peak,115.1,37.840058962082836
2025-01-11 17:00:00,55.501070562855695,7.0839,131.93,mid_peak,115.1,48.417170562855695
2025-01-11 18:00:00,56.1661532240698,0.6945,132.87,mid_peak,115.1,55.471653224069804
2025-01-11 19:00:00,55.50339602670609,0.0,132.87,mid_peak,115.1,55.50339602670609
2025-01-11 20:00:00,54.50654718950173,0.0,131.18,mid_peak,115.1,54.50654718950173
2025-01-11 21:00:00,53.44691082833659,0.0,116.1,mid_peak,115.1,53.44691082833659
2025-01-11 22:00:00,53.953861947723574,0.0,116.56,off_peak,98.2,53.953861947723574
2025-01-11 23:00:00,54.27400080446183,0.0,115.23,off_peak,98.2,54.27400080446183
2025-01-12 00:00:00,51.830713452309304,0.0,111.15,off_peak,98.2,51.830713452309304
2025-01-12 01:00:00,49.87034742642296,0.0,111.8,off_peak,98.2,49.87034742642296
2025-01-12 02:00:00,48.61149632874031,0.0,111.82,off_peak,98.2,48.61149632874031
2025-01-12 03:00:00,47.76812810566228,0.0,97.63,off_peak,98.2,47.76812810566228
2025-01-12 04:00:00,47.80145975418466,0.0,98.55,off_peak,98.2,47.80145975418466
2025-01-12 05:00:00,48.254150050395666,0.0,102.64,off_peak,98.2,48.254150050395666
2025-01-12 06:00:00,49.14402755048168,0.0,103.0,off_peak,98.2,49.14402755048168
2025-01-12 07:00:00,50.041656596735685,0.0,103.19,off_peak,98.2,50.041656596735685
2025-01-12 08:00:00,50.249398034037995,0.0,111.74,off_peak,98.2,50.249398034037995
2025-01-12 09:00:00,48.16810788793091,3.3335999999999997,117.03,off_peak,98.2,44.83450788793091
2025-01-12 10:00:00,46.17208474967178,9.167399999999999,118.12,off_peak,98.2,37.00468474967178
2025-01-12 11:00:00,43.99002450338074,19.445999999999998,118.07,off_peak,98.2,24.54402450338074
2025-01-12 12:00:00,42.76993113653807,24.168599999999998,117.91,off_peak,98.2,18.60133113653807
2025-01-12 13:00:00,42.99317566617637,26.1132,117.29,off_peak,98.2,16.87997566617637
2025-01-12 14:00:00,44.18071253911345,24.0297,117.36,off_peak,98.2,20.151012539113452
2025-01-12 15:00:00,46.359672166937294,15.140100000000002,116.96,off_peak,98.2,31.21957216693729
2025-01-12 16:00:00,49.64710289678466,9.5841,116.74,off_peak,98.2,40.06300289678466
2025-01-12 17:00:00,53.052357128385566,5.8338,118.07,off_peak,98.2,47.21855712838557
2025-01-12 18:00:00,54.39414977006578,0.6945,118.12,off_peak,98.2,53.69964977006578
2025-01-12 19:00:00,54.09959101568191,0.0,118.12,off_peak,98.2,54.09959101568191
2025-01-12 20:00:00,53.31746000733105,0.0,116.06,off_peak,98.2,53.31746000733105
2025-01-12 21:00:00,52.18573426680354,0.0,108.64,off_peak,98.2,52.18573426680354
2025-01-12 22:00:00,51.66250490046377,0.0,111.74,off_peak,98.2,51.66250490046377
2025-01-12 23:00:00,51.302058003651936,0.0,107.81,off_peak,98.2,51.302058003651936
2025-01-13 00:00:00,49.266501979936024,0.0,110.94,off_peak,98.2,49.266501979936024
2025-01-13 01:00:00,47.647203985441536,0.0,102.02,off_peak,98.2,47.647203985441536
2025-01-13 02:00:00,46.68213648752596,0.0,101.76,off_peak,98.2,46.68213648752596
2025-01-13 03:00:00,46.34339391998451,0.0,97.74,off_peak,98.2,46.34339391998451
2025-01-13 04:00:00,46.8131376177651,0.0,97.74,off_peak,98.2,46.8131376177651
2025-01-13 05:00:00,48.71381673815787,0.0,97.74,off_peak,98.2,48.71381673815787
2025-01-13 06:00:00,52.395026013339454,0.0,113.34,off_peak,98.2,52.395026013339454
2025-01-13 07:00:00,58.39859852045282,0.0,114.47,off_peak,98.2,58.39859852045282
2025-01-13 08:00:00,64.97345998014755,0.0,138.59,mid_peak,115.1,64.97345998014755
2025-01-13 09:00:00,66.10983664837585,0.9723,165.24,on_peak,144.5,65.13753664837584
2025-01-13 10:00:00,64.34403443130623,5.8338,152.63,on_peak,144.5,58.51023443130623
2025-01-13 11:00:00,61.47208657606348,13.6122,156.44,on_peak,144.5,47.85988657606348
2025-01-13 12:00:00,57.605615347466774,21.9462,138.26,mid_peak,115.1,35.659415347466776
2025-01-13 13:00:00,59.993091567209724,17.6403,138.58,mid_peak,115.1,42.35279156720972
2025-01-13 14:00:00,61.74261553732656,15.140100000000002,138.58,mid_peak,115.1,46.60251553732655
2025-01-13 15:00:00,63.29447508015948,6.3894,138.58,mid_peak,115.1,56.90507508015948
2025-01-13 16:00:00,64.87579049843079,2.5002,152.65,on_peak,144.5,62.37559049843079
2025-01-13 17:00:00,64.79982534598442,0.5556,138.58,on_peak,144.5,64.24422534598442
2025-01-13 18:00:00,63.28594837937469,0.1389,138.57,on_peak,144.5,63.14704837937469
2025-01-13 19:00:00,61.6426205917594,0.0,138.59,mid_peak,115.1,61.6426205917594
2025-01-13 20:00:00,59.09778798480612,0.0,138.57,mid_peak,115.1,59.09778798480612
2025-01-13 21:00:00,57.01882330254943,0.0,136.77,mid_peak,115.1,57.01882330254943
2025-01-13 22:00:00,56.632796303383195,0.0,138.49,off_peak,98.2,56.632796303383195
2025-01-13 23:00:00,55.87469508815313,0.0,114.88,off_peak,98.2,55.87469508815313
2025-01-14 00:00:00,52.92678208046402,0.0,108.13,off_peak,98.2,52.92678208046402
2025-01-14 01:00:00,50.937735333756095,0.0,104.61,off_peak,98.2,50.937735333756095
2025-01-14 02:00:00,49.71144072997903,0.0,101.75,off_peak,98.2,49.71144072997903
2025-01-14 03:00:00,49.06883755265211,0.0,101.79,off_peak,98.2,49.06883755265211
2025-01-14 04:00:00,49.28045476303842,0.0,101.7,off_peak,98.2,49.28045476303842
2025-01-14 05:00:00,50.6896858563802,0.0,101.79,off_peak,98.2,50.6896858563802
2025-01-14 06:00:00,53.60659267939732,0.0,107.34,off_peak,98.2,53.60659267939732
2025-01-14 07:00:00,58.269922854064085,0.0,136.77,off_peak,98.2,58.269922854064085
2025-01-14 08:00:00,63.91692423744961,0.0,146.51,mid_peak,115.1,63.91692423744961
2025-01-14 09:00:00,64.98198668093234,2.0835,154.09,on_peak,144.5,62.898486680932336
2025-01-14 10:00:00,62.985188388056415,5.0004,147.33,on_peak,144.5,57.984788388056415
2025-01-14 11:00:00,59.90549909551137,10.6953,146.13,on_peak,144.5,49.21019909551137
2025-01-14 12:00:00,56.46923867923847,15.5568,138.8,mid_peak,115.1,40.91243867923847
2025-01-14 13:00:00,58.4590605805632,14.0289,139.21,mid_peak,115.1,44.4301605805632
2025-01-14 14:00:00,59.772947656038625,16.9458,139.21,mid_peak,115.1,42.827147656038626
2025-01-14 15:00:00,61.1969066870996,17.7792,139.21,mid_peak,115.1,43.417706687099596
2025-01-14 16:00:00,62.84488540241568,7.7784,139.22,on_peak,144.5,55.06648540241568
2025-01-14 17:00:00,63.288273843225085,2.778,139.22,on_peak,144.5,60.510273843225086
2025-01-14 18:00:00,62.210033771256754,0.2778,136.79,on_peak,144.5,61.932233771256755
2025-01-14 19:00:00,60.7294884531694,0.0,136.51,mid_peak,115.1,60.7294884531694
2025-01-14 20:00:00,58.38542089196723,0.0,136.77,mid_peak,115.1,58.38542089196723
2025-01-14 21:00:00,56.27079909733776,0.0,136.77,mid_peak,115.1,56.27079909733776
2025-01-14 22:00:00,56.090963226240234,0.0,136.77,off_peak,98.2,56.090963226240234
2025-01-14 23:00:00,55.497969944388494,0.0,114.59,off_peak,98.2,55.497969944388494
2025-01-15 00:00:00,52.672531366153734,0.0,128.59,off_peak,98.2,52.672531366153734
2025-01-15 01:00:00,50.6796088463618,0.0,106.11,off_peak,98.2,50.6796088463618
2025-01-15 02:00:00,49.49827321035912,0.0,102.0,off_peak,98.2,49.49827321035912
2025-01-15 03:00:00,48.996748173289745,0.0,101.52,off_peak,98.2,48.996748173289745
2025-01-15 04:00:00,49.56338619817029,0.0,101.58,off_peak,98.2,49.56338619817029
2025-01-15 05:00:00,51.186559965748785,0.0,101.97,off_peak,98.2,51.186559965748785
2025-01-15 06:00:00,54.434457810139364,0.0,102.14,off_peak,98.2,54.434457810139364
2025-01-15 07:00:00,59.3559144722004,0.0,131.65,off_peak,98.2,59.3559144722004
2025-01-15 08:00:00,64.69750493656687,0.0,141.81,mid_peak,115.1,64.69750493656687
2025-01-15 09:00:00,64.07893155236074,4.4448,148.19,on_peak,144.5,59.63413155236074
2025-01-15 10:00:00,62.1170152172408,12.7788,142.18,on_peak,144.5,49.3382152172408
2025-01-15 11:00:00,59.361340554518,21.5295,142.18,on_peak,144.5,37.831840554518
2025-01-15 12:00:00,56.139797967098616,27.5022,136.98,mid_peak,115.1,28.637597967098618
2025-01-15 13:00:00,58.25519491634489,29.7246,137.29,mid_peak,115.1,28.530594916344892
2025-01-15 14:00:00,59.58458508415631,29.030099999999997,138.86,mid_peak,115.1,30.554485084156312
2025-01-15 15:00:00,61.34651152814193,24.7242,138.59,mid_peak,115.1,36.622311528141935
2025-01-15 16:00:00,63.50454198131219,18.057,156.35,on_peak,144.5,45.447541981312185
2025-01-15 17:00:00,64.6246404025877,8.1951,138.73,on_peak,144.5,56.429540402587705
2025-01-15 18:00:00,63.722360428632896,0.9723,137.18,on_peak,144.5,62.7500604286329
2025-01-15 19:00:00,62.22166109050875,0.0,137.01,mid_peak,115.1,62.22166109050875
2025-01-15 20:00:00,59.86441590082098,0.0,136.24,mid_peak,115.1,59.86441590082098
2025-01-15 21:00:00,57.86374183486106,0.0,121.82,mid_peak,115.1,57.86374183486106
2025-01-15 22:00:00,57.40485030171566,0.0,118.14,off_peak,98.2,57.40485030171566
2025-01-15 23:00:00,56.82270918449912,0.0,121.32,off_peak,98.2,56.82270918449912
2025-01-16 00:00:00,53.81820988978363,0.0,108.07,off_peak,98.2,53.81820988978363
2025-01-16 01:00:00,51.86947118314929,0.0,106.76,off_peak,98.2,51.86947118314929
2025-01-16 02:00:00,50.70983987641699,0.0,106.34,off_peak,98.2,50.70983987641699
2025-01-16 03:00:00,49.95871505273812,0.0,101.97,off_peak,98.2,49.95871505273812
2025-01-16 04:00:00,50.067236699090074,0.0,106.76,off_peak,98.2,50.067236699090074
2025-01-16 05:00:00,51.40282810383589,0.0,102.05,off_peak,98.2,51.40282810383589
2025-01-16 06:00:00,54.386398223897785,0.0,105.25,off_peak,98.2,54.386398223897785
2025-01-16 07:00:00,59.066006645517334,0.0,136.78,off_peak,98.2,59.066006645517334
2025-01-16 08:00:00,65.06957915263071,0.0,144.48,mid_peak,115.1,65.06957915263071
2025-01-16 09:00:00,66.59198282002524,0.5556,157.34,on_peak,144.5,66.03638282002524
2025-01-16 10:00:00,65.34088326851058,1.8056999999999999,156.67,on_peak,144.5,63.53518326851058
2025-01-16 11:00:00,62.51932046335982,3.8892,148.76,on_peak,144.5,58.630120463359816
2025-01-16 12:00:00,59.16910220955169,6.5283,139.15,mid_peak,115.1,52.64080220955169
2025-01-16 13:00:00,61.14032040007322,7.639500000000001,139.28,mid_peak,115.1,53.50082040007322
2025-01-16 14:00:00,61.797651515119334,12.084299999999999,139.28,mid_peak,115.1,49.713351515119335
2025-01-16 15:00:00,62.255767893647935,4.028099999999999,139.28,mid_peak,115.1,58.22766789364793
2025-01-16 16:00:00,63.06270384973638,2.3613,139.29,on_peak,144.5,60.70140384973638
2025-01-16 17:00:00,63.7068573362969,1.389,138.58,on_peak,144.5,62.317857336296896
2025-01-16 18:00:00,62.77202086843651,0.1389,138.38,on_peak,144.5,62.633120868436514
2025-01-16 19:00:00,61.38139348589792,0.0,138.98,mid_peak,115.1,61.38139348589792
2025-01-16 20:00:00,59.10243891250692,0.0,138.57,mid_peak,115.1,59.10243891250692
2025-01-16 21:00:00,57.10641577424779,0.0,136.78,mid_peak,115.1,57.10641577424779
2025-01-16 22:00:00,56.896348873095086,0.0,114.49,off_peak,98.2,56.896348873095086
2025-01-16 23:00:00,56.35451579595212,0.0,114.7,off_peak,98.2,56.35451579595212
2025-01-17 00:00:00,53.51357412538137,0.0,108.26,off_peak,98.2,53.51357412538137
2025-01-17 01:00:00,51.53615469792543,0.0,115.79,off_peak,98.2,51.53615469792543
2025-01-17 02:00:00,50.2331197870852,0.0,102.0,off_peak,98.2,50.2331197870852
2025-01-17 03:00:00,49.654854442952654,0.0,101.75,off_peak,98.2,49.654854442952654
2025-01-17 04:00:00,49.93701072346773,0.0,102.0,off_peak,98.2,49.93701072346773
2025-01-17 05:00:00,51.3663958368463,0.0,106.5,off_peak,98.2,51.3663958368463
2025-01-17 06:00:00,54.23601822823865,0.0,111.06,off_peak,98.2,54.23601822823865
2025-01-17 07:00:00,58.78385036500226,0.0,138.88,off_peak,98.2,58.78385036500226
2025-01-17 08:00:00,63.96110805060719,0.0,142.97,mid_peak,115.1,63.96110805060719
2025-01-17 09:00:00,63.326256419448264,3.8892,158.68,on_peak,144.5,59.43705641944826
2025-01-17 10:00:00,60.340360835535975,11.8065,143.17,on_peak,144.5,48.533860835535975
2025-01-17 11:00:00,56.850614750703905,20.2794,145.73,on_peak,144.5,36.5712147507039
2025-01-17 12:00:00,52.90197713272643,25.279799999999998,136.23,mid_peak,115.1,27.62217713272643
2025-01-17 13:00:00,54.42515595473777,27.779999999999998,136.23,mid_peak,115.1,26.64515595473777
2025-01-17 14:00:00,55.74369395791399,26.668799999999997,138.88,mid_peak,115.1,29.074893957913993
2025-01-17 15:00:00,57.41725277558445,23.057399999999998,138.88,mid_peak,115.1,34.35985277558446
2025-01-17 16:00:00,59.862865591587386,16.9458,145.73,on_peak,144.5,42.91706559158739
2025-01-17 17:00:00,60.88606968576293,7.639500000000001,145.99,on_peak,144.5,53.246569685762935
2025-01-17 18:00:00,60.393071349478355,1.1112,138.57,on_peak,144.5,59.28187134947836
2025-01-17 19:00:00,59.61714157806189,0.0,136.15,mid_peak,115.1,59.61714157806189
2025-01-17 20:00:00,57.96916286274581,0.0,133.56,mid_peak,115.1,57.96916286274581
2025-01-17 21:00:00,56.259171778085765,0.0,129.2,mid_peak,115.1,56.259171778085765
2025-01-17 22:00:00,56.052980650017055,0.0,115.62,off_peak,98.2,56.052980650017055
2025-01-17 23:00:00,55.68788282550441,0.0,114.61,off_peak,98.2,55.68788282550441
2025-01-18 00:00:00,52.78415363097288,0.0,107.96,off_peak,98.2,52.78415363097288
2025-01-18 01:00:00,50.694336784080996,0.0,106.03,off_peak,98.2,50.694336784080996
2025-01-18 02:00:00,49.47811919032233,0.0,102.25,off_peak,98.2,49.47811919032233
2025-01-18 03:00:00,48.82776446682742,0.0,102.47,off_peak,98.2,48.82776446682742
2025-01-18 04:00:00,48.831640239911415,0.0,102.11,off_peak,98.2,48.831640239911415
2025-01-18 05:00:00,49.56648681663749,0.0,102.75,off_peak,98.2,49.56648681663749
2025-01-18 06:00:00,50.910604922168105,0.0,107.33,off_peak,98.2,50.910604922168105
2025-01-18 07:00:00,52.488044567355416,0.0,107.74,off_peak,98.2,52.488044567355416
2025-01-18 08:00:00,53.22676691716549,0.0,117.54,mid_peak,115.1,53.22676691716549
2025-01-18 09:00:00,50.98114399229687,4.583699999999999,138.53,mid_peak,115.1,46.39744399229687
2025-01-18 10:00:00,48.67195838885068,12.501,118.72,mid_peak,115.1,36.170958388850686
2025-01-18 11:00:00,46.18138660507338,20.4183,118.4,mid_peak,115.1,25.76308660507338
2025-01-18 12:00:00,43.88537863011278,25.279799999999998,117.24,mid_peak,115.1,18.605578630112785
2025-01-18 13:00:00,44.878351694233146,26.529899999999998,117.18,mid_peak,115.1,18.348451694233148
2025-01-18 14:00:00,46.382926805441286,23.8908,117.63,mid_peak,115.1,22.492126805441288
2025-01-18 15:00:00,48.47351880694997,16.668,117.18,mid_peak,115.1,31.80551880694997
2025-01-18 16:00:00,50.4772934913771,13.334399999999999,117.66,mid_peak,115.1,37.142893491377095
2025-01-18 17:00:00,52.31053416010829,5.2782,117.54,mid_peak,115.1,47.03233416010829
2025-01-18 18:00:00,53.33916433660144,0.8333999999999999,118.45,mid_peak,115.1,52.505764336601445
2025-01-18 19:00:00,53.05855836531996,0.0,118.12,mid_peak,115.1,53.05855836531996
2025-01-18 20:00:00,52.20201251375634,0.0,116.45,mid_peak,115.1,52.20201251375634
2025-01-18 21:00:00,51.29198099363354,0.0,107.63,mid_peak,115.1,51.29198099363354
2025-01-18 22:00:00,51.861719636981285,0.0,107.63,off_peak,98.2,51.861719636981285
2025-01-18 23:00:00,51.76405015526453,0.0,107.96,off_peak,98.2,51.76405015526453
2025-01-19 00:00:00,49.30448455615921,0.0,103.36,off_peak,98.2,49.30448455615921
2025-01-19 01:00:00,47.32784028332007,0.0,102.52,off_peak,98.2,47.32784028332007
2025-01-19 02:00:00,46.08759289644062,0.0,102.55,off_peak,98.2,46.08759289644062
2025-01-19 03:00:00,45.49149899612168,0.0,102.14,off_peak,98.2,45.49149899612168
2025-01-19 04:00:00,45.4488654921977,0.0,96.06,off_peak,98.2,45.4488654921977
2025-01-19 05:00:00,45.92403527229589,0.0,84.0,off_peak,98.2,45.92403527229589
2025-01-19 06:00:00,46.83561710165229,0.0,102.38,off_peak,98.2,46.83561710165229
2025-01-19 07:00:00,47.69603872629991,0.0,103.35,off_peak,98.2,47.69603872629991
2025-01-19 08:00:00,47.61619780076955,0.1389,108.18,off_peak,98.2,47.47729780076955
2025-01-19 09:00:00,45.73334723656317,1.5279,109.15,off_peak,98.2,44.20544723656317
2025-01-19 10:00:00,43.74895141755604,4.167,109.09,off_peak,98.2,39.58195141755604
2025-01-19 11:00:00,42.22499744092791,9.722999999999999,108.99,off_peak,98.2,32.50199744092791
2025-01-19 12:00:00,41.27698334458192,18.6126,133.53,off_peak,98.2,22.66438334458192
2025-01-19 13:00:00,41.35682427011229,25.8354,106.71,off_peak,98.2,15.521424270112291
2025-01-19 14:00:00,42.10329816609036,20.696099999999998,108.94,off_peak,98.2,21.407198166090364
2025-01-19 15:00:00,44.13420326210547,16.9458,108.99,off_peak,98.2,27.188403262105474
2025-01-19 16:00:00,46.71081720834754,9.0285,109.04,off_peak,98.2,37.68231720834754
2025-01-19 17:00:00,49.740121450800615,2.9169,118.06,off_peak,98.2,46.82322145080062
2025-01-19 18:00:00,51.598942221886205,0.5556,139.27,off_peak,98.2,51.043342221886206
2025-01-19 19:00:00,51.55165779026142,0.0,119.11,off_peak,98.2,51.55165779026142
2025-01-19 20:00:00,50.82921368740414,0.0,113.44,off_peak,98.2,50.82921368740414
2025-01-19 21:00:00,50.04553236981968,0.0,107.74,off_peak,98.2,50.04553236981968
2025-01-19 22:00:00,49.59284207360868,0.0,108.38,off_peak,98.2,49.59284207360868
2025-01-19 23:00:00,49.24944857836643,0.0,108.4,off_peak,98.2,49.24944857836643
2025-01-20 00:00:00,47.13250131988656,0.0,117.61,off_peak,98.2,47.13250131988656
2025-01-20 01:00:00,45.37367549436813,0.0,80.3,off_peak,98.2,45.37367549436813
2025-01-20 02:00:00,44.36364902867817,0.0,80.3,off_peak,98.2,44.36364902867817
2025-01-20 03:00:00,44.09389522203189,0.0,80.3,off_peak,98.2,44.09389522203189
2025-01-20 04:00:00,44.70936798777082,0.0,80.3,off_peak,98.2,44.70936798777082
2025-01-20 05:00:00,46.60927195354679,0.0,95.31,off_peak,98.2,46.60927195354679
2025-01-20 06:00:00,50.31838679493316,0.0,101.84,off_peak,98.2,50.31838679493316
2025-01-20 07:00:00,55.911902509759514,0.0,116.05,off_peak,98.2,55.911902509759514
2025-01-20 08:00:00,62.46583479480064,0.1389,138.59,mid_peak,115.1,62.32693479480064
2025-01-20 09:00:00,63.62624125614973,1.6667999999999998,153.41,on_peak,144.5,61.95944125614973
2025-01-20 10:00:00,61.8743918221825,7.0839,165.68,on_peak,144.5,54.7904918221825
2025-01-20 11:00:00,59.357464781434004,7.222799999999999,164.5,on_peak,144.5,52.134664781434005
2025-01-20 12:00:00,56.155301059434606,10.9731,138.62,mid_peak,115.1,45.182201059434604
2025-01-20 13:00:00,57.9962932743338,18.334799999999998,138.62,mid_peak,115.1,39.66149327433381
2025-01-20 14:00:00,58.88849623827021,22.7796,138.62,mid_peak,115.1,36.108896238270205
2025-01-20 15:00:00,60.067506410422496,17.5014,138.59,mid_peak,115.1,42.56610641042249
2025-01-20 16:00:00,61.2015576148004,12.639899999999999,138.62,on_peak,144.5,48.5616576148004
2025-01-20 17:00:00,61.51472007998746,5.6949,138.59,on_peak,144.5,55.819820079987466
2025-01-20 18:00:00,61.09768689614924,0.8333999999999999,136.63,on_peak,144.5,60.264286896149244
2025-01-20 19:00:00,60.0442517719185,0.0,136.56,mid_peak,115.1,60.0442517719185
2025-01-20 20:00:00,57.88234554566425,0.0,132.06,mid_peak,115.1,57.88234554566425
2025-01-20 21:00:00,55.859191995817135,0.0,138.57,mid_peak,115.1,55.859191995817135
2025-01-20 22:00:00,55.526650665210084,0.0,117.41,off_peak,98.2,55.526650665210084
2025-01-20 23:00:00,54.86156800399598,0.0,116.84,off_peak,98.2,54.86156800399598
2025-01-21 00:00:00,51.98806983951963,0.0,107.71,off_peak,98.2,51.98806983951963
2025-01-21 01:00:00,50.05948515292208,0.0,102.01,off_peak,98.2,50.05948515292208
2025-01-21 02:00:00,48.899853846189785,0.0,102.01,off_peak,98.2,48.899853846189785
2025-01-21 03:00:00,48.51227653778995,0.0,101.75,off_peak,98.2,48.51227653778995
2025-01-21 04:00:00,48.72621921202666,0.0,101.93,off_peak,98.2,48.72621921202666
2025-01-21 05:00:00,50.11219566686445,0.0,102.33,off_peak,98.2,50.11219566686445
2025-01-21 06:00:00,53.098866405393544,0.0,113.13,off_peak,98.2,53.098866405393544
2025-01-21 07:00:00,57.7784748270131,0.0,129.58,off_peak,98.2,57.7784748270131
2025-01-21 08:00:00,62.925501482562844,0.0,145.23,mid_peak,115.1,62.925501482562844
2025-01-21 09:00:00,63.303776935561075,3.0558,166.26,on_peak,144.5,60.24797693556108
2025-01-21 10:00:00,60.9597093743589,7.3617,152.35,on_peak,144.5,53.5980093743589
2025-01-21 11:00:00,57.80095431090029,15.417900000000001,146.53,on_peak,144.5,42.383054310900285
2025-01-21 12:00:00,53.69263484186209,21.3906,136.7,mid_peak,115.1,32.30203484186209
2025-01-21 13:00:00,55.11194294522227,23.613,137.42,mid_peak,115.1,31.498942945222268
2025-01-21 14:00:00,56.18320662563939,22.6407,137.42,mid_peak,115.1,33.54250662563939
2025-01-21 15:00:00,57.82265864017068,15.140100000000002,137.72,mid_peak,115.1,42.682558640170676
2025-01-21 16:00:00,59.76519610987063,8.8896,138.58,on_peak,144.5,50.87559610987063
2025-01-21 17:00:00,60.77522257556058,5.2782,138.62,on_peak,144.5,55.497022575560585
2025-01-21 18:00:00,60.69228103156302,0.8333999999999999,136.71,on_peak,144.5,59.85888103156302
2025-01-21 19:00:00,59.64659745350028,0.0,136.72,mid_peak,115.1,59.64659745350028
2025-01-21 20:00:00,57.683905963763536,0.0,136.44,mid_peak,115.1,57.683905963763536
2025-01-21 21:00:00,55.78167653413717,0.0,131.72,mid_peak,115.1,55.78167653413717
2025-01-21 22:00:00,55.570834478367665,0.0,129.07,off_peak,98.2,55.570834478367665
2025-01-21 23:00:00,54.891023879434364,0.0,129.58,off_peak,98.2,54.891023879434364
2025-01-22 00:00:00,52.018300869574816,0.0,110.11,off_peak,98.2,52.018300869574816
2025-01-22 01:00:00,49.970342371990114,0.0,102.03,off_peak,98.2,49.970342371990114
2025-01-22 02:00:00,48.80838560140742,0.0,101.71,off_peak,98.2,48.80838560140742
2025-01-22 03:00:00,48.303759945870844,0.0,101.84,off_peak,98.2,48.303759945870844
2025-01-22 04:00:00,48.623898802609105,0.0,102.03,off_peak,98.2,48.623898802609105
2025-01-22 05:00:00,49.9943721651109,0.0,106.56,off_peak,98.2,49.9943721651109
2025-01-22 06:00:00,52.93220816278162,0.0,107.39,off_peak,98.2,52.93220816278162
2025-01-22 07:00:00,57.35756587009088,0.0,138.88,off_peak,98.2,57.35756587009088
2025-01-22 08:00:00,62.17127604041677,0.0,144.95,mid_peak,115.1,62.17127604041677
2025-01-22 09:00:00,62.61466448122618,3.4724999999999997,156.44,on_peak,144.5,59.14216448122618
2025-01-22 10:00:00,60.82948339873656,6.1116,155.89,on_peak,144.5,54.71788339873656
2025-01-22 11:00:00,58.04745347904258,7.5005999999999995,148.76,on_peak,144.5,50.54685347904258
2025-01-22 12:00:00,54.31973492685301,18.8904,138.69,mid_peak,115.1,35.42933492685301
2025-01-22 13:00:00,56.37777043445611,26.9466,138.77,mid_peak,115.1,29.43117043445611
2025-01-22 14:00:00,57.5397272050388,26.391,138.77,mid_peak,115.1,31.148727205038803
2025-01-22 15:00:00,58.6761038732671,19.7238,145.89,mid_peak,115.1,38.9523038732671
2025-01-22 16:00:00,59.66597631892027,12.9177,138.77,on_peak,144.5,46.748276318920276
2025-01-22 17:00:00,59.956659300220146,7.917299999999999,137.09,on_peak,144.5,52.03935930022015
2025-01-22 18:00:00,59.77837373835622,0.9723,136.82,on_peak,144.5,58.806073738356226
2025-01-22 19:00:00,58.73036469644308,0.0,138.98,mid_peak,115.1,58.73036469644308
2025-01-22 20:00:00,57.04750402337102,0.0,138.59,mid_peak,115.1,57.04750402337102
2025-01-22 21:00:00,55.27860118783419,0.0,121.72,mid_peak,115.1,55.27860118783419
2025-01-22 22:00:00,55.20186088077102,0.0,115.48,off_peak,98.2,55.20186088077102
2025-01-22 23:00:00,54.522825436454525,0.0,114.68,off_peak,98.2,54.522825436454525
2025-01-23 00:00:00,51.77025139219893,0.0,108.39,off_peak,98.2,51.77025139219893
2025-01-23 01:00:00,49.80368412937819,0.0,101.62,off_peak,98.2,49.80368412937819
2025-01-23 02:00:00,48.82078807527622,0.0,101.62,off_peak,98.2,48.82078807527622
2025-01-23 03:00:00,48.31693757435644,0.0,83.71,off_peak,98.2,48.31693757435644
2025-01-23 04:00:00,48.733195603577855,0.0,101.44,off_peak,98.2,48.733195603577855
2025-01-23 05:00:00,50.25172349788839,0.0,101.86,off_peak,98.2,50.25172349788839
2025-01-23 06:00:00,53.27172588493987,0.0,106.57,off_peak,98.2,53.27172588493987
2025-01-23 07:00:00,57.753669879275506,0.0,129.7,off_peak,98.2,57.753669879275506
2025-01-23 08:00:00,62.598386234273384,0.0,141.34,mid_peak,115.1,62.598386234273384
2025-01-23 09:00:00,61.97903769545046,4.583699999999999,151.45,on_peak,144.5,57.39533769545046
2025-01-23 10:00:00,58.97608870996857,13.0566,143.52,on_peak,144.5,45.919488709968576
2025-01-23 11:00:00,55.225115519275015,22.0851,143.25,on_peak,144.5,33.14001551927501
2025-01-23 12:00:00,51.086565020181624,27.3633,136.55,mid_peak,115.1,23.723265020181625
2025-01-23 13:00:00,52.63377363531375,29.7246,144.22,mid_peak,115.1,22.909173635313753
2025-01-23 14:00:00,53.70426216111408,29.169,138.59,mid_peak,115.1,24.53526216111408
2025-01-23 15:00:00,55.363093041065355,25.5576,136.77,mid_peak,115.1,29.805493041065354
2025-01-23 16:00:00,57.82420894940428,18.8904,138.88,on_peak,144.5,38.93380894940428
2025-01-23 17:00:00,59.314831277510024,9.3063,136.77,on_peak,144.5,50.00853127751002
2025-01-23 18:00:00,59.514046014027535,1.6667999999999998,136.76,on_peak,144.5,57.84724601402753
2025-01-23 19:00:00,58.94585767991339,0.0,136.77,mid_peak,115.1,58.94585767991339
2025-01-23 20:00:00,57.24904422373893,0.0,136.77,mid_peak,115.1,57.24904422373893
2025-01-23 21:00:00,55.519674273658886,0.0,118.47,mid_peak,115.1,55.519674273658886
2025-01-23 22:00:00,55.51269788210769,0.0,118.47,off_peak,98.2,55.51269788210769
2025-01-23 23:00:00,55.0336523289255,0.0,114.83,off_peak,98.2,55.0336523289255
2025-01-24 00:00:00,52.19271065835474,0.0,118.47,off_peak,98.2,52.19271065835474
2025-01-24 01:00:00,50.126923604583645,0.0,107.85,off_peak,98.2,50.126923604583645
2025-01-24 02:00:00,48.918457556992976,0.0,102.41,off_peak,98.2,48.918457556992976
2025-01-24 03:00:00,48.48824674466916,0.0,101.78,off_peak,98.2,48.48824674466916
2025-01-24 04:00:00,48.76575209748344,0.0,101.95,off_peak,98.2,48.76575209748344
2025-01-24 05:00:00,50.283504837177176,0.0,102.31,off_peak,98.2,50.283504837177176
2025-01-24 06:00:00,53.22366629869829,0.0,108.61,off_peak,98.2,53.22366629869829
2025-01-24 07:00:00,57.668402871427546,0.0,129.7,off_peak,98.2,57.668402871427546
2025-01-24 08:00:00,61.79842666973614,0.1389,138.86,mid_peak,115.1,61.65952666973614
2025-01-24 09:00:00,59.737290543665836,5.0004,156.44,on_peak,144.5,54.73689054366584
2025-01-24 10:00:00,56.3948238360257,13.889999999999999,153.54,on_peak,144.5,42.5048238360257
2025-01-24 11:00:00,52.95158702820161,21.9462,142.93,on_peak,144.5,31.005387028201607
2025-01-24 12:00:00,49.357970224718386,27.2244,137.04,mid_peak,115.1,22.133570224718387
2025-01-24 13:00:00,50.792781420414556,29.7246,137.04,mid_peak,115.1,21.068181420414557
2025-01-24 14:00:00,51.796606649170116,28.0578,138.58,mid_peak,115.1,23.738806649170115
2025-01-24 15:00:00,53.236843927183884,23.4741,137.04,mid_peak,115.1,29.762743927183884
2025-01-24 16:00:00,54.84451460242638,16.9458,138.87,on_peak,144.5,37.89871460242638
2025-01-24 17:00:00,55.89562426280672,8.1951,136.74,on_peak,144.5,47.700524262806724
2025-01-24 18:00:00,56.33513693053213,1.5279,139.43,on_peak,144.5,54.80723693053213
2025-01-24 19:00:00,56.000270136074676,0.0,132.84,mid_peak,115.1,56.000270136074676
2025-01-24 20:00:00,54.79180408848401,0.0,118.77,mid_peak,115.1,54.79180408848401
2025-01-24 21:00:00,53.32598670811585,0.0,108.61,mid_peak,115.1,53.32598670811585
2025-01-24 22:00:00,53.57791195857573,0.0,118.47,off_peak,98.2,53.57791195857573
2025-01-24 23:00:00,53.236843927183884,0.0,132.76,off_peak,98.2,53.236843927183884
2025-01-25 00:00:00,50.51992699530108,0.0,128.85,off_peak,98.2,50.51992699530108
2025-01-25 01:00:00,48.489021899285966,0.0,100.77,off_peak,98.2,48.489021899285966
2025-01-25 02:00:00,47.216218018500925,0.0,107.38,off_peak,98.2,47.216218018500925
2025-01-25 03:00:00,46.510827317213234,0.0,101.33,off_peak,98.2,46.510827317213234
2025-01-25 04:00:00,46.60539618046279,0.0,99.39,off_peak,98.2,46.60539618046279
2025-01-25 05:00:00,47.30613595404968,0.0,101.37,off_peak,98.2,47.30613595404968
2025-01-25 06:00:00,48.45569025076358,0.0,117.4,off_peak,98.2,48.45569025076358
2025-01-25 07:00:00,49.64245196908386,0.0,116.26,off_peak,98.2,49.64245196908386
2025-01-25 08:00:00,49.86647165333896,0.1389,118.79,mid_peak,115.1,49.72757165333896
2025-01-25 09:00:00,47.46581780511041,5.4171,135.88,mid_peak,115.1,42.048717805110414
2025-01-25 10:00:00,45.42483569907691,13.889999999999999,151.24,mid_peak,115.1,31.534835699076908
2025-01-25 11:00:00,43.35594802683861,22.224,146.35,mid_peak,115.1,21.13194802683861
2025-01-25 12:00:00,41.390155918634676,27.779999999999998,128.48,mid_peak,115.1,13.610155918634678
2025-01-25 13:00:00,41.93276415039443,30.558000000000003,116.6,mid_peak,115.1,11.37476415039443
2025-01-25 14:00:00,43.21486988658108,29.7246,116.05,mid_peak,115.1,13.490269886581078
2025-01-25 15:00:00,45.07911673998426,15.140100000000002,115.78,mid_peak,115.1,29.939016739984254
2025-01-25 16:00:00,47.27668007861129,6.8061,120.95,mid_peak,115.1,40.47058007861129
2025-01-25 17:00:00,49.39207702785757,8.4729,138.61,mid_peak,115.1,40.91917702785757
2025-01-25 18:00:00,50.71139018565059,1.9446,138.62,mid_peak,115.1,48.76679018565059
2025-01-25 19:00:00,50.51837668606748,0.0,138.62,mid_peak,115.1,50.51837668606748
2025-01-25 20:00:00,49.79825804706059,0.0,117.84,mid_peak,115.1,49.79825804706059
2025-01-25 21:00:00,48.72001797509226,0.0,117.49,mid_peak,115.1,48.72001797509226
2025-01-25 22:00:00,49.36262115241918,0.0,116.97,off_peak,98.2,49.36262115241918
2025-01-25 23:00:00,49.20526476520885,0.0,116.47,off_peak,98.2,49.20526476520885
2025-01-26 00:00:00,46.67516009597476,0.0,118.27,off_peak,98.2,46.67516009597476
2025-01-26 01:00:00,44.81478901565557,0.0,86.29,off_peak,98.2,44.81478901565557
2025-01-26 02:00:00,43.54198513487053,0.0,82.74,off_peak,98.2,43.54198513487053
2025-01-26 03:00:00,42.94821669840199,0.0,80.92,off_peak,98.2,42.94821669840199
2025-01-26 04:00:00,43.01332968621316,0.0,80.92,off_peak,98.2,43.01332968621316
2025-01-26 05:00:00,43.70244214054806,0.0,81.1,off_peak,98.2,43.70244214054806
2025-01-26 06:00:00,44.71169345162122,0.0,83.08,off_peak,98.2,44.71169345162122
2025-01-26 07:00:00,45.538008273129655,0.0,98.48,off_peak,98.2,45.538008273129655
2025-01-26 08:00:00,45.31398858887456,0.1389,106.56,off_peak,98.2,45.17508858887456
2025-01-26 09:00:00,43.34277039835302,3.6113999999999997,117.72,off_peak,98.2,39.73137039835302
2025-01-26 10:00:00,42.09167084683837,7.3617,147.05,off_peak,98.2,34.72997084683837
2025-01-26 11:00:00,41.72192209462493,18.7515,139.37,off_peak,98.2,22.97042209462493
2025-01-26 12:00:00,42.67846289175571,20.835,118.64,off_peak,98.2,21.843462891755706
2025-01-26 13:00:00,43.91018357785037,14.0289,120.92,off_peak,98.2,29.88128357785037
2025-01-26 14:00:00,44.789984067917985,14.1678,120.95,off_peak,98.2,30.622184067917985
2025-01-26 15:00:00,45.51707909847607,8.6118,117.62,off_peak,98.2,36.905279098476065
2025-01-26 16:00:00,46.524780100315624,5.556,117.62,off_peak,98.2,40.96878010031563
2025-01-26 17:00:00,48.29213262661885,3.1947,117.45,off_peak,98.2,45.097432626618854
2025-01-26 18:00:00,49.62462341289747,0.6945,117.73,off_peak,98.2,48.93012341289747
2025-01-26 19:00:00,49.25720012453443,0.0,117.72,off_peak,98.2,49.25720012453443
2025-01-26 20:00:00,48.59754354563792,0.0,116.4,off_peak,98.2,48.59754354563792
2025-01-26 21:00:00,47.82083861960466,0.0,116.3,off_peak,98.2,47.82083861960466
2025-01-26 22:00:00,47.60844625460155,0.0,117.07,off_peak,98.2,47.60844625460155
2025-01-26 23:00:00,47.47589481512881,0.0,115.88,off_peak,98.2,47.47589481512881
2025-01-27 00:00:00,45.35972271126573,0.0,96.72,off_peak,98.2,45.35972271126573
2025-01-27 01:00:00,43.50787833173135,0.0,85.16,off_peak,98.2,43.50787833173135
2025-01-27 02:00:00,42.2451514609647,0.0,80.92,off_peak,98.2,42.2451514609647
2025-01-27 03:00:00,41.64750725141216,0.0,80.92,off_peak,98.2,41.64750725141216
2025-01-27 04:00:00,41.728123331559324,0.0,80.92,off_peak,98.2,41.728123331559324
2025-01-27 05:00:00,42.51723073146138,0.0,100.11,off_peak,98.2,42.51723073146138
2025-01-27 06:00:00,43.59159503034571,0.0,104.21,off_peak,98.2,43.59159503034571
2025-01-27 07:00:00,44.718669843172414,0.0,108.26,off_peak,98.2,44.718669843172414
2025-01-27 08:00:00,45.98759795087346,0.0,118.3,mid_peak,115.1,45.98759795087346
2025-01-27 09:00:00,46.63330174666758,0.8333999999999999,139.36,on_peak,144.5,45.79990174666758
2025-01-27 10:00:00,46.82554009163389,2.5002,142.98,on_peak,144.5,44.32534009163389
2025-01-27 11:00:00,45.46901951223449,3.0558,154.93,on_peak,144.5,42.41321951223449
2025-01-27 12:00:00,44.242724908457426,8.1951,141.33,mid_peak,115.1,36.04762490845742
2025-01-27 13:00:00,43.76290420065843,18.7515,134.23,mid_peak,115.1,25.011404200658433
2025-01-27 14:00:00,43.41020885001459,19.8627,133.68,mid_peak,115.1,23.54750885001459
2025-01-27 15:00:00,44.600846341418865,7.7784,132.51,mid_peak,115.1,36.82244634141887
2025-01-27 16:00:00,46.30696165299492,3.8892,132.51,on_peak,144.5,42.41776165299492
2025-01-27 17:00:00,48.30918602818844,2.3613,133.24,on_peak,144.5,45.94788602818844
2025-01-27 18:00:00,49.68663578224144,0.6945,139.35,on_peak,144.5,48.99213578224144
2025-01-27 19:00:00,49.45874032490234,0.0,132.52,mid_peak,115.1,49.45874032490234
2025-01-27 20:00:00,48.50142437315476,0.0,118.3,mid_peak,115.1,48.50142437315476
2025-01-27 21:00:00,47.4952736805488,0.0,121.62,mid_peak,115.1,47.4952736805488
2025-01-27 22:00:00,48.144853249426916,0.0,114.25,off_peak,98.2,48.144853249426916
2025-01-27 23:00:00,48.126249538623725,0.0,104.6,off_peak,98.2,48.126249538623725
2025-01-28 00:00:00,45.8930290876239,0.0,96.06,off_peak,98.2,45.8930290876239
2025-01-28 01:00:00,44.04893625425751,0.0,82.26,off_peak,98.2,44.04893625425751
2025-01-28 02:00:00,42.74125041571648,0.0,80.92,off_peak,98.2,42.74125041571648
2025-01-28 03:00:00,42.052913115998386,0.0,80.92,off_peak,98.2,42.052913115998386
2025-01-28 04:00:00,42.08081868220317,0.0,80.92,off_peak,98.2,42.08081868220317
2025-01-28 05:00:00,42.49475124757419,0.0,81.77,off_peak,98.2,42.49475124757419
2025-01-28 06:00:00,43.218745659665075,0.0,83.35,off_peak,98.2,43.218745659665075
2025-01-28 07:00:00,43.67763719281047,0.0,83.35,off_peak,98.2,43.67763719281047
2025-01-28 08:00:00,43.92026058786877,0.0,80.33,off_peak,98.2,43.92026058786877
2025-01-28 09:00:00,43.72337131520165,1.5279,79.87,off_peak,98.2,42.19547131520165
2025-01-28 10:00:00,43.90165687706558,7.917299999999999,78.51,off_peak,98.2,35.98435687706558
2025-01-28 11:00:00,43.67143595587608,12.9177,78.51,off_peak,98.2,30.753735955876078
2025-01-28 12:00:00,43.104797930995524,10.5564,78.51,off_peak,98.2,32.54839793099552
2025-01-28 13:00:00,42.65908402633572,10.1397,78.51,off_peak,98.2,32.51938402633572
2025-01-28 14:00:00,42.81333979507885,10.0008,78.51,off_peak,98.2,32.812539795078855
2025-01-28 15:00:00,43.389279675360996,11.112,79.87,off_peak,98.2,32.277279675360994
2025-01-28 16:00:00,44.88300262193395,8.334,80.33,off_peak,98.2,36.54900262193395
2025-01-28 17:00:00,46.751125248421125,5.8338,80.33,off_peak,98.2,40.91732524842112
2025-01-28 18:00:00,48.01850304688857,1.389,88.53,off_peak,98.2,46.629503046888566
2025-01-28 19:00:00,47.740997694074295,0.0,88.53,off_peak,98.2,47.740997694074295
2025-01-28 20:00:00,47.069713795925786,0.0,88.53,off_peak,98.2,47.069713795925786
2025-01-28 21:00:00,46.3449442292181,0.0,88.53,off_peak,98.2,46.3449442292181
2025-01-28 22:00:00,46.280606396023735,0.0,88.53,off_peak,98.2,46.280606396023735
2025-01-28 23:00:00,46.41083237164607,0.0,88.53,off_peak,98.2,46.41083237164607
2025-01-29 00:00:00,44.524106034355704,0.0,95.74,off_peak,98.2,44.524106034355704
2025-01-29 01:00:00,42.74590134341728,0.0,77.88,off_peak,98.2,42.74590134341728
2025-01-29 02:00:00,41.5444116873778,0.0,77.07,off_peak,98.2,41.5444116873778
2025-01-29 03:00:00,40.90103335543409,0.0,77.07,off_peak,98.2,40.90103335543409
2025-01-29 04:00:00,40.887855726948494,0.0,77.07,off_peak,98.2,40.887855726948494
2025-01-29 05:00:00,41.411085093288264,0.0,77.07,off_peak,98.2,41.411085093288264
2025-01-29 06:00:00,42.2451514609647,0.0,80.07,off_peak,98.2,42.2451514609647
2025-01-29 07:00:00,43.02340669623156,0.0,80.07,off_peak,98.2,43.02340669623156
2025-01-29 08:00:00,42.57691763695495,0.2778,77.49,off_peak,98.2,42.29911763695495
2025-01-29 09:00:00,40.50337903701586,2.9169,76.68,off_peak,98.2,37.58647903701586
2025-01-29 10:00:00,39.259255877052404,9.8619,70.92,off_peak,98.2,29.397355877052405
2025-01-29 11:00:00,38.20272013435447,12.3621,70.92,off_peak,98.2,25.840620134354474
2025-01-29 12:00:00,37.622904480988325,25.6965,6.69,off_peak,98.2,11.926404480988325
2025-01-29 13:00:00,37.07331985767736,32.5026,70.92,off_peak,98.2,4.570719857677361
2025-01-29 14:00:00,37.24230356413969,34.863899999999994,70.92,off_peak,98.2,2.3784035641396954
2025-01-29 15:00:00,38.28178590526804,22.918499999999998,70.92,off_peak,98.2,15.36328590526804
2025-01-29 16:00:00,40.724298102803765,18.195899999999998,76.68,off_peak,98.2,22.528398102803767
2025-01-29 17:00:00,43.733448325220046,9.722999999999999,96.71,off_peak,98.2,34.01044832522005
2025-01-29 18:00:00,45.960467539285474,2.2224,97.63,off_peak,98.2,43.738067539285474
2025-01-29 19:00:00,46.10852207109421,0.0,97.63,off_peak,98.2,46.10852207109421
2025-01-29 20:00:00,45.8945793968575,0.0,97.63,off_peak,98.2,45.8945793968575
2025-01-29 21:00:00,45.636452909463216,0.0,97.63,off_peak,98.2,45.636452909463216
2025-01-29 22:00:00,45.8976800153247,0.0,97.63,off_peak,98.2,45.8976800153247
2025-01-29 23:00:00,46.27673062293973,0.0,97.63,off_peak,98.2,46.27673062293973
2025-01-30 00:00:00,44.5349581989909,0.0,97.63,off_peak,98.2,44.5349581989909
2025-01-30 01:00:00,42.90635834909481,0.0,85.81,off_peak,98.2,42.90635834909481
2025-01-30 02:00:00,41.74052580542812,0.0,81.14,off_peak,98.2,41.74052580542812
2025-01-30 03:00:00,41.22582313987314,0.0,79.87,off_peak,98.2,41.22582313987314
2025-01-30 04:00:00,41.13125427662359,0.0,79.87,off_peak,98.2,41.13125427662359
2025-01-30 05:00:00,41.63355446830977,0.0,97.63,off_peak,98.2,41.63355446830977
2025-01-30 06:00:00,42.416460631277424,0.0,97.63,off_peak,98.2,42.416460631277424
2025-01-30 07:00:00,43.06836566400594,0.0,97.63,off_peak,98.2,43.06836566400594
2025-01-30 08:00:00,43.01643030468036,0.1389,97.63,off_peak,98.2,42.87753030468036
2025-01-30 09:00:00,41.5459619966114,3.6113999999999997,107.7,off_peak,98.2,37.93456199661141
2025-01-30 10:00:00,40.592521817947826,12.084299999999999,109.31,off_peak,98.2,28.508221817947828
2025-01-30 11:00:00,39.29026206172439,16.9458,109.28,off_peak,98.2,22.344462061724393
2025-01-30 12:00:00,38.19574374280327,19.445999999999998,109.39,off_peak,98.2,18.749743742803275
2025-01-30 13:00:00,37.992653233201764,23.8908,103.7,off_peak,98.2,14.101853233201766
2025-01-30 14:00:00,38.69571847063905,15.973499999999998,98.47,off_peak,98.2,22.722218470639053
2025-01-30 15:00:00,40.473923161577474,9.8619,76.68,off_peak,98.2,30.612023161577476
2025-01-30 16:00:00,43.41408462309859,5.556,98.42,off_peak,98.2,37.85808462309859
2025-01-30 17:00:00,46.83716741088589,2.9169,104.3,off_peak,98.2,43.92026741088589
2025-01-30 18:00:00,48.97814446248655,0.8333999999999999,104.62,off_peak,98.2,48.14474446248655
2025-01-30 19:00:00,49.00139910099054,0.0,104.62,off_peak,98.2,49.00139910099054
2025-01-30 20:00:00,48.375074170616415,0.0,104.62,off_peak,98.2,48.375074170616415
2025-01-30 21:00:00,47.32784028332007,0.0,104.62,off_peak,98.2,47.32784028332007
2025-01-30 22:00:00,47.07358956900978,0.0,104.44,off_peak,98.2,47.07358956900978
2025-01-30 23:00:00,46.890653079445066,0.0,104.46,off_peak,98.2,46.890653079445066
2025-01-31 00:00:00,44.88145231270035,0.0,115.34,off_peak,98.2,44.88145231270035
2025-01-31 01:00:00,43.029607933165956,0.0,81.96,off_peak,98.2,43.029607933165956
2025-01-31 02:00:00,41.84284621484568,0.0,81.79,off_peak,98.2,41.84284621484568
2025-01-31 03:00:00,41.3405460231595,0.0,81.06,off_peak,98.2,41.3405460231595
2025-01-31 04:00:00,41.652933333729756,0.0,81.13,off_peak,98.2,41.652933333729756
2025-01-31 05:00:00,42.87535216442282,0.0,81.96,off_peak,98.2,42.87535216442282
2025-01-31 06:00:00,45.323290444276154,0.0,101.63,off_peak,98.2,45.323290444276154
2025-01-31 07:00:00,49.039381677213726,0.0,108.27,off_peak,98.2,49.039381677213726
2025-01-31 08:00:00,53.52287598078296,0.1389,151.51,mid_peak,115.1,53.383975980782964
2025-01-31 09:00:00,55.245269539311806,1.389,164.38,on_peak,144.5,53.8562695393118
2025-01-31 10:00:00,55.42898118349333,3.4724999999999997,155.33,on_peak,144.5,51.95648118349333
2025-01-31 11:00:00,54.8104077992872,2.6391,150.48,on_peak,144.5,52.1713077992872
2025-01-31 12:00:00,53.95618741157397,4.4448,136.63,mid_peak,115.1,49.51138741157397
2025-01-31 13:00:00,55.12357026447426,3.1947,138.88,mid_peak,115.1,51.92887026447426
2025-01-31 14:00:00,54.884047487883166,2.778,136.63,mid_peak,115.1,52.10604748788317
2025-01-31 15:00:00,54.720489863738436,3.6113999999999997,136.63,mid_peak,115.1,51.10908986373843
2025-01-31 16:00:00,55.19410933460303,2.6391,136.36,on_peak,144.5,52.55500933460303
2025-01-31 17:00:00,55.29100366170299,0.8333999999999999,133.09,on_peak,144.5,54.45760366170299
2025-01-31 18:00:00,54.391824306215376,0.2778,133.17,on_peak,144.5,54.11402430621538
2025-01-31 19:00:00,53.25157186490308,0.0,132.45,mid_peak,115.1,53.25157186490308
2025-01-31 20:00:00,51.49739696708545,0.0,138.58,mid_peak,115.1,51.49739696708545
2025-01-31 21:00:00,49.765701553155004,0.0,114.6,mid_peak,115.1,49.765701553155004
2025-01-31 22:00:00,49.83081454096618,0.0,116.3,off_peak,98.2,49.83081454096618
2025-01-31 23:00:00,49.56183588893669,0.0,107.33,off_peak,98.2,49.56183588893669
2025-02-01 00:00:00,47.06428771360819,0.0,103.21,off_peak,98.2,47.06428771360819
2025-02-01 01:00:00,45.038808699910675,0.0,98.71,off_peak,98.2,45.038808699910675
2025-02-01 02:00:00,43.87452646547759,0.0,82.77,off_peak,98.2,43.87452646547759
2025-02-01 03:00:00,43.23037297891707,0.0,82.77,off_peak,98.2,43.23037297891707
2025-02-01 04:00:00,43.217195350431474,0.0,82.77,off_peak,98.2,43.217195350431474
2025-02-01 05:00:00,43.922586051719165,0.0,82.77,off_peak,98.2,43.922586051719165
2025-02-01 06:00:00,45.084542822301856,0.0,84.47,off_peak,98.2,45.084542822301856
2025-02-01 07:00:00,46.41160752626288,0.0,84.47,off_peak,98.2,46.41160752626288
2025-02-01 08:00:00,48.209966237238085,0.0,99.51,mid_peak,115.1,48.209966237238085
2025-02-01 09:00:00,50.11839690379885,2.9169,105.95,mid_peak,115.1,47.201496903798855
2025-02-01 10:00:00,51.53460438869183,7.0839,132.56,mid_peak,115.1,44.45070438869183
2025-02-01 11:00:00,51.21291522271997,15.973499999999998,151.16,mid_peak,115.1,35.23941522271997
2025-02-01 12:00:00,49.29750816460801,19.445999999999998,113.57,mid_peak,115.1,29.851508164608013
2025-02-01 13:00:00,48.10609551858693,25.6965,110.31,mid_peak,115.1,22.409595518586933
2025-02-01 14:00:00,46.752675557654726,29.4468,104.88,mid_peak,115.1,17.305875557654726
2025-02-01 15:00:00,46.62942597358358,24.8631,104.97,mid_peak,115.1,21.76632597358358
2025-02-01 16:00:00,47.958816141395,17.9181,105.01,mid_peak,115.1,30.040716141395
2025-02-01 17:00:00,49.82306299479818,9.167399999999999,103.66,mid_peak,115.1,40.65566299479818
2025-02-01 18:00:00,51.12222213255441,2.3613,103.6,mid_peak,115.1,48.76092213255441
2025-02-01 19:00:00,50.675733073277804,0.0,103.41,mid_peak,115.1,50.675733073277804
2025-02-01 20:00:00,49.87189773565656,0.0,103.23,mid_peak,115.1,49.87189773565656
2025-02-01 21:00:00,48.91768240237618,0.0,100.17,mid_peak,115.1,48.91768240237618
2025-02-01 22:00:00,49.64090165985026,0.0,99.92,off_peak,98.2,49.64090165985026
2025-02-01 23:00:00,49.538581250432706,0.0,100.37,off_peak,98.2,49.538581250432706
2025-02-02 00:00:00,47.14257832990496,0.0,96.38,off_peak,98.2,47.14257832990496
2025-02-02 01:00:00,45.287633331903365,0.0,82.91,off_peak,98.2,45.287633331903365
2025-02-02 02:00:00,43.91715996940157,0.0,82.0,off_peak,98.2,43.91715996940157
2025-02-02 03:00:00,43.31021390444743,0.0,81.27,off_peak,98.2,43.31021390444743
2025-02-02 04:00:00,43.40710823154739,0.0,81.27,off_peak,98.2,43.40710823154739
2025-02-02 05:00:00,43.98459842106314,0.0,81.4,off_peak,98.2,43.98459842106314
2025-02-02 06:00:00,44.95896777438031,0.0,82.94,off_peak,98.2,44.95896777438031
2025-02-02 07:00:00,45.78528259588875,0.0,82.94,off_peak,98.2,45.78528259588875
2025-02-02 08:00:00,45.92093465382869,0.2778,95.27,off_peak,98.2,45.64313465382869
2025-02-02 09:00:00,44.91710942507313,4.7226,98.13,off_peak,98.2,40.19450942507313
2025-02-02 10:00:00,43.91173388708397,15.001199999999999,100.7,off_peak,98.2,28.91053388708397
2025-02-02 11:00:00,40.802588719100534,23.057399999999998,100.74,off_peak,98.2,17.745188719100536
2025-02-02 12:00:00,38.26860827678244,26.9466,100.59,off_peak,98.2,11.322008276782437
2025-02-02 13:00:00,38.24612879289525,28.6134,100.74,off_peak,98.2,9.63272879289525
2025-02-02 14:00:00,39.829769675016955,25.8354,106.29,off_peak,98.2,13.994369675016955
2025-02-02 15:00:00,42.10019754762316,20.835,106.3,off_peak,98.2,21.26519754762316
2025-02-02 16:00:00,45.287633331903365,13.889999999999999,105.9,off_peak,98.2,31.397633331903364
2025-02-02 17:00:00,48.59134230870352,6.5283,106.21,off_peak,98.2,42.063042308703515
2025-02-02 18:00:00,50.82921368740414,1.5279,105.96,off_peak,98.2,49.30131368740414
2025-02-02 19:00:00,50.771077091144164,0.0,100.74,off_peak,98.2,50.771077091144164
2025-02-02 20:00:00,50.14320185153644,0.0,100.74,off_peak,98.2,50.14320185153644
2025-02-02 21:00:00,49.104494665024895,0.0,99.79,off_peak,98.2,49.104494665024895
2025-02-02 22:00:00,48.70529003737307,0.0,98.13,off_peak,98.2,48.70529003737307
2025-02-02 23:00:00,48.335541285159636,0.0,97.32,off_peak,98.2,48.335541285159636
2025-02-03 00:00:00,46.16588351273738,0.0,102.15,off_peak,98.2,46.16588351273738
2025-02-03 01:00:00,44.36132356482777,0.0,80.55,off_peak,98.2,44.36132356482777
2025-02-03 02:00:00,43.36137410915621,0.0,80.55,off_peak,98.2,43.36137410915621
2025-02-03 03:00:00,43.13115318796671,0.0,80.55,off_peak,98.2,43.13115318796671
2025-02-03 04:00:00,43.81251409613361,0.0,80.55,off_peak,98.2,43.81251409613361
2025-02-03 05:00:00,45.75660187506716,0.0,80.55,off_peak,98.2,45.75660187506716
2025-02-03 06:00:00,49.451763933351145,0.0,86.78,off_peak,98.2,49.451763933351145
2025-02-03 07:00:00,55.322009846374975,0.0,109.48,off_peak,98.2,55.322009846374975
2025-02-03 08:00:00,61.48138843146508,0.41669999999999996,142.19,mid_peak,115.1,61.06468843146508
2025-02-03 09:00:00,61.551927501593845,6.1116,157.57,on_peak,144.5,55.44032750159384
2025-02-03 10:00:00,59.406299522292386,16.3902,151.41,on_peak,144.5,43.016099522292386
2025-02-03 11:00:00,56.76844836132314,24.7242,133.91,on_peak,144.5,32.04424836132314
2025-02-03 12:00:00,53.635273400218914,30.6969,133.05,mid_peak,115.1,22.938373400218914
2025-02-03 13:00:00,55.7250902471108,33.752700000000004,133.58,mid_peak,115.1,21.972390247110795
2025-02-03 14:00:00,57.307180819998905,33.1971,131.32,mid_peak,115.1,24.110080819998906
2025-02-03 15:00:00,59.430329315413175,29.169,132.92,mid_peak,115.1,30.261329315413175
2025-02-03 16:00:00,62.22786232744315,20.9739,132.92,on_peak,144.5,41.25396232744315
2025-02-03 17:00:00,63.7037567178297,11.2509,132.92,on_peak,144.5,52.4528567178297
2025-02-03 18:00:00,63.4828376520418,2.778,133.91,on_peak,144.5,60.7048376520418
2025-02-03 19:00:00,62.22321139974235,0.0,133.91,mid_peak,115.1,62.22321139974235
2025-02-03 20:00:00,59.883794766240975,0.0,114.52,mid_peak,115.1,59.883794766240975
2025-02-03 21:00:00,57.75522018850911,0.0,102.78,mid_peak,115.1,57.75522018850911
2025-02-03 22:00:00,57.210286492898945,0.0,99.72,off_peak,98.2,57.210286492898945
2025-02-03 23:00:00,56.60644104641201,0.0,99.16,off_peak,98.2,56.60644104641201
2025-02-04 00:00:00,53.760073293523654,0.0,105.07,off_peak,98.2,53.760073293523654
2025-02-04 01:00:00,51.907453759372466,0.0,102.15,off_peak,98.2,51.907453759372466
2025-02-04 02:00:00,50.801308121199355,0.0,84.44,off_peak,98.2,50.801308121199355
2025-02-04 03:00:00,50.31683648569956,0.0,84.44,off_peak,98.2,50.31683648569956
2025-02-04 04:00:00,50.57341266386025,0.0,84.44,off_peak,98.2,50.57341266386025
2025-02-04 05:00:00,51.99814684953803,0.0,102.15,off_peak,98.2,51.99814684953803
2025-02-04 06:00:00,55.27162479628299,0.0,99.28,off_peak,98.2,55.27162479628299
2025-02-04 07:00:00,60.47291227500872,0.0,129.79,off_peak,98.2,60.47291227500872
2025-02-04 08:00:00,66.23541169629739,0.2778,134.8,mid_peak,115.1,65.95761169629739
2025-02-04 09:00:00,66.9128968313803,6.667199999999999,236.55,on_peak,144.5,60.24569683138029
2025-02-04 10:00:00,65.32460502155779,17.084699999999998,159.36,on_peak,144.5,48.23990502155779
2025-02-04 11:00:00,63.009218181177204,25.5576,133.78,on_peak,144.5,37.4516181811772
2025-02-04 12:00:00,59.609390031893895,31.5303,130.6,mid_peak,115.1,28.079090031893895
2025-02-04 13:00:00,61.52557224462266,34.3083,133.52,mid_peak,115.1,27.217272244622656
2025-02-04 14:00:00,62.523196236443816,33.752700000000004,133.77,mid_peak,115.1,28.77049623644381
2025-02-04 15:00:00,63.74871568560408,29.7246,141.76,mid_peak,115.1,34.02411568560409
2025-02-04 16:00:00,65.63621717751126,22.3629,134.09,on_peak,144.5,43.27331717751126
2025-02-04 17:00:00,66.4540052982349,12.501,134.15,on_peak,144.5,53.953005298234906
2025-02-04 18:00:00,65.91604799417593,3.3335999999999997,134.57,on_peak,144.5,62.58244799417593
2025-02-04 19:00:00,64.46650886076057,0.0,134.57,mid_peak,115.1,64.46650886076057
2025-02-04 20:00:00,61.735639145775366,0.0,134.8,mid_peak,115.1,61.735639145775366
2025-02-04 21:00:00,59.363666018368406,0.0,130.01,mid_peak,115.1,59.363666018368406
2025-02-04 22:00:00,58.39394759275203,0.0,130.02,off_peak,98.2,58.39394759275203
2025-02-04 23:00:00,57.75522018850911,0.0,113.79,off_peak,98.2,57.75522018850911
2025-02-05 00:00:00,54.99954552578632,0.0,106.94,off_peak,98.2,54.99954552578632
2025-02-05 01:00:00,53.005072696760784,0.0,96.77,off_peak,98.2,53.005072696760784
2025-02-05 02:00:00,51.8276128338421,0.0,84.44,off_peak,98.2,51.8276128338421
2025-02-05 03:00:00,51.19818728500078,0.0,84.44,off_peak,98.2,51.19818728500078
2025-02-05 04:00:00,51.40282810383589,0.0,84.44,off_peak,98.2,51.40282810383589
2025-02-05 05:00:00,52.64462579994895,0.0,98.11,off_peak,98.2,52.64462579994895
2025-02-05 06:00:00,55.792528698772365,0.0,109.77,off_peak,98.2,55.792528698772365
2025-02-05 07:00:00,60.916300715818124,0.0,111.86,off_peak,98.2,60.916300715818124
2025-02-05 08:00:00,66.76949322727236,0.2778,139.87,mid_peak,115.1,66.49169322727236
2025-02-05 09:00:00,67.43535104310327,4.7226,148.18,on_peak,144.5,62.71275104310327
2025-02-05 10:00:00,65.7501649061808,8.1951,150.83,on_peak,144.5,57.5550649061808
2025-02-05 11:00:00,63.322380646364266,12.639899999999999,138.84,on_peak,144.5,50.68248064636427
2025-02-05 12:00:00,60.09386166739368,11.3898,132.35,mid_peak,115.1,48.70406166739368
2025-02-05 13:00:00,62.08368356871841,29.3079,133.91,mid_peak,115.1,32.77578356871841
2025-02-05 14:00:00,62.678227159803754,33.4749,133.58,mid_peak,115.1,29.203327159803756
2025-02-05 15:00:00,63.39834579881064,29.4468,142.0,mid_peak,115.1,33.95154579881064
2025-02-05 16:00:00,65.3106522384554,22.3629,133.58,on_peak,144.5,42.94775223845541
2025-02-05 17:00:00,66.07107891753587,12.084299999999999,132.24,on_peak,144.5,53.98677891753587
2025-02-05 18:00:00,65.70985686610722,3.3335999999999997,132.24,on_peak,144.5,62.37625686610722
2025-02-05 19:00:00,64.52619576625415,0.0,127.04,mid_peak,115.1,64.52619576625415
2025-02-05 20:00:00,62.05655315713042,0.0,131.1,mid_peak,115.1,62.05655315713042
2025-02-05 21:00:00,59.70860982284425,0.0,112.43,mid_peak,115.1,59.70860982284425
2025-02-05 22:00:00,59.1326699425621,0.0,105.93,off_peak,98.2,59.1326699425621
2025-02-05 23:00:00,58.40557491200402,0.0,105.7,off_peak,98.2,58.40557491200402
2025-02-06 00:00:00,55.41967932809173,0.0,105.98,off_peak,98.2,55.41967932809173
2025-02-06 01:00:00,53.534503300034956,0.0,97.98,off_peak,98.2,53.534503300034956
2025-02-06 02:00:00,52.36169436481707,0.0,97.72,off_peak,98.2,52.36169436481707
2025-02-06 03:00:00,51.80125757687092,0.0,84.44,off_peak,98.2,51.80125757687092
2025-02-06 04:00:00,52.08031323891879,0.0,95.69,off_peak,98.2,52.08031323891879
2025-02-06 05:00:00,53.31358423424705,0.0,98.29,off_peak,98.2,53.31358423424705
2025-02-06 06:00:00,56.387072289857706,0.0,105.34,off_peak,98.2,56.387072289857706
2025-02-06 07:00:00,61.371316475879524,0.0,114.59,off_peak,98.2,61.371316475879524
2025-02-06 08:00:00,66.9074707490627,0.2778,141.12,mid_peak,115.1,66.6296707490627
2025-02-06 09:00:00,66.62221385008043,6.667199999999999,154.52,on_peak,144.5,59.95501385008043
2025-02-06 10:00:00,64.58200689866372,16.8069,153.3,on_peak,144.5,47.77510689866372
2025-02-06 11:00:00,62.334058509944704,25.1409,134.44,on_peak,144.5,37.19315850994471
2025-02-06 12:00:00,58.79935345733825,30.835800000000003,131.17,mid_peak,115.1,27.963553457338246
2025-02-06 13:00:00,60.89924731424853,33.336,133.22,mid_peak,115.1,27.563247314248528
2025-02-06 14:00:00,62.282898305235925,27.918899999999994,139.76,mid_peak,115.1,34.36399830523593
2025-02-06 15:00:00,63.58515806145935,12.084299999999999,132.8,mid_peak,115.1,51.500858061459354
2025-02-06 16:00:00,65.45870677026413,3.4724999999999997,142.19,on_peak,144.5,61.98620677026413
2025-02-06 17:00:00,65.65249542446405,1.5279,133.51,on_peak,144.5,64.12459542446405
2025-02-06 18:00:00,64.86726379764599,0.6945,134.0,on_peak,144.5,64.17276379764598
2025-02-06 19:00:00,63.57198043297376,0.0,126.08,mid_peak,115.1,63.57198043297376
2025-02-06 20:00:00,61.03722483603887,0.0,131.93,mid_peak,115.1,61.03722483603887
2025-02-06 21:00:00,58.852839125897425,0.0,112.51,mid_peak,115.1,58.852839125897425
2025-02-06 22:00:00,58.35596501652884,0.0,102.23,off_peak,98.2,58.35596501652884
2025-02-06 23:00:00,57.61104142978437,0.0,107.9,off_peak,98.2,57.61104142978437
2025-02-07 00:00:00,54.91195305408795,0.0,112.43,off_peak,98.2,54.91195305408795
2025-02-07 01:00:00,52.77562693018809,0.0,101.97,off_peak,98.2,52.77562693018809
2025-02-07 02:00:00,51.543131089476624,0.0,98.56,off_peak,98.2,51.543131089476624
2025-02-07 03:00:00,50.751698225724176,0.0,98.14,off_peak,98.2,50.751698225724176
2025-02-07 04:00:00,50.997422239249666,0.0,98.13,off_peak,98.2,50.997422239249666
2025-02-07 05:00:00,52.26092426463311,0.0,98.55,off_peak,98.2,52.26092426463311
2025-02-07 06:00:00,55.0336523289255,0.0,111.77,off_peak,98.2,55.0336523289255
2025-02-07 07:00:00,59.56598137335311,0.0,113.73,off_peak,98.2,59.56598137335311
2025-02-07 08:00:00,66.0067410843415,0.1389,136.65,mid_peak,115.1,65.86784108434149
2025-02-07 09:00:00,69.1926265593881,3.0558,159.17,on_peak,144.5,66.1368265593881
2025-02-07 10:00:00,70.25846415748764,8.8896,149.17,on_peak,144.5,61.368864157487636
2025-02-07 11:00:00,69.52594304461195,26.1132,142.6,on_peak,144.5,43.41274304461195
2025-02-07 12:00:00,66.49663880215888,31.8081,131.72,mid_peak,115.1,34.68853880215889
2025-02-07 13:00:00,67.86246123695987,36.530699999999996,136.2,mid_peak,115.1,31.331761236959878
2025-02-07 14:00:00,67.77331845602792,31.252499999999998,136.43,mid_peak,115.1,36.520818456027925
2025-02-07 15:00:00,67.8407569076895,29.7246,151.02,mid_peak,115.1,38.1161569076895
2025-02-07 16:00:00,67.96555680099424,23.1963,136.65,on_peak,144.5,44.769256800994235
2025-02-07 17:00:00,67.1469935256538,12.9177,136.65,on_peak,144.5,54.2292935256538
2025-02-07 18:00:00,65.9912379920055,3.7502999999999997,134.8,on_peak,144.5,62.24093799200549
2025-02-07 19:00:00,64.47891133462936,0.0,131.51,mid_peak,115.1,64.47891133462936
2025-02-07 20:00:00,62.1061630526056,0.0,130.1,mid_peak,115.1,62.1061630526056
2025-02-07 21:00:00,59.94813259943535,0.0,129.66,mid_peak,115.1,59.94813259943535
2025-02-07 22:00:00,59.093137057105324,0.0,129.78,off_peak,98.2,59.093137057105324
2025-02-07 23:00:00,58.57300830923275,0.0,128.8,off_peak,98.2,58.57300830923275
2025-02-08 00:00:00,55.87624539738673,0.0,113.07,off_peak,98.2,55.87624539738673
2025-02-08 01:00:00,53.98719359624596,0.0,112.79,off_peak,98.2,53.98719359624596
2025-02-08 02:00:00,52.49502095890661,0.0,99.34,off_peak,98.2,52.49502095890661
2025-02-08 03:00:00,51.568711191831014,0.0,98.79,off_peak,98.2,51.568711191831014
2025-02-08 04:00:00,51.38654985688309,0.0,98.67,off_peak,98.2,51.38654985688309
2025-02-08 05:00:00,51.8283879884589,0.0,101.6,off_peak,98.2,51.8283879884589
2025-02-08 06:00:00,52.90662806042723,0.0,112.3,off_peak,98.2,52.90662806042723
2025-02-08 07:00:00,54.521275127220925,0.0,113.49,off_peak,98.2,54.521275127220925
2025-02-08 08:00:00,55.704161072457204,0.41669999999999996,115.53,mid_peak,115.1,55.287461072457205
2025-02-08 09:00:00,55.58246179761966,7.639500000000001,132.78,mid_peak,115.1,47.94296179761966
2025-02-08 10:00:00,54.973190268815124,17.7792,134.8,mid_peak,115.1,37.19399026881513
2025-02-08 11:00:00,53.222891144081494,26.391,134.8,mid_peak,115.1,26.831891144081496
2025-02-08 12:00:00,50.50519905758188,32.5026,127.28,mid_peak,115.1,18.002599057581882
2025-02-08 13:00:00,49.76105062545421,35.0028,127.28,mid_peak,115.1,14.75825062545421
2025-02-08 14:00:00,49.30448455615921,34.169399999999996,115.54,mid_peak,115.1,15.135084556159214
2025-02-08 15:00:00,49.97964422739171,30.141299999999998,115.54,mid_peak,115.1,19.838344227391712
2025-02-08 16:00:00,52.520601061261,23.057399999999998,124.41,mid_peak,115.1,29.463201061261
2025-02-08 17:00:00,55.15457644914625,12.9177,115.55,mid_peak,115.1,42.23687644914625
2025-02-08 18:00:00,56.81805825679832,3.8892,142.05,mid_peak,115.1,52.928858256798314
2025-02-08 19:00:00,56.542103213217636,0.0,132.49,mid_peak,115.1,56.542103213217636
2025-02-08 20:00:00,55.57393509683486,0.0,128.31,mid_peak,115.1,55.57393509683486
2025-02-08 21:00:00,54.25384678442504,0.0,114.24,mid_peak,115.1,54.25384678442504
2025-02-08 22:00:00,54.46003791249375,0.0,113.56,off_peak,98.2,54.46003791249375
2025-02-08 23:00:00,54.342989565357,0.0,114.88,off_peak,98.2,54.342989565357
2025-02-09 00:00:00,52.001247468005225,0.0,103.41,off_peak,98.2,52.001247468005225
2025-02-09 01:00:00,50.002123711278905,0.0,99.27,off_peak,98.2,50.002123711278905
2025-02-09 02:00:00,48.61459694720751,0.0,99.08,off_peak,98.2,48.61459694720751
2025-02-09 03:00:00,47.81928831037106,0.0,82.99,off_peak,98.2,47.81928831037106
2025-02-09 04:00:00,47.67510955164632,0.0,82.99,off_peak,98.2,47.67510955164632
2025-02-09 05:00:00,48.15105448636131,0.0,98.46,off_peak,98.2,48.15105448636131
2025-02-09 06:00:00,48.97581899863615,0.0,99.15,off_peak,98.2,48.97581899863615
2025-02-09 07:00:00,49.73547052309982,0.0,102.61,off_peak,98.2,49.73547052309982
2025-02-09 08:00:00,49.13705115893048,0.41669999999999996,103.48,off_peak,98.2,48.720351158930484
2025-02-09 09:00:00,46.42788577321567,6.944999999999999,103.74,off_peak,98.2,39.48288577321567
2025-02-09 10:00:00,44.96826962978191,17.084699999999998,106.34,off_peak,98.2,27.88356962978191
2025-02-09 11:00:00,43.55516276335612,26.2521,103.74,off_peak,98.2,17.303062763356124
2025-02-09 12:00:00,42.136629814612746,32.5026,104.56,off_peak,98.2,9.634029814612745
2025-02-09 13:00:00,42.213370121675915,35.14169999999999,103.74,off_peak,98.2,7.071670121675922
2025-02-09 14:00:00,42.73039825108129,34.5861,103.64,off_peak,98.2,8.144298251081288
2025-02-09 15:00:00,44.83339272645877,30.280200000000004,102.95,off_peak,98.2,14.553192726458764
2025-02-09 16:00:00,48.322363656674035,23.3352,103.74,off_peak,98.2,24.987163656674035
2025-02-09 17:00:00,52.095041176637984,11.2509,106.23,off_peak,98.2,40.84414117663798
2025-02-09 18:00:00,54.45693729402655,3.7502999999999997,111.85,off_peak,98.2,50.70663729402655
2025-02-09 19:00:00,54.470114922512145,0.1389,108.84,off_peak,98.2,54.331214922512146
2025-02-09 20:00:00,53.68100752261009,0.0,103.48,off_peak,98.2,53.68100752261009
2025-02-09 21:00:00,52.481843330421015,0.0,103.48,off_peak,98.2,52.481843330421015
2025-02-09 22:00:00,52.01675056034122,0.0,103.48,off_peak,98.2,52.01675056034122
2025-02-09 23:00:00,51.752422836012535,0.0,103.48,off_peak,98.2,51.752422836012535
2025-02-10 00:00:00,49.66105567988705,0.0,105.62,off_peak,98.2,49.66105567988705
2025-02-10 01:00:00,48.01927820150537,0.0,81.0,off_peak,98.2,48.01927820150537
2025-02-10 02:00:00,47.01777843660021,0.0,80.92,off_peak,98.2,47.01777843660021
2025-02-10 03:00:00,46.77282957769152,0.0,80.73,off_peak,98.2,46.77282957769152
2025-02-10 04:00:00,47.2673782232097,0.0,80.85,off_peak,98.2,47.2673782232097
2025-02-10 05:00:00,49.145577859715274,0.0,81.0,off_peak,98.2,49.145577859715274
2025-02-10 06:00:00,53.02987764449838,0.0,88.04,off_peak,98.2,53.02987764449838
2025-02-10 07:00:00,58.83190995124384,0.0,108.96,off_peak,98.2,58.83190995124384
2025-02-10 08:00:00,64.8602874060948,0.2778,142.19,mid_peak,115.1,64.5824874060948
2025-02-10 09:00:00,65.65482088831445,3.7502999999999997,154.52,on_peak,144.5,61.904520888314444
2025-02-10 10:00:00,64.43627783070538,15.140100000000002,157.07,on_peak,144.5,49.296177830705375
2025-02-10 11:00:00,61.93097810920888,21.807299999999998,152.0,on_peak,144.5,40.12367810920888
2025-02-10 12:00:00,58.66757717248231,26.9466,130.3,mid_peak,115.1,31.72097717248231
2025-02-10 13:00:00,60.63724505377024,29.7246,132.55,mid_peak,115.1,30.912645053770245
2025-02-10 14:00:00,61.236439572556385,27.0855,130.3,mid_peak,115.1,34.15093957255638
2025-02-10 15:00:00,61.71238450727137,28.0578,130.3,mid_peak,115.1,33.65458450727137
2025-02-10 16:00:00,63.189829206891524,19.1682,141.24,on_peak,144.5,44.021629206891525
2025-02-10 17:00:00,64.10993773703272,13.4733,132.79,on_peak,144.5,50.63663773703272
2025-02-10 18:00:00,64.07273031542634,2.778,131.3,on_peak,144.5,61.29473031542634
2025-02-10 19:00:00,62.92085055486204,0.0,130.0,mid_peak,115.1,62.92085055486204
2025-02-10 20:00:00,60.495391758895906,0.0,125.85,mid_peak,115.1,60.495391758895906
2025-02-10 21:00:00,58.28310048254968,0.0,113.9,mid_peak,115.1,58.28310048254968
2025-02-10 22:00:00,57.67925503606274,0.0,132.55,off_peak,98.2,57.67925503606274
2025-02-10 23:00:00,56.98626680864384,0.0,113.9,off_peak,98.2,56.98626680864384
2025-02-11 00:00:00,54.23601822823865,0.0,103.12,off_peak,98.2,54.23601822823865
2025-02-11 01:00:00,52.46168931038422,0.0,101.0,off_peak,98.2,52.46168931038422
2025-02-11 02:00:00,51.24314625277516,0.0,100.23,off_peak,98.2,51.24314625277516
2025-02-11 03:00:00,50.581939364645045,0.0,83.22,off_peak,98.2,50.581939364645045
2025-02-11 04:00:00,50.900527912149705,0.0,84.06,off_peak,98.2,50.900527912149705
2025-02-11 05:00:00,52.27487704773551,0.0,98.32,off_peak,98.2,52.27487704773551
2025-02-11 06:00:00,55.346039639495764,0.0,107.51,off_peak,98.2,55.346039639495764
2025-02-11 07:00:00,60.062855482721695,0.0,134.24,off_peak,98.2,60.062855482721695
2025-02-11 08:00:00,64.6184391656533,0.41669999999999996,138.75,mid_peak,115.1,64.2017391656533
2025-02-11 09:00:00,63.21385900001231,6.3894,150.33,on_peak,144.5,56.82445900001231
2025-02-11 10:00:00,60.18610506679284,15.973499999999998,144.44,on_peak,144.5,44.21260506679285
2025-02-11 11:00:00,56.8606917607223,24.168599999999998,145.55,on_peak,144.5,32.6920917607223
2025-02-11 12:00:00,52.82213620719607,30.141299999999998,131.36,mid_peak,115.1,22.68083620719607
2025-02-11 13:00:00,54.40577708931777,32.7804,131.37,mid_peak,115.1,21.625377089317773
2025-02-11 14:00:00,55.31503345482378,32.0859,132.15,mid_peak,115.1,23.229133454823774
2025-02-11 15:00:00,56.72503970278236,27.918899999999994,131.37,mid_peak,115.1,28.806139702782367
2025-02-11 16:00:00,59.16677674570129,20.9739,132.15,on_peak,144.5,38.19287674570129
2025-02-11 17:00:00,60.95273298280771,11.2509,132.15,on_peak,144.5,49.70183298280771
2025-02-11 18:00:00,61.46433502989548,3.0558,132.15,on_peak,144.5,58.40853502989548
2025-02-11 19:00:00,60.53104887126869,0.0,132.15,mid_peak,115.1,60.53104887126869
2025-02-11 20:00:00,58.36604202654724,0.0,132.15,mid_peak,115.1,58.36604202654724
2025-02-11 21:00:00,56.26537301502016,0.0,113.98,mid_peak,115.1,56.26537301502016
2025-02-11 22:00:00,55.82431003806115,0.0,113.98,off_peak,98.2,55.82431003806115
2025-02-11 23:00:00,54.96543872264713,0.0,113.98,off_peak,98.2,54.96543872264713
2025-02-12 00:00:00,51.8345892253933,0.0,103.44,off_peak,98.2,51.8345892253933
2025-02-12 01:00:00,49.656404752186255,0.0,97.28,off_peak,98.2,49.656404752186255
2025-02-12 02:00:00,48.52390385704195,0.0,93.04,off_peak,98.2,48.52390385704195
2025-02-12 03:00:00,47.920058410555015,0.0,81.32,off_peak,98.2,47.920058410555015
2025-02-12 04:00:00,48.29755870893645,0.0,92.42,off_peak,98.2,48.29755870893645
2025-02-12 05:00:00,49.86879711718936,0.0,93.39,off_peak,98.2,49.86879711718936
2025-02-12 06:00:00,53.067860220721556,0.0,109.51,off_peak,98.2,53.067860220721556
2025-02-12 07:00:00,57.68700658223074,0.0,123.61,off_peak,98.2,57.68700658223074
2025-02-12 08:00:00,64.19520474488068,0.0,132.59,mid_peak,115.1,64.19520474488068
2025-02-12 09:00:00,68.020592778787,0.5556,143.84,on_peak,144.5,67.464992778787
2025-02-12 10:00:00,69.23991099101288,1.5279,154.15,on_peak,144.5,67.71201099101287
2025-02-12 11:00:00,68.7538890462795,2.778,144.0,on_peak,144.5,65.97588904627949
2025-02-12 12:00:00,65.82225428554317,2.2224,142.98,mid_peak,115.1,63.59985428554317
2025-02-12 13:00:00,67.37798960146009,2.6391,143.44,mid_peak,115.1,64.73888960146009
2025-02-12 14:00:00,67.02374394158265,2.0835,143.44,mid_peak,115.1,64.94024394158265
2025-02-12 15:00:00,66.07340438138627,2.3613,143.44,mid_peak,115.1,63.71210438138627
2025-02-12 16:00:00,65.57187934431688,1.8056999999999999,132.8,on_peak,144.5,63.76617934431688
2025-02-12 17:00:00,63.71848465554889,0.9723,134.13,on_peak,144.5,62.746184655548895
2025-02-12 18:00:00,62.45730809401585,0.8333999999999999,134.98,on_peak,144.5,61.62390809401585
2025-02-12 19:00:00,61.21938617098679,0.0,130.21,mid_peak,115.1,61.21938617098679
2025-02-12 20:00:00,58.98694087460377,0.0,130.14,mid_peak,115.1,58.98694087460377
2025-02-12 21:00:00,57.145173505087776,0.0,132.49,mid_peak,115.1,57.145173505087776
2025-02-12 22:00:00,56.76534774285594,0.0,125.7,off_peak,98.2,56.76534774285594
2025-02-12 23:00:00,56.02507508381226,0.0,123.89,off_peak,98.2,56.02507508381226
2025-02-13 00:00:00,53.248471246435884,0.0,112.57,off_peak,98.2,53.248471246435884
2025-02-13 01:00:00,51.47414232858146,0.0,101.6,off_peak,98.2,51.47414232858146
2025-02-13 02:00:00,50.300558238746774,0.0,101.61,off_peak,98.2,50.300558238746774
2025-02-13 03:00:00,49.70911526612863,0.0,98.25,off_peak,98.2,49.70911526612863
2025-02-13 04:00:00,50.024603195166094,0.0,101.6,off_peak,98.2,50.024603195166094
2025-02-13 05:00:00,51.52607768790703,0.0,111.24,off_peak,98.2,51.52607768790703
2025-02-13 06:00:00,54.62282038202168,0.0,112.61,off_peak,98.2,54.62282038202168
2025-02-13 07:00:00,59.40397405844198,0.0,132.81,off_peak,98.2,59.40397405844198
2025-02-13 08:00:00,63.0239461188964,0.5556,136.01,mid_peak,115.1,62.4683461188964
2025-02-13 09:00:00,61.36046431124433,7.5005999999999995,136.0,on_peak,144.5,53.85986431124433
2025-02-13 10:00:00,58.18775646468332,18.7515,146.77,on_peak,144.5,39.43625646468332
2025-02-13 11:00:00,54.877846250948764,26.8077,139.35,on_peak,144.5,28.070146250948763
2025-02-13 12:00:00,51.067186154761636,32.6415,131.12,mid_peak,115.1,18.425686154761635
2025-02-13 13:00:00,52.80585796024327,35.5584,132.15,mid_peak,115.1,17.247457960243274
2025-02-13 14:00:00,53.921305453817986,34.863899999999994,132.15,mid_peak,115.1,19.057405453817992
2025-02-13 15:00:00,55.448360048913315,30.835800000000003,131.37,mid_peak,115.1,24.612560048913313
2025-02-13 16:00:00,58.31178120337126,23.8908,140.03,on_peak,144.5,34.42098120337126
2025-02-13 17:00:00,60.40934959643114,13.7511,131.12,on_peak,144.5,46.65824959643114
2025-02-13 18:00:00,61.293025859582755,4.028099999999999,132.23,on_peak,144.5,57.26492585958275
2025-02-13 19:00:00,60.67290216614303,0.0,132.23,mid_peak,115.1,60.67290216614303
2025-02-13 20:00:00,58.50246923910398,0.0,130.15,mid_peak,115.1,58.50246923910398
2025-02-13 21:00:00,56.47854053464007,0.0,125.75,mid_peak,115.1,56.47854053464007
2025-02-13 22:00:00,56.09018807162344,0.0,122.78,off_peak,98.2,56.09018807162344
2025-02-13 23:00:00,55.41192778192373,0.0,114.04,off_peak,98.2,55.41192778192373
2025-02-14 00:00:00,52.53687930821379,0.0,108.13,off_peak,98.2,52.53687930821379
2025-02-14 01:00:00,50.48039410984429,0.0,98.48,off_peak,98.2,50.48039410984429
2025-02-14 02:00:00,49.18898651825606,0.0,98.07,off_peak,98.2,49.18898651825606
2025-02-14 03:00:00,48.65800560574829,0.0,82.54,off_peak,98.2,48.65800560574829
2025-02-14 04:00:00,49.134725695080085,0.0,97.73,off_peak,98.2,49.134725695080085
2025-02-14 05:00:00,50.4594649351907,0.0,102.15,off_peak,98.2,50.4594649351907
2025-02-14 06:00:00,53.381022685908626,0.0,104.03,off_peak,98.2,53.381022685908626
2025-02-14 07:00:00,57.80948101168509,0.0,132.78,off_peak,98.2,57.80948101168509
2025-02-14 08:00:00,61.071331639178055,0.5556,132.79,mid_peak,115.1,60.51573163917806
2025-02-14 09:00:00,59.07220788245173,6.8061,146.68,on_peak,144.5,52.26610788245173
2025-02-14 10:00:00,55.87857086123713,16.5291,143.92,on_peak,144.5,39.34947086123713
2025-02-14 11:00:00,52.56788549288578,23.4741,132.57,on_peak,144.5,29.09378549288578
2025-02-14 12:00:00,48.94171219549697,30.6969,131.3,mid_peak,115.1,18.24481219549697
2025-02-14 13:00:00,50.6912361656138,33.1971,132.8,mid_peak,115.1,17.494136165613803
2025-02-14 14:00:00,51.76870108296533,31.946999999999996,131.99,mid_peak,115.1,19.821701082965333
2025-02-14 15:00:00,53.38024753129182,25.9743,131.99,mid_peak,115.1,27.405947531291822
2025-02-14 16:00:00,55.63362200232844,19.5849,132.57,on_peak,144.5,36.04872200232843
2025-02-14 17:00:00,57.10486546501419,12.084299999999999,133.42,on_peak,144.5,45.020565465014194
2025-02-14 18:00:00,57.85986606177706,4.028099999999999,126.81,on_peak,144.5,53.83176606177706
2025-02-14 19:00:00,57.43585648638765,0.0,126.24,mid_peak,115.1,57.43585648638765
2025-02-14 20:00:00,55.83051127499555,0.0,114.49,mid_peak,115.1,55.83051127499555
2025-02-14 21:00:00,54.316634308385815,0.0,113.09,mid_peak,115.1,54.316634308385815
2025-02-14 22:00:00,54.470114922512145,0.0,112.88,off_peak,98.2,54.470114922512145
2025-02-14 23:00:00,54.04455503788913,0.0,103.85,off_peak,98.2,54.04455503788913
2025-02-15 00:00:00,51.21524068657037,0.0,122.15,off_peak,98.2,51.21524068657037
2025-02-15 01:00:00,49.23704610449764,0.0,101.69,off_peak,98.2,49.23704610449764
2025-02-15 02:00:00,47.84409325810865,0.0,99.22,off_peak,98.2,47.84409325810865
2025-02-15 03:00:00,47.43093584735443,0.0,99.09,off_peak,98.2,47.43093584735443
2025-02-15 04:00:00,47.34179306642247,0.0,99.22,off_peak,98.2,47.34179306642247
2025-02-15 05:00:00,47.9495142859934,0.0,101.8,off_peak,98.2,47.9495142859934
2025-02-15 06:00:00,49.0913170365393,0.0,102.54,off_peak,98.2,49.0913170365393
2025-02-15 07:00:00,50.266451435607586,0.0,115.65,off_peak,98.2,50.266451435607586
2025-02-15 08:00:00,50.6912361656138,0.5556,116.85,mid_peak,115.1,50.1356361656138
2025-02-15 09:00:00,50.314511021849164,4.8614999999999995,141.55,mid_peak,115.1,45.453011021849164
2025-02-15 10:00:00,49.90988031187974,9.5841,150.58,mid_peak,115.1,40.32578031187974
2025-02-15 11:00:00,49.27580383533762,16.3902,148.17,mid_peak,115.1,32.88560383533762
2025-02-15 12:00:00,47.98207077989899,13.334399999999999,132.52,mid_peak,115.1,34.64767077989899
2025-02-15 13:00:00,48.75257446899785,13.7511,132.5,mid_peak,115.1,35.00147446899785
2025-02-15 14:00:00,48.403754891438005,14.0289,132.51,mid_peak,115.1,34.374854891438005
2025-02-15 15:00:00,47.74254800330789,18.334799999999998,123.96,mid_peak,115.1,29.40774800330789
2025-02-15 16:00:00,48.233996030358874,12.2232,123.96,mid_peak,115.1,36.010796030358875
2025-02-15 17:00:00,49.91453123958054,5.2782,102.92,mid_peak,115.1,44.63633123958054
2025-02-15 18:00:00,51.348567280659914,1.9446,115.97,mid_peak,115.1,49.40396728065991
2025-02-15 19:00:00,51.22996862428956,0.1389,114.96,mid_peak,115.1,51.09106862428956
2025-02-15 20:00:00,50.454038852873104,0.0,107.61,mid_peak,115.1,50.454038852873104
2025-02-15 21:00:00,49.56338619817029,0.0,102.76,mid_peak,115.1,49.56338619817029
2025-02-15 22:00:00,50.39977802969713,0.0,102.78,off_peak,98.2,50.39977802969713
2025-02-15 23:00:00,50.35016813422195,0.0,132.48,off_peak,98.2,50.35016813422195
2025-02-16 00:00:00,47.686736870898315,0.0,99.53,off_peak,98.2,47.686736870898315
2025-02-16 01:00:00,45.77055465816956,0.0,98.59,off_peak,98.2,45.77055465816956
2025-02-16 02:00:00,44.63262768070766,0.0,97.91,off_peak,98.2,44.63262768070766
2025-02-16 03:00:00,44.02258099728632,0.0,81.8,off_peak,98.2,44.02258099728632
2025-02-16 04:00:00,44.174511302179056,0.0,81.8,off_peak,98.2,44.174511302179056
2025-02-16 05:00:00,44.718669843172414,0.0,96.48,off_peak,98.2,44.718669843172414
2025-02-16 06:00:00,45.6659087849016,0.0,97.91,off_peak,98.2,45.6659087849016
2025-02-16 07:00:00,46.04650970175023,0.0,102.94,off_peak,98.2,46.04650970175023
2025-02-16 08:00:00,44.629527062240456,0.6945,103.75,off_peak,98.2,43.93502706224046
2025-02-16 09:00:00,42.052913115998386,5.9727,103.5,off_peak,98.2,36.08021311599839
2025-02-16 10:00:00,40.811115419885326,14.0289,103.74,off_peak,98.2,26.782215419885326
2025-02-16 11:00:00,39.377854533422756,18.8904,103.74,off_peak,98.2,20.487454533422756
2025-02-16 12:00:00,37.79421365130105,20.1405,103.74,off_peak,98.2,17.65371365130105
2025-02-16 13:00:00,38.086446941834524,19.5849,103.74,off_peak,98.2,18.501546941834523
2025-02-16 14:00:00,39.36235144108676,24.5853,105.3,off_peak,98.2,14.777051441086758
2025-02-16 15:00:00,41.497902410369825,12.084299999999999,105.35,off_peak,98.2,29.413602410369826
2025-02-16 16:00:00,44.41946016108775,7.222799999999999,103.67,off_peak,98.2,37.19666016108775
2025-02-16 17:00:00,47.37202409647765,4.4448,105.39,off_peak,98.2,42.92722409647765
2025-02-16 18:00:00,49.73547052309982,1.8056999999999999,133.17,off_peak,98.2,47.92977052309982
2025-02-16 19:00:00,49.93778587808453,0.0,105.55,off_peak,98.2,49.93778587808453
2025-02-16 20:00:00,49.639351350616664,0.0,103.76,off_peak,98.2,49.639351350616664
2025-02-16 21:00:00,48.70994096507387,0.0,103.76,off_peak,98.2,48.70994096507387
2025-02-16 22:00:00,48.346393449794824,0.0,103.41,off_peak,98.2,48.346393449794824
2025-02-16 23:00:00,48.02315397458937,0.0,99.98,off_peak,98.2,48.02315397458937
2025-02-17 00:00:00,45.836442800597524,0.0,123.89,off_peak,98.2,45.836442800597524
2025-02-17 01:00:00,44.16133367369346,0.0,98.61,off_peak,98.2,44.16133367369346
2025-02-17 02:00:00,43.3954809122954,0.0,97.86,off_peak,98.2,43.3954809122954
2025-02-17 03:00:00,43.11797555948112,0.0,80.89,off_peak,98.2,43.11797555948112
2025-02-17 04:00:00,43.905532650149574,0.0,98.06,off_peak,98.2,43.905532650149574
2025-02-17 05:00:00,45.842644037531926,0.0,98.22,off_peak,98.2,45.842644037531926
2025-02-17 06:00:00,49.57888929050629,0.0,102.01,off_peak,98.2,49.57888929050629
2025-02-17 07:00:00,54.969314495731126,0.0,132.8,off_peak,98.2,54.969314495731126
2025-02-17 08:00:00,59.145847571047696,0.8333999999999999,132.5,mid_peak,115.1,58.3124475710477
2025-02-17 09:00:00,57.90792564801864,8.4729,145.9,on_peak,144.5,49.43502564801864
2025-02-17 10:00:00,55.37704582416775,19.5849,151.99,on_peak,144.5,35.79214582416775
2025-02-17 11:00:00,52.616720233744154,28.0578,132.56,on_peak,144.5,24.558920233744153
2025-02-17 12:00:00,49.383550327072776,34.3083,130.94,mid_peak,115.1,15.075250327072773
2025-02-17 13:00:00,51.416780886938284,37.0863,131.73,mid_peak,115.1,14.330480886938282
2025-02-17 14:00:00,52.76399961093609,36.669599999999996,131.11,mid_peak,115.1,16.094399610936094
2025-02-17 15:00:00,54.55305646650971,32.6415,132.15,mid_peak,115.1,21.91155646650971
2025-02-17 16:00:00,57.363767107025275,25.418699999999998,132.15,on_peak,144.5,31.945067107025277
2025-02-17 17:00:00,59.56055529103551,15.695699999999997,132.15,on_peak,144.5,43.86485529103552
2025-02-17 18:00:00,60.55042773668868,5.1392999999999995,130.06,on_peak,144.5,55.411127736688684
2025-02-17 19:00:00,59.742716625983434,0.1389,130.79,mid_peak,115.1,59.603816625983434
2025-02-17 20:00:00,57.54980421505719,0.0,130.79,mid_peak,115.1,57.54980421505719
2025-02-17 21:00:00,55.59176365302125,0.0,132.48,mid_peak,115.1,55.59176365302125
2025-02-17 22:00:00,55.36696881414935,0.0,132.45,off_peak,98.2,55.36696881414935
2025-02-17 23:00:00,54.74529481147602,0.0,113.87,off_peak,98.2,54.74529481147602
2025-02-18 00:00:00,51.78187871145092,0.0,122.64,off_peak,98.2,51.78187871145092
2025-02-18 01:00:00,49.92848402268294,0.0,102.15,off_peak,98.2,49.92848402268294
2025-02-18 02:00:00,48.76730240671704,0.0,98.46,off_peak,98.2,48.76730240671704
2025-02-18 03:00:00,48.43553623072679,0.0,98.46,off_peak,98.2,48.43553623072679
2025-02-18 04:00:00,48.702189418905874,0.0,98.46,off_peak,98.2,48.702189418905874
2025-02-18 05:00:00,50.249398034037995,0.0,99.51,off_peak,98.2,50.249398034037995
2025-02-18 06:00:00,53.48799402302698,0.0,113.01,off_peak,98.2,53.48799402302698
2025-02-18 07:00:00,57.985441109698606,0.0,128.93,off_peak,98.2,57.985441109698606
2025-02-18 08:00:00,61.21163462481879,0.8333999999999999,143.78,mid_peak,115.1,60.378234624818795
2025-02-18 09:00:00,59.50629446785954,9.3063,149.48,on_peak,144.5,50.19999446785954
2025-02-18 10:00:00,56.63822238570079,19.7238,145.96,on_peak,144.5,36.91442238570079
2025-02-18 11:00:00,53.720540408066874,28.196699999999996,142.19,on_peak,144.5,25.523840408066878
2025-02-18 12:00:00,50.22149246783321,34.0305,131.05,mid_peak,115.1,16.190992467833205
2025-02-18 13:00:00,52.53920477206419,36.8085,131.05,mid_peak,115.1,15.730704772064186
2025-02-18 14:00:00,54.1096680257003,36.669599999999996,131.05,mid_peak,115.1,17.440068025700306
2025-02-18 15:00:00,55.734392102512395,32.9193,131.05,mid_peak,115.1,22.815092102512395
2025-02-18 16:00:00,58.20946079395371,25.8354,131.05,on_peak,144.5,32.37406079395371
2025-02-18 17:00:00,60.478338357326315,16.3902,131.05,on_peak,144.5,44.088138357326315
2025-02-18 18:00:00,61.29535132343316,5.4171,130.78,on_peak,144.5,55.87825132343316
2025-02-18 19:00:00,60.80467845099897,0.1389,129.98,mid_peak,115.1,60.66577845099897
2025-02-18 20:00:00,58.62029274085753,0.0,129.9,mid_peak,115.1,58.62029274085753
2025-02-18 21:00:00,56.56225723325443,0.0,125.25,mid_peak,115.1,56.56225723325443
2025-02-18 22:00:00,56.388622599091306,0.0,125.25,off_peak,98.2,56.388622599091306
2025-02-18 23:00:00,55.74601942176439,0.0,113.94,off_peak,98.2,55.74601942176439
2025-02-19 00:00:00,52.89810135964243,0.0,107.9,off_peak,98.2,52.89810135964243
2025-02-19 01:00:00,50.94858749839129,0.0,101.77,off_peak,98.2,50.94858749839129
2025-02-19 02:00:00,49.832364850199774,0.0,98.38,off_peak,98.2,49.832364850199774
2025-02-19 03:00:00,49.27425352610402,0.0,97.93,off_peak,98.2,49.27425352610402
2025-02-19 04:00:00,49.80368412937819,0.0,98.42,off_peak,98.2,49.80368412937819
2025-02-19 05:00:00,51.1532283172264,0.0,102.35,off_peak,98.2,51.1532283172264
2025-02-19 06:00:00,54.284852969097024,0.0,113.2,off_peak,98.2,54.284852969097024
2025-02-19 07:00:00,58.41565192202242,0.0,128.69,off_peak,98.2,58.41565192202242
2025-02-19 08:00:00,61.735639145775366,1.1112,137.5,mid_peak,115.1,60.62443914577537
2025-02-19 09:00:00,60.45895949190632,9.722999999999999,142.09,on_peak,144.5,50.73595949190632
2025-02-19 10:00:00,57.86064121639386,20.0016,157.35,on_peak,144.5,37.85904121639386
2025-02-19 11:00:00,54.7910289338672,28.3356,138.32,on_peak,144.5,26.455428933867204
2025-02-19 12:00:00,50.85711925360893,34.5861,133.08,mid_peak,115.1,16.271019253608927
2025-02-19 13:00:00,52.73686919934811,37.3641,132.79,mid_peak,115.1,15.372769199348106
2025-02-19 14:00:00,54.05308173867393,37.0863,132.57,mid_peak,115.1,16.96678173867393
2025-02-19 15:00:00,55.68943313473801,32.7804,131.0,mid_peak,115.1,22.90903313473801
2025-02-19 16:00:00,58.28077501869927,25.6965,140.97,on_peak,144.5,32.58427501869927
2025-02-19 17:00:00,60.365940937890365,16.2513,132.55,on_peak,144.5,44.114640937890364
2025-02-19 18:00:00,61.129468235438026,5.556,130.74,on_peak,144.5,55.57346823543803
2025-02-19 19:00:00,60.836459790287755,0.1389,130.78,mid_peak,115.1,60.697559790287755
2025-02-19 20:00:00,58.93423036066139,0.0,129.84,mid_peak,115.1,58.93423036066139
2025-02-19 21:00:00,56.893248254627885,0.0,124.91,mid_peak,115.1,56.893248254627885
2025-02-19 22:00:00,56.56690816095523,0.0,128.0,off_peak,98.2,56.56690816095523
2025-02-19 23:00:00,55.96383786908509,0.0,128.37,off_peak,98.2,55.96383786908509
2025-02-20 00:00:00,53.14537568240153,0.0,113.06,off_peak,98.2,53.14537568240153
2025-02-20 01:00:00,51.18190903804798,0.0,98.68,off_peak,98.2,51.18190903804798
2025-02-20 02:00:00,50.03933113288529,0.0,97.71,off_peak,98.2,50.03933113288529
2025-02-20 03:00:00,49.41843228482876,0.0,82.54,off_peak,98.2,49.41843228482876
2025-02-20 04:00:00,49.794382273976595,0.0,83.49,off_peak,98.2,49.794382273976595
2025-02-20 05:00:00,51.23384439737356,0.0,98.78,off_peak,98.2,51.23384439737356
2025-02-20 06:00:00,54.23989400132265,0.0,113.15,off_peak,98.2,54.23989400132265
2025-02-20 07:00:00,58.73966655184468,0.0,128.79,off_peak,98.2,58.73966655184468
2025-02-20 08:00:00,61.93097810920888,1.1112,134.47,mid_peak,115.1,60.81977810920888
2025-02-20 09:00:00,60.22176217916563,9.5841,139.7,on_peak,144.5,50.63766217916563
2025-02-20 10:00:00,57.356790715474084,20.1405,159.56,on_peak,144.5,37.21629071547409
2025-02-20 11:00:00,54.47631615944654,28.196699999999996,134.45,on_peak,144.5,26.279616159446544
2025-02-20 12:00:00,51.10284326713442,34.863899999999994,134.03,mid_peak,115.1,16.238943267134424
2025-02-20 13:00:00,52.67718229385453,38.4753,132.82,mid_peak,115.1,14.201882293854531
2025-02-20 14:00:00,53.885648341445204,37.3641,130.24,mid_peak,115.1,16.521548341445204
2025-02-20 15:00:00,55.2615477862646,32.9193,130.24,mid_peak,115.1,22.3422477862646
2025-02-20 16:00:00,58.07225842678017,25.6965,132.82,on_peak,144.5,32.375758426780166
2025-02-20 17:00:00,60.45585887343913,16.5291,132.82,on_peak,144.5,43.92675887343913
2025-02-20 18:00:00,61.58680945934983,5.8338,132.82,on_peak,144.5,55.753009459349826
2025-02-20 19:00:00,61.05350308299166,0.2778,132.82,mid_peak,115.1,60.77570308299166
2025-02-20 20:00:00,58.88074469210221,0.0,126.33,mid_peak,115.1,58.88074469210221
2025-02-20 21:00:00,56.90952650158068,0.0,113.88,mid_peak,115.1,56.90952650158068
2025-02-20 22:00:00,56.48319146234086,0.0,113.88,off_peak,98.2,56.48319146234086
2025-02-20 23:00:00,55.809582100341956,0.0,122.75,off_peak,98.2,55.809582100341956
2025-02-21 00:00:00,52.846166000316856,0.0,107.9,off_peak,98.2,52.846166000316856
2025-02-21 01:00:00,50.798207502732154,0.0,97.98,off_peak,98.2,50.798207502732154
2025-02-21 02:00:00,49.59904331054308,0.0,102.32,off_peak,98.2,49.59904331054308
2025-02-21 03:00:00,49.07193817111931,0.0,84.33,off_peak,98.2,49.07193817111931
2025-02-21 04:00:00,49.39827826479197,0.0,101.64,off_peak,98.2,49.39827826479197
2025-02-21 05:00:00,50.66798152710981,0.0,101.91,off_peak,98.2,50.66798152710981
2025-02-21 06:00:00,53.59341505091173,0.0,107.07,off_peak,98.2,53.59341505091173
2025-02-21 07:00:00,57.941257296541025,0.0,132.8,off_peak,98.2,57.941257296541025
2025-02-21 08:00:00,62.059653775597624,1.2501,138.87,mid_peak,115.1,60.80955377559762
2025-02-21 09:00:00,60.972887002844494,9.3063,140.85,on_peak,144.5,51.666587002844494
2025-02-21 10:00:00,57.40872607479966,20.557199999999998,155.34,on_peak,144.5,36.851526074799665
2025-02-21 11:00:00,54.1127686441675,28.6134,140.38,on_peak,144.5,25.499368644167504
2025-02-21 12:00:00,50.44628730670511,34.5861,132.73,mid_peak,115.1,15.860187306705107
2025-02-21 13:00:00,52.13689952594517,37.6419,132.81,mid_peak,115.1,14.494999525945168
2025-02-21 14:00:00,52.873296411904846,36.669599999999996,132.54,mid_peak,115.1,16.20369641190485
2025-02-21 15:00:00,54.24609523825704,32.6415,132.81,mid_peak,115.1,21.60459523825704
2025-02-21 16:00:00,56.74984465051995,24.5853,132.81,on_peak,144.5,32.16454465051994
2025-02-21 17:00:00,58.786175828852656,15.140100000000002,132.81,on_peak,144.5,43.64607582885265
2025-02-21 18:00:00,59.6024136403427,5.0004,132.56,on_peak,144.5,54.6020136403427
2025-02-21 19:00:00,59.18925622958848,0.2778,126.31,mid_peak,115.1,58.91145622958848
2025-02-21 20:00:00,57.49011730956362,0.0,113.91,mid_peak,115.1,57.49011730956362
2025-02-21 21:00:00,55.734392102512395,0.0,113.67,mid_peak,115.1,55.734392102512395
2025-02-21 22:00:00,55.57626056068526,0.0,113.9,off_peak,98.2,55.57626056068526
2025-02-21 23:00:00,55.21581366387342,0.0,113.9,off_peak,98.2,55.21581366387342
2025-02-22 00:00:00,52.32603725244429,0.0,108.15,off_peak,98.2,52.32603725244429
2025-02-22 01:00:00,50.32691349571796,0.0,101.48,off_peak,98.2,50.32691349571796
2025-02-22 02:00:00,49.012251265625736,0.0,102.66,off_peak,98.2,49.012251265625736
2025-02-22 03:00:00,48.221593556490085,0.0,85.12,off_peak,98.2,48.221593556490085
2025-02-22 04:00:00,48.26655252426446,0.0,85.12,off_peak,98.2,48.26655252426446
2025-02-22 05:00:00,48.78823158137063,0.0,102.42,off_peak,98.2,48.78823158137063
2025-02-22 06:00:00,49.93546041423413,0.0,106.37,off_peak,98.2,49.93546041423413
2025-02-22 07:00:00,50.94316141607369,0.0,104.78,off_peak,98.2,50.94316141607369
2025-02-22 08:00:00,50.94858749839129,1.2501,103.15,mid_peak,115.1,49.69848749839129
2025-02-22 09:00:00,48.734745912811455,9.3063,98.05,mid_peak,115.1,39.428445912811455
2025-02-22 10:00:00,45.418634462142506,20.835,110.37,mid_peak,115.1,24.583634462142506
2025-02-22 11:00:00,42.44126557901502,28.752299999999995,80.29,mid_peak,115.1,13.688965579015022
2025-02-22 12:00:00,39.901083899762526,35.41949999999999,72.82,mid_peak,115.1,4.4815838997625335
2025-02-22 13:00:00,40.38710584449591,38.3364,0.0,mid_peak,115.1,2.0507058444959156
2025-02-22 14:00:00,40.81731665681973,37.2252,76.15,mid_peak,115.1,3.5921166568197265
2025-02-22 15:00:00,42.79086031119166,33.0582,79.69,mid_peak,115.1,9.732660311191658
2025-02-22 16:00:00,46.047284856367035,25.6965,82.46,mid_peak,115.1,20.350784856367035
2025-02-22 17:00:00,49.832364850199774,16.112399999999997,97.87,mid_peak,115.1,33.71996485019977
2025-02-22 18:00:00,52.398126631806655,5.2782,108.44,mid_peak,115.1,47.119926631806656
2025-02-22 19:00:00,52.70121208697532,0.2778,108.44,mid_peak,115.1,52.42341208697532
2025-02-22 20:00:00,51.955513345614044,0.0,108.44,mid_peak,115.1,51.955513345614044
2025-02-22 21:00:00,51.01525079543606,0.0,108.44,mid_peak,115.1,51.01525079543606
2025-02-22 22:00:00,51.40127779460229,0.0,108.44,off_peak,98.2,51.40127779460229
2025-02-22 23:00:00,51.32686295138952,0.0,108.44,off_peak,98.2,51.32686295138952
2025-02-23 00:00:00,48.78125518981944,0.0,104.96,off_peak,98.2,48.78125518981944
2025-02-23 01:00:00,46.82709040086749,0.0,86.42,off_peak,98.2,46.82709040086749
2025-02-23 02:00:00,45.51707909847607,0.0,86.39,off_peak,98.2,45.51707909847607
2025-02-23 03:00:00,44.91400880660593,0.0,84.98,off_peak,98.2,44.91400880660593
2025-02-23 04:00:00,45.05431179224667,0.0,85.83,off_peak,98.2,45.05431179224667
2025-02-23 05:00:00,45.64730507409841,0.0,86.43,off_peak,98.2,45.64730507409841
2025-02-23 06:00:00,46.579040923491604,0.0,98.4,off_peak,98.2,46.579040923491604
2025-02-23 07:00:00,46.933286583369046,0.0,97.34,off_peak,98.2,46.933286583369046
2025-02-23 08:00:00,45.05431179224667,1.5279,81.85,off_peak,98.2,43.52641179224667
2025-02-23 09:00:00,41.67386250838335,9.3063,79.67,off_peak,98.2,32.36756250838335
2025-02-23 10:00:00,40.29951337279755,20.9739,98.31,off_peak,98.2,19.325613372797548
2025-02-23 11:00:00,39.54838854911868,29.4468,72.76,off_peak,98.2,10.101588549118677
2025-02-23 12:00:00,39.29491298942519,35.41949999999999,72.76,off_peak,98.2,3.8754129894252003
2025-02-23 13:00:00,40.108825337064836,38.3364,6.21,off_peak,98.2,1.7724253370648384
2025-02-23 14:00:00,41.07079221651321,37.9197,72.76,off_peak,98.2,3.151092216513213
2025-02-23 15:00:00,43.11565009563072,34.3083,72.76,off_peak,98.2,8.807350095630717
2025-02-23 16:00:00,46.270529386005336,25.6965,79.67,off_peak,98.2,20.574029386005336
2025-02-23 17:00:00,49.93546041423413,15.5568,96.13,off_peak,98.2,34.378660414234126
2025-02-23 18:00:00,52.598891677557766,6.1116,104.96,off_peak,98.2,46.487291677557764
2025-02-23 19:00:00,52.92988269893122,0.2778,104.96,off_peak,98.2,52.652082698931224
2025-02-23 20:00:00,52.27255158388511,0.0,98.27,off_peak,98.2,52.27255158388511
2025-02-23 21:00:00,50.98812038384807,0.0,104.96,off_peak,98.2,50.98812038384807
2025-02-23 22:00:00,50.438535760537114,0.0,103.97,off_peak,98.2,50.438535760537114
2025-02-23 23:00:00,50.07343793602447,0.0,104.96,off_peak,98.2,50.07343793602447
2025-02-24 00:00:00,47.89680377205102,0.0,87.21,off_peak,98.2,47.89680377205102
2025-02-24 01:00:00,46.161232585036586,0.0,80.05,off_peak,98.2,46.161232585036586
2025-02-24 02:00:00,45.22329549870899,0.0,80.05,off_peak,98.2,45.22329549870899
2025-02-24 03:00:00,44.817114479505975,0.0,80.05,off_peak,98.2,44.817114479505975
2025-02-24 04:00:00,45.35817240203214,0.0,80.05,off_peak,98.2,45.35817240203214
2025-02-24 05:00:00,47.185986988445734,0.0,81.1,off_peak,98.2,47.185986988445734
2025-02-24 06:00:00,51.01370048620246,0.0,97.63,off_peak,98.2,51.01370048620246
2025-02-24 07:00:00,56.55605599632003,0.0,114.82,off_peak,98.2,56.55605599632003
2025-02-24 08:00:00,60.68065371231103,1.6667999999999998,130.83,mid_peak,115.1,59.013853712311025
2025-02-24 09:00:00,59.6039639495763,10.278599999999999,145.89,on_peak,144.5,49.3253639495763
2025-02-24 10:00:00,57.511821638834014,21.5295,149.46,on_peak,144.5,35.982321638834016
2025-02-24 11:00:00,54.83366243779118,29.8635,132.15,on_peak,144.5,24.970162437791185
2025-02-24 12:00:00,50.934634715288894,35.9751,126.28,mid_peak,115.1,14.959534715288896
2025-02-24 13:00:00,52.578737657520975,38.6142,126.28,mid_peak,115.1,13.964537657520978
2025-02-24 14:00:00,53.598065978612524,38.3364,126.28,mid_peak,115.1,15.261665978612527
2025-02-24 15:00:00,54.96078779494633,33.8916,132.15,mid_peak,115.1,21.06918779494633
2025-02-24 16:00:00,57.421128548668456,26.529899999999998,132.15,on_peak,144.5,30.891228548668458
2025-02-24 17:00:00,59.674503019705064,16.8069,132.15,on_peak,144.5,42.867603019705065
2025-02-24 18:00:00,60.69150587694622,6.5283,114.31,on_peak,144.5,54.16320587694622
2025-02-24 19:00:00,60.12331754283207,0.2778,114.31,mid_peak,115.1,59.84551754283207
2025-02-24 20:00:00,57.97923987276421,0.0,114.31,mid_peak,115.1,57.97923987276421
2025-02-24 21:00:00,55.835162202696345,0.0,113.9,mid_peak,115.1,55.835162202696345
2025-02-24 22:00:00,55.51889911904209,0.0,114.31,off_peak,98.2,55.51889911904209
2025-02-24 23:00:00,54.8026562531192,0.0,113.9,off_peak,98.2,54.8026562531192
2025-02-25 00:00:00,51.968690974099644,0.0,100.23,off_peak,98.2,51.968690974099644
2025-02-25 01:00:00,50.13079937766764,0.0,85.02,off_peak,98.2,50.13079937766764
2025-02-25 02:00:00,49.05798538801692,0.0,83.6,off_peak,98.2,49.05798538801692
2025-02-25 03:00:00,48.65723045113149,0.0,82.77,off_peak,98.2,48.65723045113149
2025-02-25 04:00:00,48.97426868940255,0.0,83.6,off_peak,98.2,48.97426868940255
2025-02-25 05:00:00,50.51915184068427,0.0,85.02,off_peak,98.2,50.51915184068427
2025-02-25 06:00:00,53.56628463932374,0.0,107.9,off_peak,98.2,53.56628463932374
2025-02-25 07:00:00,57.49631854649802,0.0,107.9,off_peak,98.2,57.49631854649802
2025-02-25 08:00:00,60.17137712907365,1.8056999999999999,130.79,mid_peak,115.1,58.365677129073646
2025-02-25 09:00:00,58.52494872299117,9.4452,130.79,on_peak,144.5,49.07974872299117
2025-02-25 10:00:00,56.092513535473834,20.557199999999998,150.78,on_peak,144.5,35.53531353547383
2025-02-25 11:00:00,53.6531019564053,28.891199999999998,142.0,on_peak,144.5,24.761901956405303
2025-02-25 12:00:00,51.385774702266296,27.3633,128.4,mid_peak,115.1,24.022474702266297
2025-02-25 13:00:00,54.43213234628896,26.1132,128.32,mid_peak,115.1,28.31893234628896
2025-02-25 14:00:00,55.86461807813473,13.7511,128.32,mid_peak,115.1,42.11351807813473
2025-02-25 15:00:00,57.36066648855808,8.7507,128.32,mid_peak,115.1,48.60996648855808
2025-02-25 16:00:00,58.77609881883426,11.112,144.44,on_peak,144.5,47.664098818834255
2025-02-25 17:00:00,59.214061177326066,9.167399999999999,130.78,on_peak,144.5,50.046661177326065
2025-02-25 18:00:00,59.30165364902443,2.0835,114.94,on_peak,144.5,57.21815364902443
2025-02-25 19:00:00,58.58463562848474,0.1389,114.94,mid_peak,115.1,58.44573562848474
2025-02-25 20:00:00,56.44365857688408,0.0,113.0,mid_peak,115.1,56.44365857688408
2025-02-25 21:00:00,54.259272866742634,0.0,109.59,mid_peak,115.1,54.259272866742634
2025-02-25 22:00:00,54.242219465173044,0.0,109.59,off_peak,98.2,54.242219465173044
2025-02-25 23:00:00,53.57946226780933,0.0,109.59,off_peak,98.2,53.57946226780933
2025-02-26 00:00:00,50.73386966953778,0.0,105.07,off_peak,98.2,50.73386966953778
2025-02-26 01:00:00,48.666532306533085,0.0,97.54,off_peak,98.2,48.666532306533085
2025-02-26 02:00:00,47.4921730620816,0.0,82.1,off_peak,98.2,47.4921730620816
2025-02-26 03:00:00,47.01777843660021,0.0,82.1,off_peak,98.2,47.01777843660021
2025-02-26 04:00:00,47.2805558516953,0.0,82.1,off_peak,98.2,47.2805558516953
2025-02-26 05:00:00,48.6456031318795,0.0,87.2,off_peak,98.2,48.6456031318795
2025-02-26 06:00:00,51.69661170360296,0.0,113.35,off_peak,98.2,51.69661170360296
2025-02-26 07:00:00,55.57471025145166,0.0,113.99,off_peak,98.2,55.57471025145166
2025-02-26 08:00:00,58.84741304357983,1.389,123.71,mid_peak,115.1,57.458413043579824
2025-02-26 09:00:00,57.20253494673095,7.222799999999999,130.86,on_peak,144.5,49.97973494673095
2025-02-26 10:00:00,54.10656740723311,18.8904,141.24,on_peak,144.5,35.21616740723311
2025-02-26 11:00:00,50.609069776233035,30.002399999999998,130.54,on_peak,144.5,20.606669776233037
2025-02-26 12:00:00,46.83716741088589,35.6973,127.29,mid_peak,115.1,11.139867410885891
2025-02-26 13:00:00,48.59366777255392,39.4476,128.75,mid_peak,115.1,9.14606777255392
2025-02-26 14:00:00,49.59516753745908,39.030899999999995,130.11,mid_peak,115.1,10.564267537459088
2025-02-26 15:00:00,50.83076399663774,34.0305,128.35,mid_peak,115.1,16.80026399663774
2025-02-26 16:00:00,53.16397939320472,26.529899999999998,130.79,on_peak,144.5,26.634079393204722
2025-02-26 17:00:00,55.455336440464514,17.084699999999998,126.36,on_peak,144.5,38.370636440464516
2025-02-26 18:00:00,57.16300206127416,6.3894,113.98,on_peak,144.5,50.77360206127416
2025-02-26 19:00:00,57.38159566321167,0.2778,113.98,mid_peak,115.1,57.10379566321167
2025-02-26 20:00:00,55.862292614284335,0.0,113.98,mid_peak,115.1,55.862292614284335
2025-02-26 21:00:00,54.29725544296582,0.0,113.99,mid_peak,115.1,54.29725544296582
2025-02-26 22:00:00,54.245320083640244,0.0,113.99,off_peak,98.2,54.245320083640244
2025-02-26 23:00:00,53.53217783618456,0.0,114.01,off_peak,98.2,53.53217783618456
2025-02-27 00:00:00,50.502873593731486,0.0,97.37,off_peak,98.2,50.502873593731486
2025-02-27 01:00:00,48.649478904963495,0.0,88.86,off_peak,98.2,48.649478904963495
2025-02-27 02:00:00,47.647203985441536,0.0,88.86,off_peak,98.2,47.647203985441536
2025-02-27 03:00:00,47.10847152676577,0.0,88.86,off_peak,98.2,47.10847152676577
2025-02-27 04:00:00,47.627049965404744,0.0,88.86,off_peak,98.2,47.627049965404744
2025-02-27 05:00:00,49.15798033358407,0.0,98.32,off_peak,98.2,49.15798033358407
2025-02-27 06:00:00,52.243095708446724,0.0,99.28,off_peak,98.2,52.243095708446724
2025-02-27 07:00:00,56.14444889479941,0.0,113.61,off_peak,98.2,56.14444889479941
2025-02-27 08:00:00,58.85904036283182,1.9446,118.96,mid_peak,115.1,56.91444036283182
2025-02-27 09:00:00,57.11029154733179,9.722999999999999,118.94,on_peak,144.5,47.38729154733179
2025-02-27 10:00:00,53.92053029920119,20.557199999999998,118.91,on_peak,144.5,33.363330299201195
2025-02-27 11:00:00,50.59744245698104,29.169,117.09,on_peak,144.5,21.428442456981042
2025-02-27 12:00:00,47.0472343120386,35.41949999999999,100.23,mid_peak,115.1,11.627734312038605
2025-02-27 13:00:00,48.92775941239457,38.3364,102.15,mid_peak,115.1,10.591359412394574
2025-02-27 14:00:00,49.9959224743445,37.6419,102.32,mid_peak,115.1,12.354022474344504
2025-02-27 15:00:00,51.27802821053114,33.752700000000004,112.76,mid_peak,115.1,17.525328210531136
2025-02-27 16:00:00,53.52132567154936,26.391,112.76,on_peak,144.5,27.130325671549365
2025-02-27 17:00:00,55.14915036682865,16.3902,113.15,on_peak,144.5,38.75895036682865
2025-02-27 18:00:00,56.30800651894414,4.4448,113.34,on_peak,144.5,51.86320651894414
2025-02-27 19:00:00,56.325835075130534,0.2778,113.4,mid_peak,115.1,56.048035075130535
2025-02-27 20:00:00,54.66312842209526,0.0,107.64,mid_peak,115.1,54.66312842209526
2025-02-27 21:00:00,52.924456616613625,0.0,107.64,mid_peak,115.1,52.924456616613625
2025-02-27 22:00:00,52.57951281213777,0.0,107.64,off_peak,98.2,52.57951281213777
2025-02-27 23:00:00,51.91055437783967,0.0,107.64,off_peak,98.2,51.91055437783967
2025-02-28 00:00:00,48.89287745463859,0.0,87.2,off_peak,98.2,48.89287745463859
2025-02-28 01:00:00,46.861972358623476,0.0,81.74,off_peak,98.2,46.861972358623476
2025-02-28 02:00:00,45.64575476486481,0.0,80.53,off_peak,98.2,45.64575476486481
2025-02-28 03:00:00,45.176786221701015,0.0,80.53,off_peak,98.2,45.176786221701015
2025-02-28 04:00:00,45.502351160756874,0.0,80.53,off_peak,98.2,45.502351160756874
2025-02-28 05:00:00,46.82864071010109,0.0,80.71,off_peak,98.2,46.82864071010109
2025-02-28 06:00:00,49.48199496340633,0.0,88.12,off_peak,98.2,49.48199496340633
2025-02-28 07:00:00,53.17560671245671,0.0,99.18,off_peak,98.2,53.17560671245671
2025-02-28 08:00:00,56.89092279077749,1.1112,115.69,mid_peak,115.1,55.77972279077749
2025-02-28 09:00:00,56.92580474853347,3.4724999999999997,131.01,on_peak,144.5,53.453304748533476
2025-02-28 10:00:00,55.064658513597486,5.4171,138.69,on_peak,144.5,49.64755851359749
2025-02-28 11:00:00,52.440760135730635,8.8896,130.81,on_peak,144.5,43.55116013573063
2025-02-28 12:00:00,48.695213027354676,10.5564,115.63,mid_peak,115.1,38.13881302735467
2025-02-28 13:00:00,48.94016188626337,22.5018,115.61,mid_peak,115.1,26.43836188626337
2025-02-28 14:00:00,48.11694768322213,32.6415,115.61,mid_peak,115.1,15.475447683222129
2025-02-28 15:00:00,48.06268686004615,19.5849,115.61,mid_peak,115.1,28.477786860046148
2025-02-28 16:00:00,50.0067746389797,22.3629,115.6,on_peak,144.5,27.6438746389797
2025-02-28 17:00:00,51.781103556834125,13.1955,113.83,on_peak,144.5,38.58560355683413
2025-02-28 18:00:00,53.31358423424705,4.8614999999999995,100.14,on_peak,144.5,48.45208423424705
2025-02-28 19:00:00,53.59186474167813,0.2778,100.14,mid_peak,115.1,53.31406474167813
2025-02-28 20:00:00,52.459363846533826,0.0,99.2,mid_peak,115.1,52.459363846533826
2025-02-28 21:00:00,51.19198604806638,0.0,95.27,mid_peak,115.1,51.19198604806638
2025-02-28 22:00:00,51.229193469672765,0.0,92.54,off_peak,98.2,51.229193469672765
2025-02-28 23:00:00,50.9230073960369,0.0,92.54,off_peak,98.2,50.9230073960369
2025-03-01 00:00:00,48.15880603252931,0.0,95.61,off_peak,90.8,48.15880603252931
2025-03-01 01:00:00,46.22867103669815,0.0,86.26,off_peak,90.8,46.22867103669815
2025-03-01 02:00:00,44.93958890896032,0.0,84.33,off_peak,90.8,44.93958890896032
2025-03-01 03:00:00,44.28458325776461,0.0,81.71,off_peak,90.8,44.28458325776461
2025-03-01 04:00:00,44.259778310027016,0.0,81.71,off_peak,90.8,44.259778310027016
2025-03-01 05:00:00,44.96981993901551,0.0,81.91,off_peak,90.8,44.96981993901551
2025-03-01 06:00:00,45.92170980844549,0.0,84.33,off_peak,90.8,45.92170980844549
2025-03-01 07:00:00,46.3449442292181,0.0,84.08,off_peak,90.8,46.3449442292181
2025-03-01 08:00:00,46.183712068923775,1.389,95.6,mid_peak,95.6,44.79471206892377
2025-03-01 09:00:00,46.03798300096544,5.0004,99.33,mid_peak,95.6,41.03758300096544
2025-03-01 10:00:00,46.26432814907094,5.0004,112.34,mid_peak,95.6,41.26392814907094
2025-03-01 11:00:00,45.4504158014313,16.5291,99.33,mid_peak,95.6,28.921315801431298
2025-03-01 12:00:00,44.96594416593151,31.946999999999996,99.33,mid_peak,95.6,13.018944165931515
2025-03-01 13:00:00,46.323239899947716,17.6403,99.33,mid_peak,95.6,28.682939899947716
2025-03-01 14:00:00,47.2673782232097,4.4448,99.33,mid_peak,95.6,42.822578223209696
2025-03-01 15:00:00,47.10614606291537,3.1947,99.33,mid_peak,95.6,43.911446062915374
2025-03-01 16:00:00,47.16815843225935,9.3063,98.4,mid_peak,95.6,37.861858432259346
2025-03-01 17:00:00,47.69836419015031,6.3894,95.86,mid_peak,95.6,41.308964190150306
2025-03-01 18:00:00,48.83784147684581,3.4724999999999997,95.91,mid_peak,95.6,45.36534147684581
2025-03-01 19:00:00,49.02697920334493,0.2778,95.95,mid_peak,95.6,48.74917920334493
2025-03-01 20:00:00,48.30065932740365,0.0,95.92,mid_peak,95.6,48.30065932740365
2025-03-01 21:00:00,47.47589481512881,0.0,86.26,mid_peak,95.6,47.47589481512881
2025-03-01 22:00:00,47.09606905289697,0.0,95.61,off_peak,90.8,47.09606905289697
2025-03-01 23:00:00,46.67748555982516,0.0,86.26,off_peak,90.8,46.67748555982516
2025-03-02 00:00:00,44.53650850822449,0.0,84.9,off_peak,90.8,44.53650850822449
2025-03-02 01:00:00,42.2327489870959,0.0,82.37,off_peak,90.8,42.2327489870959
2025-03-02 02:00:00,40.933589849339675,0.0,79.49,off_peak,90.8,40.933589849339675
2025-03-02 03:00:00,40.35532450520713,0.0,79.49,off_peak,90.8,40.35532450520713
2025-03-02 04:00:00,40.43594058535429,0.0,79.49,off_peak,90.8,40.43594058535429
2025-03-02 05:00:00,40.96382087939486,0.0,79.49,off_peak,90.8,40.96382087939486
2025-03-02 06:00:00,41.833544359444076,0.0,80.18,off_peak,90.8,41.833544359444076
2025-03-02 07:00:00,42.4753723821542,0.0,81.49,off_peak,90.8,42.4753723821542
2025-03-02 08:00:00,43.08851968404273,0.41669999999999996,81.06,off_peak,90.8,42.67181968404273
2025-03-02 09:00:00,42.84667144360124,2.2224,79.49,off_peak,90.8,40.62427144360124
2025-03-02 10:00:00,42.14980744309834,5.8338,79.53,off_peak,90.8,36.31600744309834
2025-03-02 11:00:00,41.001803455618045,8.056199999999999,79.53,off_peak,90.8,32.94560345561805
2025-03-02 12:00:00,40.36850213369272,16.9458,79.49,off_peak,90.8,23.422702133692724
2025-03-02 13:00:00,41.136680358941184,25.002,79.49,off_peak,90.8,16.134680358941186
2025-03-02 14:00:00,42.54281083381577,8.8896,79.49,off_peak,90.8,33.65321083381577
2025-03-02 15:00:00,43.80088677688162,2.9169,80.18,off_peak,90.8,40.88398677688162
2025-03-02 16:00:00,45.137253336244235,1.389,82.37,off_peak,90.8,43.74825333624423
2025-03-02 17:00:00,46.56508814038921,0.8333999999999999,86.26,off_peak,90.8,45.73168814038921
2025-03-02 18:00:00,47.83091562962305,0.2778,86.26,off_peak,90.8,47.55311562962305
2025-03-02 19:00:00,47.99912418146858,0.1389,86.26,off_peak,90.8,47.86022418146858
2025-03-02 20:00:00,47.40147997191604,0.0,86.26,off_peak,90.8,47.40147997191604
2025-03-02 21:00:00,46.76275256767312,0.0,86.26,off_peak,90.8,46.76275256767312
2025-03-02 22:00:00,46.39532927931008,0.0,86.26,off_peak,90.8,46.39532927931008
2025-03-02 23:00:00,46.10929722571101,0.0,86.26,off_peak,90.8,46.10929722571101
2025-03-03 00:00:00,43.93576368020476,0.0,81.32,off_peak,90.8,43.93576368020476
2025-03-03 01:00:00,42.2490272340487,0.0,79.49,off_peak,90.8,42.2490272340487
2025-03-03 02:00:00,41.347522414710696,0.0,79.49,off_peak,90.8,41.347522414710696
2025-03-03 03:00:00,40.98862582713245,0.0,79.49,off_peak,90.8,40.98862582713245
2025-03-03 04:00:00,41.3320193223747,0.0,79.49,off_peak,90.8,41.3320193223747
2025-03-03 05:00:00,42.407933930492625,0.0,79.49,off_peak,90.8,42.407933930492625
2025-03-03 06:00:00,44.0613387281263,0.0,81.76,off_peak,90.8,44.0613387281263
2025-03-03 07:00:00,46.45269072095326,0.0,83.21,off_peak,90.8,46.45269072095326
2025-03-03 08:00:00,49.305259710776006,0.6945,95.61,off_peak,90.8,48.61075971077601
2025-03-03 09:00:00,49.90988031187974,5.556,113.26,off_peak,90.8,44.35388031187974
2025-03-03 10:00:00,49.583540218207084,9.167399999999999,113.26,off_peak,90.8,40.41614021820708
2025-03-03 11:00:00,47.94176273982541,25.9743,114.75,off_peak,90.8,21.967462739825407
2025-03-03 12:00:00,45.79768506975754,36.114,114.75,off_peak,90.8,9.683685069757544
2025-03-03 13:00:00,46.67283463212436,39.030899999999995,114.75,off_peak,90.8,7.641934632124368
2025-03-03 14:00:00,47.19838946231453,36.9474,114.75,off_peak,90.8,10.250989462314529
2025-03-03 15:00:00,47.99369809915098,33.6138,114.75,off_peak,90.8,14.379898099150985
2025-03-03 16:00:00,49.182785281321664,21.1128,114.18,off_peak,90.8,28.069985281321664
2025-03-03 17:00:00,50.59821761159784,12.9177,114.29,off_peak,90.8,37.680517611597836
2025-03-03 18:00:00,52.443860754197836,4.583699999999999,114.07,off_peak,90.8,47.860160754197835
2025-03-03 19:00:00,52.44153529034743,0.41669999999999996,112.98,off_peak,90.8,52.02483529034743
2025-03-03 20:00:00,51.6082440772878,0.0,98.41,off_peak,90.8,51.6082440772878
2025-03-03 21:00:00,50.39435194737953,0.0,97.48,off_peak,90.8,50.39435194737953
2025-03-03 22:00:00,49.7788791816406,0.0,95.61,off_peak,90.8,49.7788791816406
2025-03-03 23:00:00,49.102944355791294,0.0,94.07,off_peak,90.8,49.102944355791294
2025-03-04 00:00:00,46.59531917044439,0.0,83.19,off_peak,90.8,46.59531917044439
2025-03-04 01:00:00,44.85354674649556,0.0,83.19,off_peak,90.8,44.85354674649556
2025-03-04 02:00:00,43.75515265449044,0.0,83.19,off_peak,90.8,43.75515265449044
2025-03-04 03:00:00,43.40788338616419,0.0,83.19,off_peak,90.8,43.40788338616419
2025-03-04 04:00:00,44.00862821418393,0.0,83.19,off_peak,90.8,44.00862821418393
2025-03-04 05:00:00,45.65815723873361,0.0,83.19,off_peak,90.8,45.65815723873361
2025-03-04 06:00:00,49.04868353261532,0.0,83.19,off_peak,90.8,49.04868353261532
2025-03-04 07:00:00,54.82746120085679,0.0,97.69,off_peak,90.8,54.82746120085679
2025-03-04 08:00:00,61.72323667190657,0.41669999999999996,113.65,mid_peak,95.6,61.30653667190657
2025-03-04 09:00:00,65.13159152197467,1.389,152.84,mid_peak,95.6,63.74259152197467
2025-03-04 10:00:00,65.9865870643047,1.8056999999999999,149.92,mid_peak,95.6,64.1808870643047
2025-03-04 11:00:00,65.18197657206666,4.8614999999999995,131.28,on_peak,114.8,60.32047657206666
2025-03-04 12:00:00,62.67202592286935,7.5005999999999995,129.9,mid_peak,95.6,55.17142592286935
2025-03-04 13:00:00,63.63631826616813,9.8619,131.28,on_peak,114.8,53.774418266168134
2025-03-04 14:00:00,61.85966388446331,16.9458,129.9,on_peak,114.8,44.91386388446331
2025-03-04 15:00:00,59.77682342912262,10.8342,129.52,on_peak,114.8,48.94262342912262
2025-03-04 16:00:00,59.910925177828965,9.167399999999999,125.75,on_peak,114.8,50.743525177828964
2025-03-04 17:00:00,59.99231641259293,10.8342,113.4,on_peak,114.8,49.15811641259293
2025-03-04 18:00:00,60.321757124732784,4.7226,113.56,mid_peak,95.6,55.599157124732784
2025-03-04 19:00:00,58.970662627650974,0.5556,113.56,mid_peak,95.6,58.415062627650975
2025-03-04 20:00:00,56.480865998490465,0.0,134.85,mid_peak,95.6,56.480865998490465
2025-03-04 21:00:00,54.45073605709215,0.0,109.32,mid_peak,95.6,54.45073605709215
2025-03-04 22:00:00,53.831387518269224,0.0,110.22,off_peak,90.8,53.831387518269224
2025-03-04 23:00:00,52.95236218281841,0.0,97.69,off_peak,90.8,52.95236218281841
2025-03-05 00:00:00,49.87344804489016,0.0,96.24,off_peak,90.8,49.87344804489016
2025-03-05 01:00:00,47.9502894406102,0.0,85.51,off_peak,90.8,47.9502894406102
2025-03-05 02:00:00,46.78135627847631,0.0,85.51,off_peak,90.8,46.78135627847631
2025-03-05 03:00:00,46.183712068923775,0.0,85.51,off_peak,90.8,46.183712068923775
2025-03-05 04:00:00,46.56276267653881,0.0,85.51,off_peak,90.8,46.56276267653881
2025-03-05 05:00:00,47.971218615263794,0.0,85.51,off_peak,90.8,47.971218615263794
2025-03-05 06:00:00,50.815260904301745,0.0,96.9,off_peak,90.8,50.815260904301745
2025-03-05 07:00:00,55.4971947897717,0.0,113.06,off_peak,90.8,55.4971947897717
2025-03-05 08:00:00,60.555078664389484,0.8333999999999999,129.05,mid_peak,95.6,59.721678664389486
2025-03-05 09:00:00,62.42475160011026,3.6113999999999997,147.99,mid_peak,95.6,58.813351600110266
2025-03-05 10:00:00,61.86121419369691,7.3617,149.57,mid_peak,95.6,54.49951419369691
2025-03-05 11:00:00,59.610940341127495,12.3621,131.87,on_peak,114.8,47.2488403411275
2025-03-05 12:00:00,56.6312459941496,13.1955,128.98,mid_peak,95.6,43.4357459941496
2025-03-05 13:00:00,58.06605718984577,13.1955,131.55,on_peak,114.8,44.87055718984577
2025-03-05 14:00:00,58.599363566203934,19.8627,131.28,on_peak,114.8,38.73666356620393
2025-03-05 15:00:00,58.80245407580545,20.4183,127.29,on_peak,114.8,38.384154075805455
2025-03-05 16:00:00,59.23188973351246,15.001199999999999,122.44,on_peak,114.8,44.23068973351246
2025-03-05 17:00:00,58.41100099432162,14.3067,121.47,on_peak,114.8,44.10430099432162
2025-03-05 18:00:00,58.41952769510642,6.8061,121.61,mid_peak,95.6,51.61342769510642
2025-03-05 19:00:00,57.51724772115161,0.5556,122.26,mid_peak,95.6,56.961647721151614
2025-03-05 20:00:00,55.499520253622094,0.0,134.16,mid_peak,95.6,55.499520253622094
2025-03-05 21:00:00,53.587213813977336,0.0,113.65,mid_peak,95.6,53.587213813977336
2025-03-05 22:00:00,53.2135892886799,0.0,111.89,off_peak,90.8,53.2135892886799
2025-03-05 23:00:00,52.398126631806655,0.0,112.42,off_peak,90.8,52.398126631806655
2025-03-06 00:00:00,49.468817334920736,0.0,96.15,off_peak,90.8,49.468817334920736
2025-03-06 01:00:00,47.661156768543925,0.0,85.9,off_peak,90.8,47.661156768543925
2025-03-06 02:00:00,46.67360978674116,0.0,85.62,off_peak,90.8,46.67360978674116
2025-03-06 03:00:00,46.185262378157375,0.0,85.62,off_peak,90.8,46.185262378157375
2025-03-06 04:00:00,46.497649688727634,0.0,85.62,off_peak,90.8,46.497649688727634
2025-03-06 05:00:00,48.01695273765497,0.0,85.9,off_peak,90.8,48.01695273765497
2025-03-06 06:00:00,51.174932646496785,0.0,96.9,off_peak,90.8,51.174932646496785
2025-03-06 07:00:00,55.340613557178166,0.0,97.84,off_peak,90.8,55.340613557178166
2025-03-06 08:00:00,58.26604708098008,2.778,113.97,mid_peak,95.6,55.48804708098008
2025-03-06 09:00:00,56.74441856820235,10.8342,130.22,mid_peak,95.6,45.91021856820235
2025-03-06 10:00:00,54.06393390330912,22.0851,151.39,mid_peak,95.6,31.97883390330912
2025-03-06 11:00:00,51.32763810600632,30.558000000000003,130.22,on_peak,114.8,20.769638106006315
2025-03-06 12:00:00,49.16418157051847,36.530699999999996,112.54,mid_peak,95.6,12.633481570518477
2025-03-06 13:00:00,50.9199067775697,38.3364,113.37,on_peak,114.8,12.583506777569703
2025-03-06 14:00:00,51.358644290678306,37.9197,113.79,on_peak,114.8,13.438944290678307
2025-03-06 15:00:00,52.284178903137104,35.41949999999999,113.36,on_peak,114.8,16.86467890313711
2025-03-06 16:00:00,54.43368265552256,28.0578,113.94,on_peak,114.8,26.37588265552256
2025-03-06 17:00:00,56.06925889696984,17.7792,113.95,on_peak,114.8,38.29005889696984
2025-03-06 18:00:00,57.845913278674665,7.0839,113.96,mid_peak,95.6,50.762013278674665
2025-03-06 19:00:00,57.400974528631664,0.6945,113.08,mid_peak,95.6,56.70647452863167
2025-03-06 20:00:00,55.741368494063586,0.0,101.11,mid_peak,95.6,55.741368494063586
2025-03-06 21:00:00,53.8848731868284,0.0,97.84,mid_peak,95.6,53.8848731868284
2025-03-06 22:00:00,53.58643865936053,0.0,97.84,off_peak,90.8,53.58643865936053
2025-03-06 23:00:00,52.824461671046464,0.0,97.84,off_peak,90.8,52.824461671046464
2025-03-07 00:00:00,49.954839279654124,0.0,94.02,off_peak,90.8,49.954839279654124
2025-03-07 01:00:00,47.87509944278063,0.0,85.51,off_peak,90.8,47.87509944278063
2025-03-07 02:00:00,46.83096617395149,0.0,85.51,off_peak,90.8,46.83096617395149
2025-03-07 03:00:00,46.541833501885215,0.0,85.51,off_peak,90.8,46.541833501885215
2025-03-07 04:00:00,47.0387076112538,0.0,85.51,off_peak,90.8,47.0387076112538
2025-03-07 05:00:00,48.581265298685125,0.0,88.92,off_peak,90.8,48.581265298685125
2025-03-07 06:00:00,51.591965830335006,0.0,96.9,off_peak,90.8,51.591965830335006
2025-03-07 07:00:00,55.57548540606846,0.0,109.57,off_peak,90.8,55.57548540606846
2025-03-07 08:00:00,57.559106070458796,2.6391,121.7,mid_peak,95.6,54.9200060704588
2025-03-07 09:00:00,56.008796836859474,10.9731,130.22,mid_peak,95.6,45.03569683685947
2025-03-07 10:00:00,53.222891144081494,20.557199999999998,130.22,mid_peak,95.6,32.66569114408149
2025-03-07 11:00:00,50.06801185370687,28.0578,130.21,on_peak,114.8,22.01021185370687
2025-03-07 12:00:00,47.14257832990496,32.3637,111.96,mid_peak,95.6,14.778878329904956
2025-03-07 13:00:00,48.6293248849267,30.558000000000003,130.22,on_peak,114.8,18.0713248849267
2025-03-07 14:00:00,49.89050144645975,29.169,130.21,on_peak,114.8,20.72150144645975
2025-03-07 15:00:00,51.55320809949502,23.613,130.22,on_peak,114.8,27.940208099495024
2025-03-07 16:00:00,54.1267214272699,21.807299999999998,130.22,on_peak,114.8,32.3194214272699
2025-03-07 17:00:00,55.17783108765023,8.8896,113.95,on_peak,114.8,46.28823108765023
2025-03-07 18:00:00,56.254520850384964,4.167,113.22,mid_peak,95.6,52.08752085038496
2025-03-07 19:00:00,55.69795983552281,0.41669999999999996,113.23,mid_peak,95.6,55.28125983552281
2025-03-07 20:00:00,54.10501709799951,0.0,111.38,mid_peak,95.6,54.10501709799951
2025-03-07 21:00:00,52.493470649673014,0.0,110.68,mid_peak,95.6,52.493470649673014
2025-03-07 22:00:00,52.250072099997915,0.0,110.79,off_peak,90.8,52.250072099997915
2025-03-07 23:00:00,51.51755098712224,0.0,97.84,off_peak,90.8,51.51755098712224
2025-03-08 00:00:00,48.625449111842705,0.0,129.32,off_peak,90.8,48.625449111842705
2025-03-08 01:00:00,46.67128432289076,0.0,122.96,off_peak,90.8,46.67128432289076
2025-03-08 02:00:00,45.38840343208732,0.0,123.27,off_peak,90.8,45.38840343208732
2025-03-08 03:00:00,44.84579520032756,0.0,122.77,off_peak,90.8,44.84579520032756
2025-03-08 04:00:00,44.86982499344835,0.0,123.27,off_peak,90.8,44.86982499344835
2025-03-08 05:00:00,45.479871676869685,0.0,122.69,off_peak,90.8,45.479871676869685
2025-03-08 06:00:00,46.630201128200376,0.0,123.26,off_peak,90.8,46.630201128200376
2025-03-08 07:00:00,47.2712539962937,0.0,123.22,off_peak,90.8,47.2712539962937
2025-03-08 08:00:00,46.91700833641625,1.9446,114.14,mid_peak,95.6,44.97240833641625
2025-03-08 09:00:00,46.23719773748295,7.7784,96.99,mid_peak,95.6,38.45879773748295
2025-03-08 10:00:00,45.379876731302524,19.1682,114.29,mid_peak,95.6,26.211676731302525
2025-03-08 11:00:00,43.77220605606003,22.5018,114.27,mid_peak,95.6,21.27040605606003
2025-03-08 12:00:00,41.56999178973219,33.0582,114.26,mid_peak,95.6,8.511791789732193
2025-03-08 13:00:00,40.77778377136294,39.7254,96.99,mid_peak,95.6,1.0523837713629405
2025-03-08 14:00:00,41.07234252574681,38.3364,96.57,mid_peak,95.6,2.7359425257468146
2025-03-08 15:00:00,41.872302090284066,34.169399999999996,96.54,mid_peak,95.6,7.70290209028407
2025-03-08 16:00:00,43.70476760439846,26.8077,96.51,mid_peak,95.6,16.897067604398462
2025-03-08 17:00:00,46.098445061075815,17.084699999999998,96.99,mid_peak,95.6,29.013745061075817
2025-03-08 18:00:00,48.785906117520234,6.3894,122.87,mid_peak,95.6,42.39650611752023
2025-03-08 19:00:00,49.44401238718314,0.6945,123.16,mid_peak,95.6,48.749512387183145
2025-03-08 20:00:00,48.758775705932244,0.0,123.0,mid_peak,95.6,48.758775705932244
2025-03-08 21:00:00,48.03323098460776,0.0,122.75,mid_peak,95.6,48.03323098460776
2025-03-08 22:00:00,48.4060803552884,0.0,140.44,off_peak,90.8,48.4060803552884
2025-03-08 23:00:00,48.11074644628773,0.0,140.44,off_peak,90.8,48.11074644628773
2025-03-09 00:00:00,45.59304425092243,0.0,154.76,off_peak,90.8,45.59304425092243
2025-03-09 01:00:00,43.66135894585768,0.0,97.6,off_peak,90.8,43.66135894585768
2025-03-09 02:00:00,42.483899082939,0.0,89.37,off_peak,90.8,42.483899082939
2025-03-09 03:00:00,41.96222002583282,0.0,97.6,off_peak,90.8,41.96222002583282
2025-03-09 04:00:00,42.13197888691195,0.0,113.96,off_peak,90.8,42.13197888691195
2025-03-09 05:00:00,42.83426896973244,0.0,143.08,off_peak,90.8,42.83426896973244
2025-03-09 06:00:00,43.69314028514646,0.0,114.74,off_peak,90.8,43.69314028514646
2025-03-09 07:00:00,43.3939306030618,0.0,96.67,off_peak,90.8,43.3939306030618
2025-03-09 08:00:00,40.866926552294906,2.778,78.49,off_peak,90.8,38.08892655229491
2025-03-09 09:00:00,37.72057396270508,11.528699999999999,77.77,off_peak,90.8,26.19187396270508
2025-03-09 10:00:00,35.86640411932029,21.807299999999998,0.0,off_peak,90.8,14.059104119320295
2025-03-09 11:00:00,33.875807063378765,30.141299999999998,0.0,off_peak,90.8,3.734507063378768
2025-03-09 12:00:00,32.846401732268816,35.9751,0.0,off_peak,90.8,0.0
2025-03-09 13:00:00,32.95104760553677,39.030899999999995,0.0,off_peak,90.8,0.0
2025-03-09 14:00:00,33.97192623586192,38.1975,0.0,off_peak,90.8,0.0
2025-03-09 15:00:00,35.97415061105544,35.14169999999999,79.29,off_peak,90.8,0.8324506110554495
2025-03-09 16:00:00,39.70807040017941,27.641099999999998,95.61,off_peak,90.8,12.066970400179411
2025-03-09 17:00:00,43.8365438892544,18.4737,122.91,off_peak,90.8,25.3628438892544
2025-03-09 18:00:00,47.308461417900084,7.5005999999999995,146.46,off_peak,90.8,39.807861417900085
2025-03-09 19:00:00,48.35569530519642,0.8333999999999999,143.36,off_peak,90.8,47.52229530519642
2025-03-09 20:00:00,48.21694262878928,0.0,141.31,off_peak,90.8,48.21694262878928
2025-03-09 21:00:00,47.398379353448846,0.0,145.65,off_peak,90.8,47.398379353448846
2025-03-09 22:00:00,46.96894369574183,0.0,141.31,off_peak,90.8,46.96894369574183
2025-03-09 23:00:00,46.120924544963,0.0,145.77,off_peak,90.8,46.120924544963
2025-03-10 00:00:00,43.794685539947224,0.0,113.11,off_peak,90.8,43.794685539947224
2025-03-10 01:00:00,42.100972702239964,0.0,99.73,off_peak,90.8,42.100972702239964
2025-03-10 02:00:00,41.3289187039075,0.0,97.02,off_peak,90.8,41.3289187039075
2025-03-10 03:00:00,41.196367264434755,0.0,97.02,off_peak,90.8,41.196367264434755
2025-03-10 04:00:00,42.008729302840806,0.0,97.02,off_peak,90.8,42.008729302840806
2025-03-10 05:00:00,44.00010151339913,0.0,99.73,off_peak,90.8,44.00010151339913
2025-03-10 06:00:00,47.616972955386345,0.0,113.11,off_peak,90.8,47.616972955386345
2025-03-10 07:00:00,52.43455889879624,0.0,133.46,off_peak,90.8,52.43455889879624
2025-03-10 08:00:00,55.56540839605007,2.9169,144.67,mid_peak,95.6,52.64850839605007
2025-03-10 09:00:00,54.603441516601684,10.6953,147.13,mid_peak,95.6,43.90814151660169
2025-03-10 10:00:00,52.41285456952585,22.3629,128.74,mid_peak,95.6,30.04995456952585
2025-03-10 11:00:00,49.59671784669268,30.9747,113.94,on_peak,114.8,18.62201784669268
2025-03-10 12:00:00,46.849569884754686,36.2529,112.18,mid_peak,95.6,10.59666988475469
2025-03-10 13:00:00,49.35099383316719,38.4753,112.27,on_peak,114.8,10.87569383316719
2025-03-10 14:00:00,49.94321196040213,37.6419,112.88,on_peak,114.8,12.301311960402131
2025-03-10 15:00:00,50.51760153145068,35.14169999999999,113.94,on_peak,114.8,15.375901531450687
2025-03-10 16:00:00,52.63532394454735,26.8077,113.94,on_peak,114.8,25.82762394454735
2025-03-10 17:00:00,54.23059214592105,17.9181,113.94,on_peak,114.8,36.312492145921055
2025-03-10 18:00:00,56.017323537644266,7.639500000000001,114.03,mid_peak,95.6,48.37782353764427
2025-03-10 19:00:00,55.67780581548602,0.8333999999999999,121.61,mid_peak,95.6,54.84440581548602
2025-03-10 20:00:00,54.15385183885788,0.0,114.03,mid_peak,95.6,54.15385183885788
2025-03-10 21:00:00,52.45393776421623,0.0,114.03,mid_peak,95.6,52.45393776421623
2025-03-10 22:00:00,52.09736664048838,0.0,112.16,off_peak,90.8,52.09736664048838
2025-03-10 23:00:00,51.206713985785576,0.0,113.9,off_peak,90.8,51.206713985785576
2025-03-11 00:00:00,48.150279331744514,0.0,96.02,off_peak,90.8,48.150279331744514
2025-03-11 01:00:00,46.37595041389009,0.0,87.23,off_peak,90.8,46.37595041389009
2025-03-11 02:00:00,45.49072384150488,0.0,84.7,off_peak,90.8,45.49072384150488
2025-03-11 03:00:00,45.08686828615225,0.0,83.44,off_peak,90.8,45.08686828615225
2025-03-11 04:00:00,45.69458950572319,0.0,84.7,off_peak,90.8,45.69458950572319
2025-03-11 05:00:00,47.32086389176887,0.0,87.23,off_peak,90.8,47.32086389176887
2025-03-11 06:00:00,50.32846380495156,0.0,96.44,off_peak,90.8,50.32846380495156
2025-03-11 07:00:00,53.8910744237628,0.0,113.6,off_peak,90.8,53.8910744237628
2025-03-11 08:00:00,55.44758489429652,3.3335999999999997,130.22,mid_peak,95.6,52.11398489429652
2025-03-11 09:00:00,53.381022685908626,12.084299999999999,137.56,mid_peak,95.6,41.29672268590863
2025-03-11 10:00:00,50.154054016171635,23.4741,130.21,mid_peak,95.6,26.679954016171635
2025-03-11 11:00:00,46.586017315042795,31.669199999999996,130.21,on_peak,114.8,14.916817315042799
2025-03-11 12:00:00,42.941240306850794,37.9197,126.84,mid_peak,95.6,5.021540306850795
2025-03-11 13:00:00,44.34194469940778,40.4199,130.22,on_peak,114.8,3.9220446994077847
2025-03-11 14:00:00,45.62094981712722,38.891999999999996,130.22,on_peak,114.8,6.728949817127223
2025-03-11 15:00:00,47.21931863696812,34.725,130.22,on_peak,114.8,12.494318636968117
2025-03-11 16:00:00,50.35559421653955,27.5022,137.54,on_peak,114.8,22.853394216539552
2025-03-11 17:00:00,52.86476971112005,18.195899999999998,137.28,on_peak,114.8,34.66886971112005
2025-03-11 18:00:00,55.20883727232222,7.3617,136.59,mid_peak,95.6,47.84713727232222
2025-03-11 19:00:00,55.2514707762462,0.6945,136.52,mid_peak,95.6,54.5569707762462
2025-03-11 20:00:00,53.54380515543655,0.0,111.36,mid_peak,95.6,53.54380515543655
2025-03-11 21:00:00,52.057058600414805,0.0,95.89,mid_peak,95.6,52.057058600414805
2025-03-11 22:00:00,51.58343912955021,0.0,95.89,off_peak,90.8,51.58343912955021
2025-03-11 23:00:00,50.4563643167235,0.0,95.94,off_peak,90.8,50.4563643167235
2025-03-12 00:00:00,47.2704788416769,0.0,103.52,off_peak,90.8,47.2704788416769
2025-03-12 01:00:00,45.47212013070168,0.0,89.8,off_peak,90.8,45.47212013070168
2025-03-12 02:00:00,44.7582027286292,0.0,89.8,off_peak,90.8,44.7582027286292
2025-03-12 03:00:00,44.41248376953655,0.0,89.58,off_peak,90.8,44.41248376953655
2025-03-12 04:00:00,44.83339272645877,0.0,89.8,off_peak,90.8,44.83339272645877
2025-03-12 05:00:00,46.348820002302105,0.0,89.8,off_peak,90.8,46.348820002302105
2025-03-12 06:00:00,49.192862291340056,0.0,97.93,off_peak,90.8,49.192862291340056
2025-03-12 07:00:00,52.70973878776012,0.0,121.61,off_peak,90.8,52.70973878776012
2025-03-12 08:00:00,55.42122963732533,1.1112,132.07,mid_peak,95.6,54.310029637325336
2025-03-12 09:00:00,55.73361694789559,5.0004,141.96,mid_peak,95.6,50.73321694789559
2025-03-12 10:00:00,54.94838532107754,8.056199999999999,152.29,mid_peak,95.6,46.89218532107754
2025-03-12 11:00:00,52.82678713489687,12.3621,130.21,on_peak,114.8,40.46468713489687
2025-03-12 12:00:00,49.15487971511687,17.2236,128.97,mid_peak,95.6,31.93127971511687
2025-03-12 13:00:00,49.59904331054308,9.722999999999999,130.22,on_peak,114.8,39.87604331054308
2025-03-12 14:00:00,49.43781115024875,11.9454,128.97,on_peak,114.8,37.49241115024875
2025-03-12 15:00:00,50.266451435607586,7.917299999999999,128.97,on_peak,114.8,42.34915143560759
2025-03-12 16:00:00,52.64772641841614,3.7502999999999997,128.97,on_peak,114.8,48.89742641841614
2025-03-12 17:00:00,53.97169050390996,0.9723,125.9,on_peak,114.8,52.999390503909964
2025-03-12 18:00:00,55.11194294522227,0.6945,125.9,mid_peak,95.6,54.41744294522227
2025-03-12 19:00:00,54.83366243779118,0.1389,122.92,mid_peak,95.6,54.694762437791184
2025-03-12 20:00:00,53.311258770396655,0.0,121.61,mid_peak,95.6,53.311258770396655
2025-03-12 21:00:00,51.615220468839,0.0,121.61,mid_peak,95.6,51.615220468839
2025-03-12 22:00:00,51.49042057553425,0.0,113.25,off_peak,90.8,51.49042057553425
2025-03-12 23:00:00,50.60829462161624,0.0,112.47,off_peak,90.8,50.60829462161624
2025-03-13 00:00:00,47.68596171628152,0.0,91.37,off_peak,90.8,47.68596171628152
2025-03-13 01:00:00,45.930236509230284,0.0,85.12,off_peak,90.8,45.930236509230284
2025-03-13 02:00:00,44.94268952742752,0.0,82.92,off_peak,90.8,44.94268952742752
2025-03-13 03:00:00,44.56286376519569,0.0,82.59,off_peak,90.8,44.56286376519569
2025-03-13 04:00:00,45.04113416376107,0.0,83.85,off_peak,90.8,45.04113416376107
2025-03-13 05:00:00,46.613147726630785,0.0,89.99,off_peak,90.8,46.613147726630785
2025-03-13 06:00:00,49.39672795555837,0.0,109.57,off_peak,90.8,49.39672795555837
2025-03-13 07:00:00,53.18258310400791,0.0,111.44,off_peak,90.8,53.18258310400791
2025-03-13 08:00:00,55.777025606436375,3.4724999999999997,116.83,mid_peak,95.6,52.30452560643638
2025-03-13 09:00:00,54.48251739638094,11.6676,116.81,mid_peak,95.6,42.81491739638094
2025-03-13 10:00:00,52.32758756167788,22.7796,116.79,mid_peak,95.6,29.547987561677882
2025-03-13 11:00:00,49.04868353261532,33.8916,115.06,on_peak,114.8,15.157083532615324
2025-03-13 12:00:00,45.00625220600509,35.0028,97.84,mid_peak,95.6,10.003452206005086
2025-03-13 13:00:00,45.24732529182978,35.41949999999999,97.84,on_peak,114.8,9.82782529182979
2025-03-13 14:00:00,45.815513625943936,39.3087,97.84,on_peak,114.8,6.506813625943934
2025-03-13 15:00:00,46.896079161762664,31.1136,111.44,on_peak,114.8,15.782479161762662
2025-03-13 16:00:00,49.72074258538063,23.4741,106.95,on_peak,114.8,26.246642585380627
2025-03-13 17:00:00,52.372546529452265,18.8904,111.74,on_peak,114.8,33.482146529452265
2025-03-13 18:00:00,54.8057568715864,6.944999999999999,111.85,mid_peak,95.6,47.860756871586396
2025-03-13 19:00:00,55.09643985288627,0.9723,111.85,mid_peak,95.6,54.12413985288627
2025-03-13 20:00:00,53.737593809636465,0.0,111.74,mid_peak,95.6,53.737593809636465
2025-03-13 21:00:00,52.19271065835474,0.0,111.74,mid_peak,95.6,52.19271065835474
2025-03-13 22:00:00,51.78032840221732,0.0,111.74,off_peak,90.8,51.78032840221732
2025-03-13 23:00:00,50.72689327798658,0.0,111.74,off_peak,90.8,50.72689327798658
2025-03-14 00:00:00,47.76735295104548,0.0,112.86,off_peak,90.8,47.76735295104548
2025-03-14 01:00:00,45.727145999628775,0.0,97.27,off_peak,90.8,45.727145999628775
2025-03-14 02:00:00,44.73494809012521,0.0,96.4,off_peak,90.8,44.73494809012521
2025-03-14 03:00:00,44.421785624938146,0.0,84.43,off_peak,90.8,44.421785624938146
2025-03-14 04:00:00,44.88997901348514,0.0,96.99,off_peak,90.8,44.88997901348514
2025-03-14 05:00:00,46.3550212392365,0.0,108.36,off_peak,90.8,46.3550212392365
2025-03-14 06:00:00,49.198288373657654,0.0,112.96,off_peak,90.8,49.198288373657654
2025-03-14 07:00:00,52.27797766620271,0.0,113.6,off_peak,90.8,52.27797766620271
2025-03-14 08:00:00,52.832213217214466,4.028099999999999,122.92,mid_peak,95.6,48.804113217214464
2025-03-14 09:00:00,50.457139471340305,12.9177,139.97,mid_peak,95.6,37.5394394713403
2025-03-14 10:00:00,47.65650584084313,23.8908,122.75,mid_peak,95.6,23.765705840843133
2025-03-14 11:00:00,44.17528645679585,32.6415,113.5,on_peak,114.8,11.533786456795852
2025-03-14 12:00:00,41.05606427879402,38.3364,97.27,mid_peak,95.6,2.7196642787940206
2025-03-14 13:00:00,42.409484239726225,40.5588,97.27,on_peak,114.8,1.8506842397262275
2025-03-14 14:00:00,43.63500368888649,39.7254,97.27,on_peak,114.8,3.9096036888864916
2025-03-14 15:00:00,45.55428652008245,35.41949999999999,113.26,on_peak,114.8,10.134786520082457
2025-03-14 16:00:00,48.50219952777156,28.0578,112.05,on_peak,114.8,20.44439952777156
2025-03-14 17:00:00,50.59666730236424,17.2236,122.06,on_peak,114.8,33.373067302364234
2025-03-14 18:00:00,52.72214126162891,5.9727,121.67,mid_peak,95.6,46.74944126162892
2025-03-14 19:00:00,52.94073486356641,0.5556,113.8,mid_peak,95.6,52.385134863566414
2025-03-14 20:00:00,51.74079551676054,0.0,111.44,mid_peak,95.6,51.74079551676054
2025-03-14 21:00:00,50.360245144240345,0.0,110.36,mid_peak,95.6,50.360245144240345
2025-03-14 22:00:00,50.215291230898806,0.0,111.44,off_peak,90.8,50.215291230898806
2025-03-14 23:00:00,49.453314242584746,0.0,114.0,off_peak,90.8,49.453314242584746
2025-03-15 00:00:00,46.63175143743398,0.0,131.75,off_peak,90.8,46.63175143743398
2025-03-15 01:00:00,44.693089740818024,0.0,98.13,off_peak,90.8,44.693089740818024
2025-03-15 02:00:00,43.517180187132944,0.0,97.37,off_peak,90.8,43.517180187132944
2025-03-15 03:00:00,42.97069618228918,0.0,97.03,off_peak,90.8,42.97069618228918
2025-03-15 04:00:00,43.04278556165155,0.0,97.03,off_peak,90.8,43.04278556165155
2025-03-15 05:00:00,43.78383337531203,0.0,98.22,off_peak,90.8,43.78383337531203
2025-03-15 06:00:00,44.62100036145566,0.0,98.22,off_peak,90.8,44.62100036145566
2025-03-15 07:00:00,45.63955352793041,0.0,98.26,off_peak,90.8,45.63955352793041
2025-03-15 08:00:00,45.99689980627505,1.389,97.03,mid_peak,95.6,44.60789980627505
2025-03-15 09:00:00,44.27760686621341,5.0004,107.97,mid_peak,95.6,39.27720686621341
2025-03-15 10:00:00,43.232698442767465,14.1678,97.87,mid_peak,95.6,29.064898442767465
2025-03-15 11:00:00,41.68471467301855,21.6684,97.65,mid_peak,95.6,20.01631467301855
2025-03-15 12:00:00,39.13213051989726,31.391399999999994,6.83,mid_peak,95.6,7.740730519897266
2025-03-15 13:00:00,39.82744421116656,38.6142,79.16,mid_peak,95.6,1.2132442111665611
2025-03-15 14:00:00,41.02273263027163,40.0032,67.12,mid_peak,95.6,1.0195326302716339
2025-03-15 15:00:00,42.807913712761255,35.0028,78.74,mid_peak,95.6,7.805113712761255
2025-03-15 16:00:00,44.66363386537964,23.613,86.47,mid_peak,95.6,21.050633865379638
2025-03-15 17:00:00,45.91008248919349,18.057,97.59,mid_peak,95.6,27.853082489193493
2025-03-15 18:00:00,47.514652545968794,5.0004,98.54,mid_peak,95.6,42.514252545968795
2025-03-15 19:00:00,48.05183469541095,0.6945,98.54,mid_peak,95.6,47.357334695410955
2025-03-15 20:00:00,47.38907749804725,0.0,98.54,mid_peak,95.6,47.38907749804725
2025-03-15 21:00:00,46.53873288341802,0.0,98.54,mid_peak,95.6,46.53873288341802
2025-03-15 22:00:00,46.981346169610624,0.0,98.54,off_peak,90.8,46.981346169610624
2025-03-15 23:00:00,46.46199257635485,0.0,98.54,off_peak,90.8,46.46199257635485
2025-03-16 00:00:00,43.80088677688162,0.0,97.15,off_peak,90.8,43.80088677688162
2025-03-16 01:00:00,41.937415078095235,0.0,83.61,off_peak,90.8,41.937415078095235
2025-03-16 02:00:00,40.80181356448373,0.0,82.45,off_peak,90.8,40.80181356448373
2025-03-16 03:00:00,40.320442547451144,0.0,82.45,off_peak,90.8,40.320442547451144
2025-03-16 04:00:00,40.52740883013665,0.0,82.45,off_peak,90.8,40.52740883013665
2025-03-16 05:00:00,41.21187035677075,0.0,82.45,off_peak,90.8,41.21187035677075
2025-03-16 06:00:00,42.05058765214798,0.0,85.12,off_peak,90.8,42.05058765214798
2025-03-16 07:00:00,42.393981147390235,0.1389,85.12,off_peak,90.8,42.255081147390236
2025-03-16 08:00:00,42.36219980810145,0.6945,82.45,off_peak,90.8,41.66769980810145
2025-03-16 09:00:00,42.95751855380359,2.3613,82.45,off_peak,90.8,40.59621855380359
2025-03-16 10:00:00,43.72957255213605,4.4448,95.61,off_peak,90.8,39.28477255213605
2025-03-16 11:00:00,43.3846287476602,4.8614999999999995,99.89,off_peak,90.8,38.5231287476602
2025-03-16 12:00:00,42.645906397850126,5.9727,99.76,off_peak,90.8,36.67320639785012
2025-03-16 13:00:00,41.35914973396269,19.445999999999998,111.54,off_peak,90.8,21.91314973396269
2025-03-16 14:00:00,39.82511874731616,19.7238,99.05,off_peak,90.8,20.10131874731616
2025-03-16 15:00:00,39.7258989563658,25.9743,95.61,off_peak,90.8,13.751598956365804
2025-03-16 16:00:00,41.92656291346004,21.3906,86.55,off_peak,90.8,20.53596291346004
2025-03-16 17:00:00,45.61009765249202,20.4183,97.15,off_peak,90.8,25.191797652492024
2025-03-16 18:00:00,48.8672973522842,9.0285,98.41,off_peak,90.8,39.838797352284196
2025-03-16 19:00:00,49.96259082582212,1.1112,98.41,off_peak,90.8,48.85139082582212
2025-03-16 20:00:00,49.589741455141485,0.0,98.41,off_peak,90.8,49.589741455141485
2025-03-16 21:00:00,48.56343674249873,0.0,98.41,off_peak,90.8,48.56343674249873
2025-03-16 22:00:00,47.82393923807186,0.0,98.41,off_peak,90.8,47.82393923807186
2025-03-16 23:00:00,47.2526502854905,0.0,98.41,off_peak,90.8,47.2526502854905
2025-03-17 00:00:00,45.00005096907069,0.0,95.74,off_peak,90.8,45.00005096907069
2025-03-17 01:00:00,43.28308349285945,0.0,83.24,off_peak,90.8,43.28308349285945
2025-03-17 02:00:00,42.28778496488868,0.0,83.24,off_peak,90.8,42.28778496488868
2025-03-17 03:00:00,42.03508455981199,0.0,83.24,off_peak,90.8,42.03508455981199
2025-03-17 04:00:00,42.7156703133621,0.0,83.24,off_peak,90.8,42.7156703133621
2025-03-17 05:00:00,44.61712458837166,0.0,83.24,off_peak,90.8,44.61712458837166
2025-03-17 06:00:00,48.20221469107009,0.0,87.44,off_peak,90.8,48.20221469107009
2025-03-17 07:00:00,52.7345437354977,0.1389,110.79,off_peak,90.8,52.5956437354977
2025-03-17 08:00:00,55.40650169960614,5.2782,136.49,mid_peak,95.6,50.12830169960614
2025-03-17 09:00:00,54.47941677791374,15.5568,136.49,mid_peak,95.6,38.92261677791374
2025-03-17 10:00:00,52.08728963046999,26.668799999999997,129.51,mid_peak,95.6,25.418489630469992
2025-03-17 11:00:00,49.04868353261532,35.0028,127.56,on_peak,114.8,14.04588353261532
2025-03-17 12:00:00,46.22246979976376,35.0028,127.56,mid_peak,95.6,11.219669799763757
2025-03-17 13:00:00,47.669683469328724,35.5584,127.85,on_peak,114.8,12.111283469328725
2025-03-17 14:00:00,48.834740858378616,39.4476,127.44,on_peak,114.8,9.387140858378615
2025-03-17 15:00:00,50.28970607411158,33.1971,122.98,on_peak,114.8,17.09260607411158
2025-03-17 16:00:00,53.18258310400791,25.6965,122.9,on_peak,114.8,27.48608310400791
2025-03-17 17:00:00,55.4762656151181,11.2509,114.0,on_peak,114.8,44.2253656151181
2025-03-17 18:00:00,57.573058853561186,5.1392999999999995,114.35,mid_peak,95.6,52.43375885356119
2025-03-17 19:00:00,57.463762052592436,0.5556,113.23,mid_peak,95.6,56.90816205259244
2025-03-17 20:00:00,55.57548540606846,0.0,111.08,mid_peak,95.6,55.57548540606846
2025-03-17 21:00:00,53.834488136736425,0.0,110.79,mid_peak,95.6,53.834488136736425
2025-03-17 22:00:00,53.27560165802387,0.0,110.79,off_peak,90.8,53.27560165802387
2025-03-17 23:00:00,52.34619127248108,0.0,110.79,off_peak,90.8,52.34619127248108
2025-03-18 00:00:00,49.41843228482876,0.0,136.98,off_peak,90.8,49.41843228482876
2025-03-18 01:00:00,47.599919553816754,0.0,98.63,off_peak,90.8,47.599919553816754
2025-03-18 02:00:00,46.49299876102684,0.0,89.33,off_peak,90.8,46.49299876102684
2025-03-18 03:00:00,46.137977946532594,0.0,87.31,off_peak,90.8,46.137977946532594
2025-03-18 04:00:00,46.304636189144524,0.0,88.66,off_peak,90.8,46.304636189144524
2025-03-18 05:00:00,47.88207583433183,0.0,96.86,off_peak,90.8,47.88207583433183
2025-03-18 06:00:00,50.87107203671132,0.0,110.34,off_peak,90.8,50.87107203671132
2025-03-18 07:00:00,55.535177365994876,0.0,120.49,off_peak,90.8,55.535177365994876
2025-03-18 08:00:00,60.024872906498516,0.2778,143.45,mid_peak,95.6,59.747072906498516
2025-03-18 09:00:00,61.928652645358476,1.8056999999999999,152.85,mid_peak,95.6,60.122952645358474
2025-03-18 10:00:00,61.8922203783689,4.3059,132.64,mid_peak,95.6,57.586320378368896
2025-03-18 11:00:00,60.53337433511909,14.8623,128.13,on_peak,114.8,45.671074335119094
2025-03-18 12:00:00,57.44438318717244,27.918899999999994,125.33,mid_peak,95.6,29.525483187172448
2025-03-18 13:00:00,58.31333151260486,12.9177,125.33,on_peak,114.8,45.395631512604865
2025-03-18 14:00:00,57.91102626648584,29.7246,125.33,on_peak,114.8,28.186426266485842
2025-03-18 15:00:00,58.08543605526576,22.7796,125.33,on_peak,114.8,35.30583605526576
2025-03-18 16:00:00,58.81098077659024,18.057,137.15,on_peak,114.8,40.75398077659024
2025-03-18 17:00:00,58.82260809584224,10.6953,137.05,on_peak,114.8,48.12730809584224
2025-03-18 18:00:00,59.34738777141561,4.3059,137.42,mid_peak,95.6,55.04148777141561
2025-03-18 19:00:00,58.86679190899982,0.9723,137.42,mid_peak,95.6,57.894491908999825
2025-03-18 20:00:00,56.69945960042797,0.0,137.42,mid_peak,95.6,56.69945960042797
2025-03-18 21:00:00,54.73366749222403,0.0,137.06,mid_peak,95.6,54.73366749222403
2025-03-18 22:00:00,54.13679843728829,0.0,137.06,off_peak,90.8,54.13679843728829
2025-03-18 23:00:00,53.129097435448735,0.0,118.56,off_peak,90.8,53.129097435448735
2025-03-19 00:00:00,50.087390719126866,0.0,112.26,off_peak,90.8,50.087390719126866
2025-03-19 01:00:00,48.32468912052444,0.0,98.04,off_peak,90.8,48.32468912052444
2025-03-19 02:00:00,47.33326636563767,0.0,96.43,off_peak,90.8,47.33326636563767
2025-03-19 03:00:00,46.937162356453044,0.0,91.44,off_peak,90.8,46.937162356453044
2025-03-19 04:00:00,47.38210110649605,0.0,96.57,off_peak,90.8,47.38210110649605
2025-03-19 05:00:00,48.93861157702977,0.0,106.29,off_peak,90.8,48.93861157702977
2025-03-19 06:00:00,51.98806983951963,0.0,113.12,off_peak,90.8,51.98806983951963
2025-03-19 07:00:00,55.34526448487896,0.1389,113.16,off_peak,90.8,55.20636448487896
2025-03-19 08:00:00,57.32500937618529,5.556,136.72,mid_peak,95.6,51.769009376185295
2025-03-19 09:00:00,56.25142023191776,16.3902,137.08,mid_peak,95.6,39.86122023191776
2025-03-19 10:00:00,54.00347184319875,26.9466,157.94,mid_peak,95.6,27.056871843198753
2025-03-19 11:00:00,50.86254533592653,35.9751,130.22,on_peak,114.8,14.887445335926529
2025-03-19 12:00:00,46.92708534643465,41.8089,128.9,mid_peak,95.6,5.11818534643465
2025-03-19 13:00:00,47.785181507231876,44.1702,128.9,on_peak,114.8,3.6149815072318745
2025-03-19 14:00:00,48.349494068262025,43.1979,128.71,on_peak,114.8,5.151594068262028
2025-03-19 15:00:00,49.833915159433374,38.3364,128.89,on_peak,114.8,11.497515159433377
2025-03-19 16:00:00,52.67020590230334,30.9747,130.22,on_peak,114.8,21.69550590230334
2025-03-19 17:00:00,55.112718099839064,21.1128,128.71,on_peak,114.8,33.999918099839064
2025-03-19 18:00:00,57.307180819998905,9.4452,131.28,mid_peak,95.6,47.861980819998905
2025-03-19 19:00:00,57.55833091584199,1.389,131.28,mid_peak,95.6,56.16933091584199
2025-03-19 20:00:00,55.872369624302735,0.0,131.02,mid_peak,95.6,55.872369624302735
2025-03-19 21:00:00,54.211213280501056,0.0,128.42,mid_peak,95.6,54.211213280501056
2025-03-19 22:00:00,53.49497041457817,0.0,128.27,off_peak,90.8,53.49497041457817
2025-03-19 23:00:00,52.526027143578595,0.0,128.26,off_peak,90.8,52.526027143578595
2025-03-20 00:00:00,49.42230805791276,0.0,112.45,off_peak,90.8,49.42230805791276
2025-03-20 01:00:00,47.558836359126374,0.0,100.47,off_peak,90.8,47.558836359126374
2025-03-20 02:00:00,46.543383811118815,0.0,97.02,off_peak,90.8,46.543383811118815
2025-03-20 03:00:00,46.19688969740937,0.0,96.99,off_peak,90.8,46.19688969740937
2025-03-20 04:00:00,46.5798160781084,0.0,97.02,off_peak,90.8,46.5798160781084
2025-03-20 05:00:00,48.012301809954174,0.0,111.15,off_peak,90.8,48.012301809954174
2025-03-20 06:00:00,50.87417265517852,0.0,127.79,off_peak,90.8,50.87417265517852
2025-03-20 07:00:00,53.97014019467636,0.1389,128.63,off_peak,90.8,53.83124019467636
2025-03-20 08:00:00,55.51037241825729,3.7502999999999997,136.22,mid_peak,95.6,51.76007241825729
2025-03-20 09:00:00,54.652276257460066,10.1397,136.12,mid_peak,95.6,44.51257625746007
2025-03-20 10:00:00,52.47176632040262,13.0566,147.87,mid_peak,95.6,39.41516632040262
2025-03-20 11:00:00,48.60064416410511,17.7792,137.89,on_peak,114.8,30.821444164105113
2025-03-20 12:00:00,44.49775077738451,28.474499999999995,132.34,mid_peak,95.6,16.023250777384515
2025-03-20 13:00:00,45.45894250221609,41.5311,132.34,on_peak,114.8,3.9278425022160874
2025-03-20 14:00:00,46.49067329717644,41.114399999999996,132.11,on_peak,114.8,5.376273297176446
2025-03-20 15:00:00,48.14097747634292,35.9751,130.22,on_peak,114.8,12.16587747634292
2025-03-20 16:00:00,51.10439357636802,29.030099999999997,130.22,on_peak,114.8,22.07429357636802
2025-03-20 17:00:00,53.487218868410174,19.7238,129.64,on_peak,114.8,33.76341886841017
2025-03-20 18:00:00,55.55455623141487,8.6118,129.64,mid_peak,95.6,46.94275623141487
2025-03-20 19:00:00,55.68090643395322,1.2501,130.21,mid_peak,95.6,54.430806433953215
2025-03-20 20:00:00,54.07633637717792,0.0,126.57,mid_peak,95.6,54.07633637717792
2025-03-20 21:00:00,52.44153529034743,0.0,126.65,mid_peak,95.6,52.44153529034743
2025-03-20 22:00:00,51.95086241791325,0.0,126.73,off_peak,90.8,51.95086241791325
2025-03-20 23:00:00,50.84936770744093,0.0,130.21,off_peak,90.8,50.84936770744093
2025-03-21 00:00:00,47.806110681885464,0.0,114.15,off_peak,90.8,47.806110681885464
2025-03-21 01:00:00,46.08216681412302,0.0,97.31,off_peak,90.8,46.08216681412302
2025-03-21 02:00:00,44.94268952742752,0.0,96.22,off_peak,90.8,44.94268952742752
2025-03-21 03:00:00,44.46907005656293,0.0,89.43,off_peak,90.8,44.46907005656293
2025-03-21 04:00:00,44.94579014589472,0.0,96.9,off_peak,90.8,44.94579014589472
2025-03-21 05:00:00,46.372849795422894,0.0,103.48,off_peak,90.8,46.372849795422894
2025-03-21 06:00:00,48.96264137015056,0.0,124.12,off_peak,90.8,48.96264137015056
2025-03-21 07:00:00,51.6059186134374,0.1389,128.38,off_peak,90.8,51.4670186134374
2025-03-21 08:00:00,52.32758756167788,2.3613,131.96,mid_peak,95.6,49.96628756167788
2025-03-21 09:00:00,50.36102029885714,8.334,131.94,mid_peak,95.6,42.02702029885714
2025-03-21 10:00:00,47.56891336914477,24.0297,133.5,mid_peak,95.6,23.53921336914477
2025-03-21 11:00:00,44.38845397641576,32.7804,129.55,on_peak,114.8,11.60805397641576
2025-03-21 12:00:00,41.35294849702829,38.4753,127.24,mid_peak,95.6,2.8776484970282894
2025-03-21 13:00:00,42.58234371927255,41.114399999999996,127.16,on_peak,114.8,1.4679437192725544
2025-03-21 14:00:00,43.649731626605686,40.8366,127.08,on_peak,114.8,2.8131316266056885
2025-03-21 15:00:00,45.33724322737854,36.530699999999996,132.44,on_peak,114.8,8.806543227378548
2025-03-21 16:00:00,48.058035932345355,28.752299999999995,125.8,on_peak,114.8,19.30573593234536
2025-03-21 17:00:00,50.247847724804394,19.445999999999998,125.8,on_peak,114.8,30.801847724804396
2025-03-21 18:00:00,52.33223848937868,9.5841,135.31,mid_peak,95.6,42.74813848937868
2025-03-21 19:00:00,52.83376352644806,1.5279,125.81,mid_peak,95.6,51.30586352644806
2025-03-21 20:00:00,51.67878314741657,0.0,125.81,mid_peak,95.6,51.67878314741657
2025-03-21 21:00:00,50.49047111986269,0.0,123.72,mid_peak,95.6,50.49047111986269
2025-03-21 22:00:00,50.39590225661313,0.0,124.12,off_peak,90.8,50.39590225661313
2025-03-21 23:00:00,49.419982594062354,0.0,133.38,off_peak,90.8,49.419982594062354
2025-03-22 00:00:00,46.41935907243087,0.0,132.94,off_peak,90.8,46.41935907243087
2025-03-22 01:00:00,44.60162149603567,0.0,123.89,off_peak,90.8,44.60162149603567
2025-03-22 02:00:00,43.484623693227356,0.0,123.89,off_peak,90.8,43.484623693227356
2025-03-22 03:00:00,43.01798061391396,0.0,112.5,off_peak,90.8,43.01798061391396
2025-03-22 04:00:00,43.1668103003395,0.0,123.89,off_peak,90.8,43.1668103003395
2025-03-22 05:00:00,43.87607677471119,0.0,136.47,off_peak,90.8,43.87607677471119
2025-03-22 06:00:00,44.76983004788119,0.0,136.54,off_peak,90.8,44.76983004788119
2025-03-22 07:00:00,44.09389522203189,0.2778,124.35,off_peak,90.8,43.81609522203189
2025-03-22 08:00:00,41.49325148266903,5.2782,113.58,mid_peak,95.6,36.21505148266903
2025-03-22 09:00:00,39.030585265096505,14.8623,113.83,mid_peak,95.6,24.168285265096507
2025-03-22 10:00:00,37.03223666298698,24.8631,132.94,mid_peak,95.6,12.169136662986983
2025-03-22 11:00:00,35.1687649642006,33.336,113.22,mid_peak,95.6,1.8327649642005994
2025-03-22 12:00:00,33.61070418443328,39.3087,103.28,mid_peak,95.6,0.0
2025-03-22 13:00:00,34.278112309497786,41.8089,103.28,mid_peak,95.6,0.0
2025-03-22 14:00:00,35.131557542594216,41.253299999999996,100.06,mid_peak,95.6,0.0
2025-03-22 15:00:00,37.004331096782195,36.669599999999996,100.03,mid_peak,95.6,0.3347310967821997
2025-03-22 16:00:00,39.77240823337378,29.3079,97.09,mid_peak,95.6,10.464508233373781
2025-03-22 17:00:00,42.66761072712051,20.1405,115.94,mid_peak,95.6,22.52711072712051
2025-03-22 18:00:00,45.496925078439276,9.167399999999999,134.42,mid_peak,95.6,36.329525078439275
2025-03-22 19:00:00,46.61082226278039,1.5279,134.43,mid_peak,95.6,45.082922262780386
2025-03-22 20:00:00,46.19999031587657,0.0,134.43,mid_peak,95.6,46.19999031587657
2025-03-22 21:00:00,45.53413250004566,0.0,134.44,mid_peak,95.6,45.53413250004566
2025-03-22 22:00:00,45.82636579057913,0.0,134.44,off_peak,90.8,45.82636579057913
2025-03-22 23:00:00,45.07136519381626,0.0,134.45,off_peak,90.8,45.07136519381626
2025-03-23 00:00:00,42.4629699082854,0.0,124.29,off_peak,90.8,42.4629699082854
2025-03-23 01:00:00,40.74522727745735,0.0,115.03,off_peak,90.8,40.74522727745735
2025-03-23 02:00:00,39.87782926125853,0.0,113.6,off_peak,90.8,39.87782926125853
2025-03-23 03:00:00,39.427464428897935,0.0,111.97,off_peak,90.8,39.427464428897935
2025-03-23 04:00:00,39.55924071375387,0.0,113.6,off_peak,90.8,39.55924071375387
2025-03-23 05:00:00,40.284785435078355,0.0,137.26,off_peak,90.8,40.284785435078355
2025-03-23 06:00:00,41.01033015640284,0.0,145.87,off_peak,90.8,41.01033015640284
2025-03-23 07:00:00,40.037511112319265,0.2778,143.72,off_peak,90.8,39.759711112319266
2025-03-23 08:00:00,37.133781917787736,5.2782,99.94,off_peak,90.8,31.855581917787738
2025-03-23 09:00:00,34.4819779737161,15.834599999999998,99.82,off_peak,90.8,18.6473779737161
2025-03-23 10:00:00,33.002207810245544,25.8354,101.92,off_peak,90.8,7.166807810245544
2025-03-23 11:00:00,31.88055907973644,34.4472,100.06,off_peak,90.8,0.0
2025-03-23 12:00:00,31.81079516422447,39.5865,97.7,off_peak,90.8,0.0
2025-03-23 13:00:00,32.23713020346428,42.2256,97.7,off_peak,90.8,0.0
2025-03-23 14:00:00,33.61923088521808,41.114399999999996,97.7,off_peak,90.8,0.0
2025-03-23 15:00:00,36.02763627961462,34.3083,103.29,off_peak,90.8,1.719336279614616
2025-03-23 16:00:00,39.29568814404199,22.224,101.14,off_peak,90.8,17.07168814404199
2025-03-23 17:00:00,42.308714139542275,9.3063,114.2,off_peak,90.8,33.002414139542275
2025-03-23 18:00:00,45.064388802265064,5.6949,123.9,off_peak,90.8,39.36948880226507
2025-03-23 19:00:00,46.25425113905254,1.1112,135.32,off_peak,90.8,45.143051139052545
2025-03-23 20:00:00,45.93566259154788,0.0,135.32,off_peak,90.8,45.93566259154788
2025-03-23 21:00:00,45.02640622604188,0.0,135.32,off_peak,90.8,45.02640622604188
2025-03-23 22:00:00,44.087693985097495,0.0,135.33,off_peak,90.8,44.087693985097495
2025-03-23 23:00:00,42.95364278071959,0.0,135.3,off_peak,90.8,42.95364278071959
2025-03-24 00:00:00,40.57469326176143,0.0,113.8,off_peak,90.8,40.57469326176143
2025-03-24 01:00:00,38.98717660655573,0.0,96.53,off_peak,90.8,38.98717660655573
2025-03-24 02:00:00,38.22132384515766,0.0,84.4,off_peak,90.8,38.22132384515766
2025-03-24 03:00:00,38.08877240568492,0.0,84.4,off_peak,90.8,38.08877240568492
2025-03-24 04:00:00,38.687966924471056,0.0,96.71,off_peak,90.8,38.687966924471056
2025-03-24 05:00:00,40.43206481227029,0.0,96.86,off_peak,90.8,40.43206481227029
2025-03-24 06:00:00,43.402457303846596,0.0,100.41,off_peak,90.8,43.402457303846596
2025-03-24 07:00:00,47.48674697976401,0.1389,123.44,off_peak,90.8,47.34784697976401
2025-03-24 08:00:00,50.14397700615324,2.5002,113.8,mid_peak,95.6,47.64377700615324
2025-03-24 09:00:00,48.70296457352267,10.1397,130.14,mid_peak,95.6,38.56326457352267
2025-03-24 10:00:00,45.84884527446632,21.6684,124.12,mid_peak,95.6,24.180445274466322
2025-03-24 11:00:00,43.17146122804029,31.1136,108.65,on_peak,114.8,12.057861228040291
2025-03-24 12:00:00,40.56694171559344,37.0863,103.48,mid_peak,95.6,3.4806417155934355
2025-03-24 13:00:00,42.4668456813694,39.5865,105.51,on_peak,114.8,2.8803456813693984
2025-03-24 14:00:00,44.31171366935259,38.0586,103.48,on_peak,114.8,6.253113669352594
2025-03-24 15:00:00,46.44493917478526,31.1136,107.35,on_peak,114.8,15.33133917478526
2025-03-24 16:00:00,49.38587579092317,28.0578,113.8,on_peak,114.8,21.328075790923172
2025-03-24 17:00:00,50.85246832590813,13.4733,120.33,on_peak,114.8,37.379168325908125
2025-03-24 18:00:00,52.62757239837935,5.9727,152.69,mid_peak,95.6,46.654872398379354
2025-03-24 19:00:00,52.76167414708569,0.9723,133.42,mid_peak,95.6,51.789374147085695
2025-03-24 20:00:00,51.20826429501918,0.0,121.88,mid_peak,95.6,51.20826429501918
2025-03-24 21:00:00,49.69361217379264,0.0,110.5,mid_peak,95.6,49.69361217379264
2025-03-24 22:00:00,49.25332435145043,0.0,113.8,off_peak,90.8,49.25332435145043
2025-03-24 23:00:00,47.88207583433183,0.0,109.15,off_peak,90.8,47.88207583433183
2025-03-25 00:00:00,44.84657035494436,0.0,107.37,off_peak,90.8,44.84657035494436
2025-03-25 01:00:00,43.18618916575949,0.0,96.67,off_peak,90.8,43.18618916575949
2025-03-25 02:00:00,42.48312392832219,0.0,96.49,off_peak,90.8,42.48312392832219
2025-03-25 03:00:00,42.14980744309834,0.0,85.4,off_peak,90.8,42.14980744309834
2025-03-25 04:00:00,42.552887843834164,0.0,96.39,off_peak,90.8,42.552887843834164
2025-03-25 05:00:00,43.98072264797914,0.0,97.29,off_peak,90.8,43.98072264797914
2025-03-25 06:00:00,46.335642373816505,0.0,103.48,off_peak,90.8,46.335642373816505
2025-03-25 07:00:00,48.761876324399445,0.41669999999999996,103.48,off_peak,90.8,48.345176324399446
2025-03-25 08:00:00,49.414556511744756,3.6113999999999997,124.12,mid_peak,95.6,45.80315651174476
2025-03-25 09:00:00,47.79835913571747,12.2232,130.21,mid_peak,95.6,35.57515913571747
2025-03-25 10:00:00,46.1271257818974,19.1682,132.46,mid_peak,95.6,26.9589257818974
2025-03-25 11:00:00,43.8295674977032,20.2794,133.46,on_peak,114.8,23.550167497703203
2025-03-25 12:00:00,41.81339033940729,28.6134,128.59,mid_peak,95.6,13.199990339407293
2025-03-25 13:00:00,43.921035742485564,16.8069,130.21,on_peak,114.8,27.114135742485566
2025-03-25 14:00:00,45.54420951006406,33.8916,130.21,on_peak,114.8,11.65260951006406
2025-03-25 15:00:00,47.727820065588695,23.3352,130.21,on_peak,114.8,24.392620065588694
2025-03-25 16:00:00,49.86337103487176,13.6122,130.2,on_peak,114.8,36.25117103487176
2025-03-25 17:00:00,50.94006079760649,8.056199999999999,124.12,on_peak,114.8,42.883860797606495
2025-03-25 18:00:00,52.76399961093609,7.5005999999999995,124.12,mid_peak,95.6,45.26339961093609
2025-03-25 19:00:00,53.18490856785831,1.8056999999999999,113.8,mid_peak,95.6,51.379208567858306
2025-03-25 20:00:00,51.77180170143253,0.0,113.38,mid_peak,95.6,51.77180170143253
2025-03-25 21:00:00,50.247847724804394,0.0,111.73,mid_peak,95.6,50.247847724804394
2025-03-25 22:00:00,49.57423836280549,0.0,108.51,off_peak,90.8,49.57423836280549
2025-03-25 23:00:00,48.264227060414065,0.0,108.36,off_peak,90.8,48.264227060414065
2025-03-26 00:00:00,45.06128818379786,0.0,107.71,off_peak,90.8,45.06128818379786
2025-03-26 01:00:00,43.43423864313538,0.0,88.89,off_peak,90.8,43.43423864313538
2025-03-26 02:00:00,42.67071134558771,0.0,88.89,off_peak,90.8,42.67071134558771
2025-03-26 03:00:00,42.2405005332639,0.0,88.89,off_peak,90.8,42.2405005332639
2025-03-26 04:00:00,42.64048031553253,0.0,97.33,off_peak,90.8,42.64048031553253
2025-03-26 05:00:00,44.08924429433109,0.0,113.8,off_peak,90.8,44.08924429433109
2025-03-26 06:00:00,46.38525226929168,0.0,114.91,off_peak,90.8,46.38525226929168
2025-03-26 07:00:00,48.1743091248653,0.5556,118.16,off_peak,90.8,47.618709124865305
2025-03-26 08:00:00,48.185936444117296,5.6949,139.09,mid_peak,95.6,42.4910364441173
2025-03-26 09:00:00,46.54260865650202,16.5291,114.84,mid_peak,95.6,30.01350865650202
2025-03-26 10:00:00,44.32876707092219,26.9466,126.41,mid_peak,95.6,17.38216707092219
2025-03-26 11:00:00,41.826567967892885,35.8362,126.38,on_peak,114.8,5.990367967892887
2025-03-26 12:00:00,39.59877359921066,40.6977,126.38,mid_peak,95.6,0.0
2025-03-26 13:00:00,41.52890859504181,42.0867,126.38,on_peak,114.8,0.0
2025-03-26 14:00:00,43.25905369973866,37.6419,126.38,on_peak,114.8,5.617153699738658
2025-03-26 15:00:00,45.07524096690026,32.3637,126.38,on_peak,114.8,12.711540966900259
2025-03-26 16:00:00,47.85261995889344,27.0855,126.38,on_peak,114.8,20.767119958893442
2025-03-26 17:00:00,49.75329907928621,15.834599999999998,126.38,on_peak,114.8,33.91869907928621
2025-03-26 18:00:00,51.80280788610451,6.667199999999999,140.8,mid_peak,95.6,45.13560788610451
2025-03-26 19:00:00,52.10666849588998,1.389,140.8,mid_peak,95.6,50.717668495889974
2025-03-26 20:00:00,50.85479378975853,0.0,126.41,mid_peak,95.6,50.85479378975853
2025-03-26 21:00:00,49.46184094336954,0.0,126.41,mid_peak,95.6,49.46184094336954
2025-03-26 22:00:00,48.838616631462614,0.0,126.41,off_peak,90.8,48.838616631462614
2025-03-26 23:00:00,47.4913979074648,0.0,126.41,off_peak,90.8,47.4913979074648
2025-03-27 00:00:00,44.5225557251221,0.0,112.54,off_peak,90.8,44.5225557251221
2025-03-27 01:00:00,42.9280626783652,0.0,96.79,off_peak,90.8,42.9280626783652
2025-03-27 02:00:00,42.11880125842635,0.0,96.58,off_peak,90.8,42.11880125842635
2025-03-27 03:00:00,41.66921158068255,0.0,96.58,off_peak,90.8,41.66921158068255
2025-03-27 04:00:00,41.957569098132026,0.0,96.58,off_peak,90.8,41.957569098132026
2025-03-27 05:00:00,43.31796545061543,0.0,96.76,off_peak,90.8,43.31796545061543
2025-03-27 06:00:00,45.677536104153596,0.0,97.49,off_peak,90.8,45.677536104153596
2025-03-27 07:00:00,49.245572805282436,0.2778,113.8,off_peak,90.8,48.967772805282436
2025-03-27 08:00:00,52.67175621153693,1.1112,117.53,mid_peak,95.6,51.560556211536934
2025-03-27 09:00:00,53.62752185405091,1.389,160.78,mid_peak,95.6,52.23852185405091
2025-03-27 10:00:00,52.92910754431442,3.0558,160.78,mid_peak,95.6,49.87330754431442
2025-03-27 11:00:00,51.46329016394626,9.722999999999999,134.55,on_peak,114.8,41.74029016394626
2025-03-27 12:00:00,49.239371568348034,7.222799999999999,124.9,mid_peak,95.6,42.016571568348034
2025-03-27 13:00:00,50.978818528446475,6.5283,134.48,on_peak,114.8,44.45051852844647
2025-03-27 14:00:00,51.67955830203337,21.807299999999998,134.33,on_peak,114.8,29.872258302033373
2025-03-27 15:00:00,51.77567747451653,25.418699999999998,134.88,on_peak,114.8,26.35697747451653
2025-03-27 16:00:00,52.64772641841614,21.807299999999998,134.72,on_peak,114.8,30.840426418416143
2025-03-27 17:00:00,52.71051394237691,9.3063,130.4,on_peak,114.8,43.40421394237691
2025-03-27 18:00:00,53.241494854884685,4.8614999999999995,128.87,mid_peak,95.6,48.379994854884686
2025-03-27 19:00:00,52.9647646566872,0.8333999999999999,132.89,mid_peak,95.6,52.131364656687204
2025-03-27 20:00:00,51.3780231560983,0.0,113.8,mid_peak,95.6,51.3780231560983
2025-03-27 21:00:00,49.886625673375754,0.0,113.38,mid_peak,95.6,49.886625673375754
2025-03-27 22:00:00,49.44943846950074,0.0,113.8,off_peak,90.8,49.44943846950074
2025-03-27 23:00:00,48.16113149637971,0.0,104.43,off_peak,90.8,48.16113149637971
2025-03-28 00:00:00,45.217869416391395,0.0,122.71,off_peak,90.8,45.217869416391395
2025-03-28 01:00:00,43.535783897936135,0.0,103.48,off_peak,90.8,43.535783897936135
2025-03-28 02:00:00,42.66451010865332,0.0,96.65,off_peak,90.8,42.66451010865332
2025-03-28 03:00:00,42.314140221859866,0.0,99.04,off_peak,90.8,42.314140221859866
2025-03-28 04:00:00,42.763729899603675,0.0,103.48,off_peak,90.8,42.763729899603675
2025-03-28 05:00:00,44.25125160924222,0.0,124.12,off_peak,90.8,44.25125160924222
2025-03-28 06:00:00,46.698414734478746,0.0,124.37,off_peak,90.8,46.698414734478746
2025-03-28 07:00:00,49.65252897910226,0.41669999999999996,132.89,off_peak,90.8,49.23582897910226
2025-03-28 08:00:00,51.590415521101406,4.028099999999999,130.68,mid_peak,95.6,47.562315521101404
2025-03-28 09:00:00,51.05323337165924,6.8061,139.92,mid_peak,95.6,44.24713337165924
2025-03-28 10:00:00,48.6262242664595,11.8065,133.44,mid_peak,95.6,36.8197242664595
2025-03-28 11:00:00,45.41398353444171,36.669599999999996,128.62,on_peak,114.8,8.744383534441717
2025-03-28 12:00:00,41.60487374748818,35.0028,124.84,mid_peak,95.6,6.602073747488177
2025-03-28 13:00:00,42.68853990177411,46.6704,126.17,on_peak,114.8,0.0
2025-03-28 14:00:00,43.69003966667927,45.975899999999996,126.17,on_peak,114.8,0.0
2025-03-28 15:00:00,45.32716621736015,40.5588,140.06,on_peak,114.8,4.768366217360153
2025-03-28 16:00:00,48.047958922326956,33.6138,126.17,on_peak,114.8,14.434158922326958
2025-03-28 17:00:00,49.89205175569335,22.5018,127.43,on_peak,114.8,27.390251755693352
2025-03-28 18:00:00,52.011324478023624,11.3898,134.93,mid_peak,95.6,40.62152447802362
2025-03-28 19:00:00,52.58648920368897,2.6391,135.75,mid_peak,95.6,49.94738920368897
2025-03-28 20:00:00,51.44313614390947,0.0,132.67,mid_peak,95.6,51.44313614390947
2025-03-28 21:00:00,50.16800679927403,0.0,130.47,mid_peak,95.6,50.16800679927403
2025-03-28 22:00:00,49.933910105000535,0.0,132.07,off_peak,90.8,49.933910105000535
2025-03-28 23:00:00,48.98434569942095,0.0,132.67,off_peak,90.8,48.98434569942095
2025-03-29 00:00:00,46.124800318047,0.0,134.22,off_peak,90.8,46.124800318047
2025-03-29 01:00:00,44.2915596493158,0.0,132.24,off_peak,90.8,44.2915596493158
2025-03-29 02:00:00,43.23967483431866,0.0,129.77,off_peak,90.8,43.23967483431866
2025-03-29 03:00:00,42.82264165048045,0.0,123.15,off_peak,90.8,42.82264165048045
2025-03-29 04:00:00,42.98077319230757,0.0,129.87,off_peak,90.8,42.98077319230757
2025-03-29 05:00:00,43.655157708923284,0.0,134.48,off_peak,90.8,43.655157708923284
2025-03-29 06:00:00,44.401631604901354,0.0,134.42,off_peak,90.8,44.401631604901354
2025-03-29 07:00:00,43.321066069082626,0.8333999999999999,126.37,off_peak,90.8,42.48766606908263
2025-03-29 08:00:00,40.37547852524392,6.944999999999999,123.05,mid_peak,95.6,33.43047852524392
2025-03-29 09:00:00,38.938341865697346,16.8069,103.28,mid_peak,95.6,22.131441865697347
2025-03-29 10:00:00,38.86470217710138,12.2232,133.4,mid_peak,95.6,26.64150217710138
2025-03-29 11:00:00,39.44064205738353,10.8342,133.4,mid_peak,95.6,28.60644205738353
2025-03-29 12:00:00,39.31816762792918,22.6407,128.99,mid_peak,95.6,16.67746762792918
2025-03-29 13:00:00,39.88325534357613,28.752299999999995,130.32,mid_peak,95.6,11.130955343576137
2025-03-29 14:00:00,39.812716273447364,19.5849,111.26,mid_peak,95.6,20.227816273447363
2025-03-29 15:00:00,39.88945658051053,26.1132,99.91,mid_peak,95.6,13.776256580510534
2025-03-29 16:00:00,41.16303561591237,34.169399999999996,99.91,mid_peak,95.6,6.993635615912375
2025-03-29 17:00:00,43.68616389359527,24.8631,111.64,mid_peak,95.6,18.823063893595272
2025-03-29 18:00:00,46.54415896573562,11.8065,124.34,mid_peak,95.6,34.73765896573562
2025-03-29 19:00:00,48.1758594340989,2.2224,133.55,mid_peak,95.6,45.9534594340989
2025-03-29 20:00:00,47.65107975852553,0.0,133.1,mid_peak,95.6,47.65107975852553
2025-03-29 21:00:00,46.776705350775515,0.0,133.1,mid_peak,95.6,46.776705350775515
2025-03-29 22:00:00,47.01932874583381,0.0,133.1,off_peak,90.8,47.01932874583381
2025-03-29 23:00:00,46.48989814255964,0.0,133.1,off_peak,90.8,46.48989814255964
2025-03-30 00:00:00,43.951266772540755,0.0,132.58,off_peak,90.8,43.951266772540755
2025-03-30 01:00:00,42.14283105154714,0.0,116.49,off_peak,90.8,42.14283105154714
2025-03-30 02:00:00,41.02350778488844,0.0,100.08,off_peak,90.8,41.02350778488844
2025-03-30 03:00:00,40.58864604486382,0.0,100.08,off_peak,90.8,40.58864604486382
2025-03-30 04:00:00,40.8723526346125,0.0,123.9,off_peak,90.8,40.8723526346125
2025-03-30 05:00:00,41.59402158285298,0.0,133.33,off_peak,90.8,41.59402158285298
2025-03-30 06:00:00,42.12035156765995,0.0,134.73,off_peak,90.8,42.12035156765995
2025-03-30 07:00:00,40.559190169425435,0.9723,132.56,off_peak,90.8,39.58689016942544
2025-03-30 08:00:00,37.06556831150937,8.7507,97.06,off_peak,90.8,28.314868311509365
2025-03-30 09:00:00,34.4734512729313,20.696099999999998,100.08,off_peak,90.8,13.777351272931302
2025-03-30 10:00:00,33.468850889558944,30.280200000000004,100.21,off_peak,90.8,3.1886508895589394
2025-03-30 11:00:00,33.32467213083421,29.4468,100.22,off_peak,90.8,3.8778721308342092
2025-03-30 12:00:00,33.17429213517507,19.5849,100.17,off_peak,90.8,13.589392135175071
2025-03-30 13:00:00,33.74790655160682,25.1409,103.29,off_peak,90.8,8.607006551606819
2025-03-30 14:00:00,34.98195270155188,12.639899999999999,97.35,off_peak,90.8,22.342052701551886
2025-03-30 15:00:00,36.93379202665343,7.5005999999999995,98.17,off_peak,90.8,29.43319202665343
2025-03-30 16:00:00,39.732875347917,8.334,96.54,off_peak,90.8,31.398875347917002
2025-03-30 17:00:00,42.820316186630045,21.6684,122.8,off_peak,90.8,21.151916186630046
2025-03-30 18:00:00,46.131001554981395,12.2232,133.33,off_peak,90.8,33.9078015549814
2025-03-30 19:00:00,47.76812810566228,2.6391,133.33,off_peak,90.8,45.12902810566228
2025-03-30 20:00:00,47.42395945580323,0.0,133.33,off_peak,90.8,47.42395945580323
2025-03-30 21:00:00,46.55268566652041,0.0,133.33,off_peak,90.8,46.55268566652041
2025-03-30 22:00:00,45.83876826444793,0.0,133.33,off_peak,90.8,45.83876826444793
2025-03-30 23:00:00,45.064388802265064,0.0,133.33,off_peak,90.8,45.064388802265064
2025-03-31 00:00:00,42.75287773496848,0.0,113.89,off_peak,90.8,42.75287773496848
2025-03-31 01:00:00,41.02195747565484,0.0,96.51,off_peak,90.8,41.02195747565484
2025-03-31 02:00:00,40.21037059186559,0.0,87.25,off_peak,90.8,40.21037059186559
2025-03-31 03:00:00,40.088671317028044,0.0,85.98,off_peak,90.8,40.088671317028044
2025-03-31 04:00:00,40.6444571772734,0.0,87.25,off_peak,90.8,40.6444571772734
2025-03-31 05:00:00,42.35367310731665,0.0,89.13,off_peak,90.8,42.35367310731665
2025-03-31 06:00:00,45.35507178356494,0.0,113.8,off_peak,90.8,45.35507178356494
2025-03-31 07:00:00,48.6456031318795,0.9723,128.59,off_peak,90.8,47.6733031318795
2025-03-31 08:00:00,50.41760658588352,7.917299999999999,138.69,mid_peak,95.6,42.50030658588352
2025-03-31 09:00:00,49.537030941199106,18.4737,132.46,mid_peak,95.6,31.063330941199105
2025-03-31 10:00:00,47.661156768543925,28.0578,132.46,mid_peak,95.6,19.603356768543925
2025-03-31 11:00:00,44.837268499542766,37.6419,132.46,on_peak,114.8,7.1953684995427665
2025-03-31 12:00:00,41.94516662426323,43.1979,128.83,mid_peak,95.6,0.0
2025-03-31 13:00:00,43.78073275684483,44.448,132.46,on_peak,114.8,0.0
2025-03-31 14:00:00,45.17136013938342,43.1979,132.46,on_peak,114.8,1.9734601393834197
2025-03-31 15:00:00,46.99607410732982,37.2252,128.84,on_peak,114.8,9.770874107329817
2025-03-31 16:00:00,49.68663578224144,30.6969,128.84,on_peak,114.8,18.98973578224144
2025-03-31 17:00:00,51.31523563213753,17.6403,128.53,on_peak,114.8,33.67493563213753
2025-03-31 18:00:00,53.164754547821516,9.8619,128.65,mid_peak,95.6,43.30285454782152
2025-03-31 19:00:00,53.61589453479892,2.2224,126.89,mid_peak,95.6,51.39349453479892
2025-03-31 20:00:00,52.16247962829956,0.0,125.67,mid_peak,95.6,52.16247962829956
2025-03-31 21:00:00,50.61294554931703,0.0,123.02,mid_peak,95.6,50.61294554931703
2025-03-31 22:00:00,50.405979266631526,0.0,123.02,off_peak,90.8,50.405979266631526
2025-03-31 23:00:00,49.377349090138374,0.0,115.49,off_peak,90.8,49.377349090138374
2025-04-01 00:00:00,46.39377897007648,0.0,99.41,off_peak,90.8,46.39377897007648
2025-04-01 01:00:00,44.63572829917485,0.0,98.52,off_peak,90.8,44.63572829917485
2025-04-01 02:00:00,43.716394923650455,0.0,97.55,off_peak,90.8,43.716394923650455
2025-04-01 03:00:00,43.322616378316226,0.0,97.74,off_peak,90.8,43.322616378316226
2025-04-01 04:00:00,43.73267317060325,0.0,98.79,off_peak,90.8,43.73267317060325
2025-04-01 05:00:00,45.135703027010635,0.0,122.85,off_peak,90.8,45.135703027010635
2025-04-01 06:00:00,47.40690605423364,0.0,128.35,off_peak,90.8,47.40690605423364
2025-04-01 07:00:00,49.73159475001582,0.6945,136.04,off_peak,90.8,49.037094750015825
2025-04-01 08:00:00,50.52922885070267,5.4171,143.52,mid_peak,95.6,45.112128850702675
2025-04-01 09:00:00,48.6386267403283,13.0566,143.77,mid_peak,95.6,35.5820267403283
2025-04-01 10:00:00,46.006201661676656,27.2244,145.19,mid_peak,95.6,18.781801661676656
2025-04-01 11:00:00,43.100922157911526,35.8362,143.53,on_peak,114.8,7.264722157911528
2025-04-01 12:00:00,40.12122781093363,42.3645,137.21,mid_peak,95.6,0.0
2025-04-01 13:00:00,41.68471467301855,44.3091,139.35,on_peak,114.8,0.0
2025-04-01 14:00:00,43.10712339484592,43.3368,137.21,on_peak,114.8,0.0
2025-04-01 15:00:00,45.125626016992236,38.4753,156.03,on_peak,114.8,6.6503260169922385
2025-04-01 16:00:00,48.07431417929815,30.835800000000003,137.21,on_peak,114.8,17.238514179298146
2025-04-01 17:00:00,50.48039410984429,21.5295,137.92,on_peak,114.8,28.950894109844292
2025-04-01 18:00:00,52.819035588728866,10.6953,136.01,mid_peak,95.6,42.12373558872886
2025-04-01 19:00:00,53.626746699434115,2.5002,136.02,mid_peak,95.6,51.126546699434115
2025-04-01 20:00:00,52.234569007661925,0.0,136.02,mid_peak,95.6,52.234569007661925
2025-04-01 21:00:00,50.80983482198415,0.0,126.13,mid_peak,95.6,50.80983482198415
2025-04-01 22:00:00,50.2346700963188,0.0,126.41,off_peak,90.8,50.2346700963188
2025-04-01 23:00:00,49.24789826913283,0.0,121.02,off_peak,90.8,49.24789826913283
2025-04-02 00:00:00,46.33641752843331,0.0,104.85,off_peak,90.8,46.33641752843331
2025-04-02 01:00:00,44.68921396773403,0.0,95.52,off_peak,90.8,44.68921396773403
2025-04-02 02:00:00,43.75515265449044,0.0,94.67,off_peak,90.8,43.75515265449044
2025-04-02 03:00:00,43.46679513704096,0.0,95.09,off_peak,90.8,43.46679513704096
2025-04-02 04:00:00,43.75360234525684,0.0,95.07,off_peak,90.8,43.75360234525684
2025-04-02 05:00:00,44.946565300511516,0.0,98.57,off_peak,90.8,44.946565300511516
2025-04-02 06:00:00,47.29373348018089,0.0,117.13,off_peak,90.8,47.29373348018089
2025-04-02 07:00:00,49.00294941022414,1.2501,139.33,off_peak,90.8,47.75284941022414
2025-04-02 08:00:00,49.337816204681594,7.3617,135.0,mid_peak,95.6,41.976116204681595
2025-04-02 09:00:00,47.75882625026068,17.3625,135.07,mid_peak,95.6,30.39632625026068
2025-04-02 10:00:00,45.54575981929765,26.8077,136.76,mid_peak,95.6,18.73805981929765
2025-04-02 11:00:00,43.28928472979384,32.0859,139.35,on_peak,114.8,11.20338472979384
2025-04-02 12:00:00,41.7885853916697,21.5295,136.17,mid_peak,95.6,20.2590853916697
2025-04-02 13:00:00,44.92408581662433,11.2509,136.8,on_peak,114.8,33.673185816624326
2025-04-02 14:00:00,47.83246593885665,16.9458,136.81,on_peak,114.8,30.886665938856652
2025-04-02 15:00:00,50.97804337382968,12.639899999999999,139.37,on_peak,114.8,38.33814337382968
2025-04-02 16:00:00,53.17715702169031,9.5841,136.83,on_peak,114.8,43.59305702169031
2025-04-02 17:00:00,52.962439192836804,5.1392999999999995,133.06,on_peak,114.8,47.823139192836805
2025-04-02 18:00:00,53.47636670377498,3.4724999999999997,133.17,mid_peak,95.6,50.00386670377498
2025-04-02 19:00:00,53.52055051693256,2.2224,133.18,mid_peak,95.6,51.29815051693256
2025-04-02 20:00:00,52.099692104338786,0.0,118.48,mid_peak,95.6,52.099692104338786
2025-04-02 21:00:00,50.53155431455307,0.0,116.94,mid_peak,95.6,50.53155431455307
2025-04-02 22:00:00,50.07266278140767,0.0,116.46,off_peak,90.8,50.07266278140767
2025-04-02 23:00:00,48.68281055348588,0.0,116.46,off_peak,90.8,48.68281055348588
2025-04-03 00:00:00,45.85427135678392,0.0,125.73,off_peak,90.8,45.85427135678392
2025-04-03 01:00:00,44.0652145012103,0.0,123.02,off_peak,90.8,44.0652145012103
2025-04-03 02:00:00,43.173011537273894,0.0,98.47,off_peak,90.8,43.173011537273894
2025-04-03 03:00:00,42.89783164831001,0.0,98.33,off_peak,90.8,42.89783164831001
2025-04-03 04:00:00,43.40865854078099,0.0,98.96,off_peak,90.8,43.40865854078099
2025-04-03 05:00:00,44.714794070088416,0.0,123.66,off_peak,90.8,44.714794070088416
2025-04-03 06:00:00,47.12319946448496,0.0,138.34,off_peak,90.8,47.12319946448496
2025-04-03 07:00:00,49.36727208011998,0.9723,138.34,off_peak,90.8,48.394972080119985
2025-04-03 08:00:00,50.37807370042674,7.3617,144.15,mid_peak,95.6,43.01637370042674
2025-04-03 09:00:00,49.07813940805371,18.4737,153.64,mid_peak,95.6,30.604439408053707
2025-04-03 10:00:00,46.79143328849471,29.3079,155.2,mid_peak,95.6,17.48353328849471
2025-04-03 11:00:00,43.8466208992728,37.6419,146.85,on_peak,114.8,6.2047208992728
2025-04-03 12:00:00,41.039786031841224,43.3368,141.12,mid_peak,95.6,0.0
2025-04-03 13:00:00,42.866050309021226,45.5592,141.1,on_peak,114.8,0.0
2025-04-03 14:00:00,44.566739538279684,44.448,141.1,on_peak,114.8,0.11873953827968364
2025-04-03 15:00:00,46.07364011333822,39.1698,154.88,on_peak,114.8,6.9038401133382195
2025-04-03 16:00:00,48.72466890279306,30.835800000000003,140.05,on_peak,114.8,17.88886890279306
2025-04-03 17:00:00,50.54008101533787,20.835,139.87,on_peak,114.8,29.705081015337868
2025-04-03 18:00:00,52.54618116361539,10.278599999999999,139.88,mid_peak,95.6,42.26758116361539
2025-04-03 19:00:00,53.25622279260388,2.5002,139.88,mid_peak,95.6,50.75602279260388
2025-04-03 20:00:00,51.94233571712845,0.0,139.88,mid_peak,95.6,51.94233571712845
2025-04-03 21:00:00,50.36257060809074,0.0,137.58,mid_peak,95.6,50.36257060809074
2025-04-03 22:00:00,49.96026536197172,0.0,138.34,off_peak,90.8,49.96026536197172
2025-04-03 23:00:00,48.79133219983783,0.0,138.34,off_peak,90.8,48.79133219983783
2025-04-04 00:00:00,45.848070119849524,0.0,154.2,off_peak,90.8,45.848070119849524
2025-04-04 01:00:00,44.05358718195831,0.0,105.88,off_peak,90.8,44.05358718195831
2025-04-04 02:00:00,43.05596319013714,0.0,98.33,off_peak,90.8,43.05596319013714
2025-04-04 03:00:00,42.780783301173265,0.0,98.33,off_peak,90.8,42.780783301173265
2025-04-04 04:00:00,43.14510597106911,0.0,108.54,off_peak,90.8,43.14510597106911
2025-04-04 05:00:00,44.49232469506691,0.0,136.56,off_peak,90.8,44.49232469506691
2025-04-04 06:00:00,46.21936918129656,0.0,138.29,off_peak,90.8,46.21936918129656
2025-04-04 07:00:00,48.51227653778995,0.5556,137.0,off_peak,90.8,47.95667653778995
2025-04-04 08:00:00,48.94016188626337,5.556,137.82,mid_peak,95.6,43.38416188626337
2025-04-04 09:00:00,47.192188225380136,18.7515,137.25,mid_peak,95.6,28.440688225380136
2025-04-04 10:00:00,44.849670973411556,27.918899999999994,140.17,mid_peak,95.6,16.930770973411562
2025-04-04 11:00:00,41.980048582019215,37.3641,145.55,on_peak,114.8,4.6159485820192145
2025-04-04 12:00:00,39.99952853609608,43.753499999999995,137.42,mid_peak,95.6,0.0
2025-04-04 13:00:00,41.81339033940729,45.836999999999996,145.4,on_peak,114.8,0.0
2025-04-04 14:00:00,42.88697948367482,44.3091,140.17,on_peak,114.8,0.0
2025-04-04 15:00:00,44.600846341418865,38.891999999999996,137.9,on_peak,114.8,5.7088463414188695
2025-04-04 16:00:00,46.94103812953704,31.1136,136.51,on_peak,114.8,15.82743812953704
2025-04-04 17:00:00,48.65723045113149,20.835,136.98,on_peak,114.8,27.82223045113149
2025-04-04 18:00:00,50.663330599409015,9.5841,137.9,mid_peak,95.6,41.079230599409016
2025-04-04 19:00:00,51.40127779460229,2.3613,138.41,mid_peak,95.6,49.03997779460229
2025-04-04 20:00:00,50.35791968038995,0.0,137.52,mid_peak,95.6,50.35791968038995
2025-04-04 21:00:00,49.0897667273057,0.0,137.31,mid_peak,95.6,49.0897667273057
2025-04-04 22:00:00,48.79675828215543,0.0,137.0,off_peak,90.8,48.79675828215543
2025-04-04 23:00:00,47.67821017011352,0.0,138.41,off_peak,90.8,47.67821017011352
2025-04-05 00:00:00,44.84812066417796,0.0,121.88,off_peak,90.8,44.84812066417796
2025-04-05 01:00:00,42.85364783515243,0.0,98.65,off_peak,90.8,42.85364783515243
2025-04-05 02:00:00,41.823467349425684,0.0,97.55,off_peak,90.8,41.823467349425684
2025-04-05 03:00:00,41.3289187039075,0.0,89.49,off_peak,90.8,41.3289187039075
2025-04-05 04:00:00,41.385504990933875,0.0,93.23,off_peak,90.8,41.385504990933875
2025-04-05 05:00:00,42.021131776709595,0.0,98.65,off_peak,90.8,42.021131776709595
2025-04-05 06:00:00,42.59939712084214,0.0,98.65,off_peak,90.8,42.59939712084214
2025-04-05 07:00:00,42.82109134124685,0.1389,98.65,off_peak,90.8,42.68219134124685
2025-04-05 08:00:00,42.573041863870955,1.1112,99.2,mid_peak,95.6,41.46184186387096
2025-04-05 09:00:00,43.369125655324204,1.389,115.27,mid_peak,95.6,41.9801256553242
2025-04-05 10:00:00,44.72797169857401,1.8056999999999999,139.89,mid_peak,95.6,42.92227169857401
2025-04-05 11:00:00,45.27833147650177,3.1947,141.08,mid_peak,95.6,42.08363147650177
2025-04-05 12:00:00,44.987648495201896,3.7502999999999997,139.83,mid_peak,95.6,41.23734849520189
2025-04-05 13:00:00,45.868224139886316,4.4448,139.91,mid_peak,95.6,41.423424139886315
2025-04-05 14:00:00,45.59847033324003,2.9169,116.15,mid_peak,95.6,42.68157033324003
2025-04-05 15:00:00,45.09617014155385,4.4448,116.71,mid_peak,95.6,40.65137014155385
2025-04-05 16:00:00,45.46281827530009,4.4448,100.52,mid_peak,95.6,41.018018275300086
2025-04-05 17:00:00,45.80621177054234,1.1112,99.11,mid_peak,95.6,44.695011770542344
2025-04-05 18:00:00,46.589117933509996,0.9723,99.15,mid_peak,95.6,45.61681793351
2025-04-05 19:00:00,47.112347299849766,0.41669999999999996,100.0,mid_peak,95.6,46.69564729984977
2025-04-05 20:00:00,46.429436082449264,0.0,100.0,mid_peak,95.6,46.429436082449264
2025-04-05 21:00:00,45.46901951223449,0.0,99.28,mid_peak,95.6,45.46901951223449
2025-04-05 22:00:00,45.469794666851286,0.0,99.18,off_peak,90.8,45.469794666851286
2025-04-05 23:00:00,44.78610829483399,0.0,99.28,off_peak,90.8,44.78610829483399
2025-04-06 00:00:00,42.20561857550792,0.0,101.18,off_peak,90.8,42.20561857550792
2025-04-06 01:00:00,40.39330708143031,0.0,99.36,off_peak,90.8,40.39330708143031
2025-04-06 02:00:00,39.32281855562998,0.0,85.99,off_peak,90.8,39.32281855562998
2025-04-06 03:00:00,38.870128259418976,0.0,88.94,off_peak,90.8,38.870128259418976
2025-04-06 04:00:00,39.040662275114904,0.0,113.27,off_peak,90.8,39.040662275114904
2025-04-06 05:00:00,39.68946668937622,0.0,132.88,off_peak,90.8,39.68946668937622
2025-04-06 06:00:00,40.02665894768407,0.0,142.94,off_peak,90.8,40.02665894768407
2025-04-06 07:00:00,38.69571847063905,0.6945,141.42,off_peak,90.8,38.00121847063905
2025-04-06 08:00:00,36.01135803266183,6.944999999999999,101.07,off_peak,90.8,29.06635803266183
2025-04-06 09:00:00,33.419240994083765,7.3617,101.51,off_peak,90.8,26.057540994083766
2025-04-06 10:00:00,31.934819902912416,19.0293,116.12,off_peak,90.8,12.905519902912417
2025-04-06 11:00:00,30.673643341379368,38.4753,101.12,off_peak,90.8,0.0
2025-04-06 12:00:00,30.285290878362737,44.0313,0.0,off_peak,90.8,0.0
2025-04-06 13:00:00,30.62170798205379,46.2537,6.87,off_peak,90.8,0.0
2025-04-06 14:00:00,31.138736111459163,44.7258,116.87,off_peak,90.8,0.0
2025-04-06 15:00:00,32.63478452188251,39.4476,96.04,off_peak,90.8,0.0
2025-04-06 16:00:00,36.188093285292155,31.669199999999996,99.36,off_peak,90.8,4.518893285292158
2025-04-06 17:00:00,40.21037059186559,22.224,114.63,off_peak,90.8,17.98637059186559
2025-04-06 18:00:00,43.76290420065843,11.3898,120.82,off_peak,90.8,32.37310420065843
2025-04-06 19:00:00,45.672110021836,3.0558,120.94,off_peak,90.8,42.616310021836
2025-04-06 20:00:00,45.50312631537367,0.0,121.03,off_peak,90.8,45.50312631537367
2025-04-06 21:00:00,44.86594922036435,0.0,121.11,off_peak,90.8,44.86594922036435
2025-04-06 22:00:00,44.13497841672227,0.0,121.16,off_peak,90.8,44.13497841672227
2025-04-06 23:00:00,43.1598339087883,0.0,121.24,off_peak,90.8,43.1598339087883
2025-04-07 00:00:00,40.785535317530936,0.0,111.09,off_peak,90.8,40.785535317530936
2025-04-07 01:00:00,39.20732051772683,0.0,97.78,off_peak,90.8,39.20732051772683
2025-04-07 02:00:00,38.47634971408475,0.0,86.53,off_peak,90.8,38.47634971408475
2025-04-07 03:00:00,38.282561059884834,0.0,86.53,off_peak,90.8,38.282561059884834
2025-04-07 04:00:00,38.97554928730373,0.0,87.34,off_peak,90.8,38.97554928730373
2025-04-07 05:00:00,40.81344088373572,0.0,93.64,off_peak,90.8,40.81344088373572
2025-04-07 06:00:00,43.56679008260812,0.0,116.46,off_peak,90.8,43.56679008260812
2025-04-07 07:00:00,45.71241806190958,1.5279,125.73,off_peak,90.8,44.18451806190958
2025-04-07 08:00:00,46.5821415419588,9.167399999999999,140.96,mid_peak,95.6,37.4147415419588
2025-04-07 09:00:00,45.45739219298249,20.4183,143.9,mid_peak,95.6,25.03909219298249
2025-04-07 10:00:00,43.64430554428809,30.280200000000004,143.19,mid_peak,95.6,13.364105544288083
2025-04-07 11:00:00,41.27233241688113,38.4753,137.66,on_peak,114.8,2.7970324168811302
2025-04-07 12:00:00,38.811991663159006,43.475699999999996,135.63,mid_peak,95.6,0.0
2025-04-07 13:00:00,40.71344593816857,45.0036,139.33,on_peak,114.8,0.0
2025-04-07 14:00:00,42.32034145879427,42.7812,135.64,on_peak,114.8,0.0
2025-04-07 15:00:00,44.40860799645255,37.0863,139.33,on_peak,114.8,7.322307996452551
2025-04-07 16:00:00,47.44953955815762,29.4468,135.61,on_peak,114.8,18.002739558157618
2025-04-07 17:00:00,49.58741599129108,19.8627,135.64,on_peak,114.8,29.72471599129108
2025-04-07 18:00:00,51.67878314741657,9.167399999999999,135.64,mid_peak,95.6,42.511383147416566
2025-04-07 19:00:00,52.30898385087469,2.0835,156.47,mid_peak,95.6,50.22548385087469
2025-04-07 20:00:00,50.85479378975853,0.0,138.82,mid_peak,95.6,50.85479378975853
2025-04-07 21:00:00,49.45719001566874,0.0,135.64,mid_peak,95.6,49.45719001566874
2025-04-07 22:00:00,48.737846531278656,0.0,135.64,off_peak,90.8,48.737846531278656
2025-04-07 23:00:00,47.40768120885044,0.0,141.58,off_peak,90.8,47.40768120885044
2025-04-08 00:00:00,44.48922407659972,0.0,154.2,off_peak,90.8,44.48922407659972
2025-04-08 01:00:00,42.828842887414844,0.0,115.14,off_peak,90.8,42.828842887414844
2025-04-08 02:00:00,41.90098281110565,0.0,98.22,off_peak,90.8,41.90098281110565
2025-04-08 03:00:00,41.52735828580821,0.0,98.19,off_peak,90.8,41.52735828580821
2025-04-08 04:00:00,41.883154254919255,0.0,109.24,off_peak,90.8,41.883154254919255
2025-04-08 05:00:00,43.08929483865953,0.0,140.86,off_peak,90.8,43.08929483865953
2025-04-08 06:00:00,45.224070653325796,0.0,141.41,off_peak,90.8,45.224070653325796
2025-04-08 07:00:00,47.35497069490806,0.8333999999999999,141.47,off_peak,90.8,46.521570694908064
2025-04-08 08:00:00,48.46809272463237,3.4724999999999997,142.91,mid_peak,95.6,44.995592724632374
2025-04-08 09:00:00,46.836392256269086,9.8619,142.05,mid_peak,95.6,36.97449225626909
2025-04-08 10:00:00,43.938089144055155,25.9743,141.49,mid_peak,95.6,17.963789144055156
2025-04-08 11:00:00,40.93746562242367,38.6142,136.56,on_peak,114.8,2.3232656224236763
2025-04-08 12:00:00,38.34147281076161,44.1702,136.48,mid_peak,95.6,0.0
2025-04-08 13:00:00,40.25610471425677,46.5315,136.54,on_peak,114.8,0.0
2025-04-08 14:00:00,41.559139625096996,45.0036,136.5,on_peak,114.8,0.0
2025-04-08 15:00:00,43.65980863662408,40.281,136.56,on_peak,114.8,3.378808636624079
2025-04-08 16:00:00,46.5759403050244,32.3637,136.48,on_peak,114.8,14.212240305024402
2025-04-08 17:00:00,48.91768240237618,22.7796,136.56,on_peak,114.8,26.13808240237618
2025-04-08 18:00:00,51.33151387909032,11.2509,140.38,mid_peak,95.6,40.08061387909032
2025-04-08 19:00:00,52.064034991966,3.0558,153.12,mid_peak,95.6,49.008234991966
2025-04-08 20:00:00,51.014475640819256,0.0,153.04,mid_peak,95.6,51.014475640819256
2025-04-08 21:00:00,49.52307815809671,0.0,140.19,mid_peak,95.6,49.52307815809671
2025-04-08 22:00:00,48.92310848469378,0.0,139.97,off_peak,90.8,48.92310848469378
2025-04-08 23:00:00,47.547209039874375,0.0,140.54,off_peak,90.8,47.547209039874375
2025-04-09 00:00:00,44.61479912452126,0.0,154.2,off_peak,90.8,44.61479912452126
2025-04-09 01:00:00,42.9373645337668,0.0,115.55,off_peak,90.8,42.9373645337668
2025-04-09 02:00:00,42.12345218612715,0.0,98.92,off_peak,90.8,42.12345218612715
2025-04-09 03:00:00,41.87617786336806,0.0,98.64,off_peak,90.8,41.87617786336806
2025-04-09 04:00:00,42.2342992963295,0.0,109.17,off_peak,90.8,42.2342992963295
2025-04-09 05:00:00,43.64895647198888,0.0,135.68,off_peak,90.8,43.64895647198888
2025-04-09 06:00:00,45.788383214355946,0.0,139.56,off_peak,90.8,45.788383214355946
2025-04-09 07:00:00,47.00227534426421,2.0835,139.55,off_peak,90.8,44.91877534426421
2025-04-09 08:00:00,47.58984254379836,7.7784,139.84,mid_peak,95.6,39.811442543798364
2025-04-09 09:00:00,47.2673782232097,13.1955,139.83,mid_peak,95.6,34.071878223209694
2025-04-09 10:00:00,46.985997097311426,17.084699999999998,153.94,mid_peak,95.6,29.901297097311428
2025-04-09 11:00:00,45.42328538984331,19.0293,139.82,on_peak,114.8,26.39398538984331
2025-04-09 12:00:00,42.658308871718916,18.7515,139.82,mid_peak,95.6,23.906808871718916
2025-04-09 13:00:00,44.9760211759499,36.391799999999996,139.82,on_peak,114.8,8.584221175949907
2025-04-09 14:00:00,46.476720514074046,26.9466,139.82,on_peak,114.8,19.530120514074046
2025-04-09 15:00:00,48.52622932089235,19.5849,139.81,on_peak,114.8,28.941329320892347
2025-04-09 16:00:00,50.860995026692926,6.5283,139.55,on_peak,114.8,44.332695026692925
2025-04-09 17:00:00,51.11059481330242,3.1947,139.71,on_peak,114.8,47.91589481330242
2025-04-09 18:00:00,51.99582138568763,2.5002,139.83,mid_peak,95.6,49.49562138568763
2025-04-09 19:00:00,52.32526209782748,0.41669999999999996,139.83,mid_peak,95.6,51.908562097827485
2025-04-09 20:00:00,51.08423955633123,0.0,139.84,mid_peak,95.6,51.08423955633123
2025-04-09 21:00:00,49.49207197342473,0.0,139.55,mid_peak,95.6,49.49207197342473
2025-04-09 22:00:00,48.780480035202636,0.0,139.55,off_peak,90.8,48.780480035202636
2025-04-09 23:00:00,47.55573574065917,0.0,139.55,off_peak,90.8,47.55573574065917
2025-04-10 00:00:00,44.531082425906895,0.0,114.2,off_peak,90.8,44.531082425906895
2025-04-10 01:00:00,42.88542917444122,0.0,98.67,off_peak,90.8,42.88542917444122
2025-04-10 02:00:00,41.98702497357041,0.0,96.68,off_peak,90.8,41.98702497357041
2025-04-10 03:00:00,41.69944261073774,0.0,96.68,off_peak,90.8,41.69944261073774
2025-04-10 04:00:00,41.920361676525644,0.0,98.51,off_peak,90.8,41.920361676525644
2025-04-10 05:00:00,43.27610710130825,0.0,110.65,off_peak,90.8,43.27610710130825
2025-04-10 06:00:00,45.41088291597451,0.0,135.3,off_peak,90.8,45.41088291597451
2025-04-10 07:00:00,47.38365141572965,1.6667999999999998,139.0,off_peak,90.8,45.71685141572965
2025-04-10 08:00:00,48.6370764310947,8.4729,150.81,mid_peak,95.6,40.1641764310947
2025-04-10 09:00:00,47.599919553816754,18.8904,154.15,mid_peak,95.6,28.709519553816754
2025-04-10 10:00:00,45.38375250438652,29.169,154.6,mid_peak,95.6,16.21475250438652
2025-04-10 11:00:00,42.81333979507885,35.14169999999999,142.98,on_peak,114.8,7.67163979507886
2025-04-10 12:00:00,40.356099659823926,40.9755,142.98,mid_peak,95.6,0.0
2025-04-10 13:00:00,42.55056237998377,31.669199999999996,148.79,on_peak,114.8,10.88136237998377
2025-04-10 14:00:00,43.56756523722492,41.392199999999995,139.45,on_peak,114.8,2.1753652372249235
2025-04-10 15:00:00,44.77138035711479,41.67,139.15,on_peak,114.8,3.1013803571147918
2025-04-10 16:00:00,47.0487846212722,27.2244,137.02,on_peak,114.8,19.8243846212722
2025-04-10 17:00:00,48.940937040880165,20.696099999999998,137.06,on_peak,114.8,28.244837040880167
2025-04-10 18:00:00,51.16020470877759,7.7784,137.07,mid_peak,95.6,43.381804708777594
2025-04-10 19:00:00,51.97489221103404,3.0558,137.07,mid_peak,95.6,48.91909221103404
2025-04-10 20:00:00,50.769526781910564,0.0,136.98,mid_peak,95.6,50.769526781910564
2025-04-10 21:00:00,49.41068073866076,0.0,135.96,mid_peak,95.6,49.41068073866076
2025-04-10 22:00:00,48.78823158137063,0.0,135.73,off_peak,90.8,48.78823158137063
2025-04-10 23:00:00,47.30923657251688,0.0,118.81,off_peak,90.8,47.30923657251688
2025-04-11 00:00:00,44.338068926323785,0.0,115.35,off_peak,90.8,44.338068926323785
2025-04-11 01:00:00,42.82961804203164,0.0,99.11,off_peak,90.8,42.82961804203164
2025-04-11 02:00:00,41.983149200486416,0.0,98.29,off_peak,90.8,41.983149200486416
2025-04-11 03:00:00,41.61340044827298,0.0,98.32,off_peak,90.8,41.61340044827298
2025-04-11 04:00:00,41.92811322269364,0.0,99.12,off_peak,90.8,41.92811322269364
2025-04-11 05:00:00,43.1443308164523,0.0,115.67,off_peak,90.8,43.1443308164523
2025-04-11 06:00:00,45.00160127830429,0.0,138.96,off_peak,90.8,45.00160127830429
2025-04-11 07:00:00,45.9015557884087,1.9446,139.09,off_peak,90.8,43.9569557884087
2025-04-11 08:00:00,45.76202795738476,10.0008,139.89,mid_peak,95.6,35.76122795738476
2025-04-11 09:00:00,43.987699039530334,21.3906,140.03,mid_peak,95.6,22.597099039530335
2025-04-11 10:00:00,42.07616775450237,31.252499999999998,144.65,mid_peak,95.6,10.823667754502374
2025-04-11 11:00:00,39.633655556966644,39.5865,139.5,on_peak,114.8,0.04715555696664353
2025-04-11 12:00:00,37.50973190693557,44.8647,133.39,mid_peak,95.6,0.0
2025-04-11 13:00:00,39.42823958351473,47.5038,133.38,on_peak,114.8,0.0
2025-04-11 14:00:00,41.03203448567323,45.836999999999996,133.38,on_peak,114.8,0.0
2025-04-11 15:00:00,42.891630411375615,39.8643,139.33,on_peak,114.8,3.0273304113756154
2025-04-11 16:00:00,45.55041074699845,30.835800000000003,133.39,on_peak,114.8,14.71461074699845
2025-04-11 17:00:00,47.604570481517555,22.224,140.38,on_peak,114.8,25.380570481517555
2025-04-11 18:00:00,49.64245196908386,11.3898,141.28,mid_peak,95.6,38.25265196908386
2025-04-11 19:00:00,50.326138341101164,2.778,141.5,mid_peak,95.6,47.548138341101165
2025-04-11 20:00:00,49.27967960842162,0.0,140.93,mid_peak,95.6,49.27967960842162
2025-04-11 21:00:00,48.11074644628773,0.0,133.41,mid_peak,95.6,48.11074644628773
2025-04-11 22:00:00,47.68596171628152,0.0,133.41,off_peak,90.8,47.68596171628152
2025-04-11 23:00:00,46.39765474316048,0.0,127.64,off_peak,90.8,46.39765474316048
2025-04-12 00:00:00,43.470670910124966,0.0,129.4,off_peak,90.8,43.470670910124966
2025-04-12 01:00:00,41.753703433913714,0.0,98.55,off_peak,90.8,41.753703433913714
2025-04-12 02:00:00,40.80801480141813,0.0,93.69,off_peak,90.8,40.80801480141813
2025-04-12 03:00:00,40.29098667201276,0.0,92.25,off_peak,90.8,40.29098667201276
2025-04-12 04:00:00,40.37935429832792,0.0,92.58,off_peak,90.8,40.37935429832792
2025-04-12 05:00:00,40.839796140706916,0.0,98.55,off_peak,90.8,40.839796140706916
2025-04-12 06:00:00,41.28551004536672,0.0,98.9,off_peak,90.8,41.28551004536672
2025-04-12 07:00:00,40.39330708143031,1.2501,99.23,off_peak,90.8,39.143207081430305
2025-04-12 08:00:00,38.8150922816262,5.9727,99.26,mid_peak,95.6,32.8423922816262
2025-04-12 09:00:00,37.84692416524342,12.7788,111.23,mid_peak,95.6,25.06812416524342
2025-04-12 10:00:00,38.23527662826005,20.9739,139.87,mid_peak,95.6,17.261376628260052
2025-04-12 11:00:00,39.36390175032036,29.169,139.86,mid_peak,95.6,10.194901750320359
2025-04-12 12:00:00,39.735975966384196,24.168599999999998,139.86,mid_peak,95.6,15.567375966384198
2025-04-12 13:00:00,41.516506121173016,5.9727,139.87,mid_peak,95.6,35.54380612117302
2025-04-12 14:00:00,42.978447728457176,2.5002,139.86,mid_peak,95.6,40.47824772845718
2025-04-12 15:00:00,43.55516276335612,2.9169,156.66,mid_peak,95.6,40.638262763356124
2025-04-12 16:00:00,43.99157481261433,2.9169,134.49,mid_peak,95.6,41.07467481261433
2025-04-12 17:00:00,44.42411108878854,2.6391,129.4,mid_peak,95.6,41.78501108878854
2025-04-12 18:00:00,45.32639106274335,0.9723,129.4,mid_peak,95.6,44.35409106274335
2025-04-12 19:00:00,45.6752106403032,0.1389,129.4,mid_peak,95.6,45.5363106403032
2025-04-12 20:00:00,45.125626016992236,0.0,129.4,mid_peak,95.6,45.125626016992236
2025-04-12 21:00:00,44.32566645245499,0.0,129.4,mid_peak,95.6,44.32566645245499
2025-04-12 22:00:00,44.64270469072605,0.0,129.4,off_peak,90.8,44.64270469072605
2025-04-12 23:00:00,43.99855120416553,0.0,129.4,off_peak,90.8,43.99855120416553
2025-04-13 00:00:00,41.60564890210498,0.0,114.77,off_peak,90.8,41.60564890210498
2025-04-13 01:00:00,40.02975956615127,0.0,98.16,off_peak,90.8,40.02975956615127
2025-04-13 02:00:00,38.97477413268693,0.0,84.98,off_peak,90.8,38.97477413268693
2025-04-13 03:00:00,38.38565662391919,0.0,86.61,off_peak,90.8,38.38565662391919
2025-04-13 04:00:00,38.45387023019756,0.0,99.42,off_peak,90.8,38.45387023019756
2025-04-13 05:00:00,38.928264855678954,0.0,117.07,off_peak,90.8,38.928264855678954
2025-04-13 06:00:00,39.39025700729155,0.0,117.07,off_peak,90.8,39.39025700729155
2025-04-13 07:00:00,37.991102923968164,2.2224,115.61,off_peak,90.8,35.76870292396816
2025-04-13 08:00:00,35.35015114453172,10.5564,98.4,off_peak,90.8,24.793751144531722
2025-04-13 09:00:00,34.465699726763305,19.3071,98.65,off_peak,90.8,15.158599726763306
2025-04-13 10:00:00,35.96562391027065,24.5853,99.54,off_peak,90.8,11.38032391027065
2025-04-13 11:00:00,35.046290534746255,12.2232,99.01,off_peak,90.8,22.823090534746257
2025-04-13 12:00:00,34.59902632085285,36.669599999999996,99.04,off_peak,90.8,0.0
2025-04-13 13:00:00,34.884283219835126,18.195899999999998,99.09,off_peak,90.8,16.688383219835128
2025-04-13 14:00:00,35.86330350085309,12.501,98.72,off_peak,90.8,23.362303500853095
2025-04-13 15:00:00,36.97177460287661,14.1678,99.4,off_peak,90.8,22.803974602876607
2025-04-13 16:00:00,39.60264937229466,6.5283,99.21,off_peak,90.8,33.074349372294655
2025-04-13 17:00:00,42.238950224030305,7.3617,99.4,off_peak,90.8,34.877250224030306
2025-04-13 18:00:00,44.72952200780761,6.3894,118.63,off_peak,90.8,38.34012200780761
2025-04-13 19:00:00,46.3573467030869,2.5002,118.63,off_peak,90.8,43.8571467030869
2025-04-13 20:00:00,46.17828598660618,0.0,118.63,off_peak,90.8,46.17828598660618
2025-04-13 21:00:00,45.32484075350975,0.0,118.63,off_peak,90.8,45.32484075350975
2025-04-13 22:00:00,44.37992727563096,0.0,118.63,off_peak,90.8,44.37992727563096
2025-04-13 23:00:00,43.487724311694556,0.0,116.17,off_peak,90.8,43.487724311694556
2025-04-14 00:00:00,41.308764683870706,0.0,93.31,off_peak,90.8,41.308764683870706
2025-04-14 01:00:00,39.761556068738585,0.0,83.85,off_peak,90.8,39.761556068738585
2025-04-14 02:00:00,38.70269486219025,0.0,83.85,off_peak,90.8,38.70269486219025
2025-04-14 03:00:00,38.575569505035105,0.0,83.85,off_peak,90.8,38.575569505035105
2025-04-14 04:00:00,39.19026711615724,0.0,83.85,off_peak,90.8,39.19026711615724
2025-04-14 05:00:00,40.974673044030055,0.0,103.49,off_peak,90.8,40.974673044030055
2025-04-14 06:00:00,43.828792343086405,0.0,98.12,off_peak,90.8,43.828792343086405
2025-04-14 07:00:00,47.39760419883204,2.0835,117.01,off_peak,90.8,45.31410419883204
2025-04-14 08:00:00,50.30520916644757,7.639500000000001,159.72,mid_peak,95.6,42.66570916644757
2025-04-14 09:00:00,51.132299142572805,11.2509,154.18,mid_peak,95.6,39.8813991425728
2025-04-14 10:00:00,52.077987775068394,4.7226,159.72,mid_peak,95.6,47.355387775068394
2025-04-14 11:00:00,51.91675561477406,7.917299999999999,152.9,on_peak,114.8,43.999455614774064
2025-04-14 12:00:00,51.068736463995236,3.7502999999999997,139.14,mid_peak,95.6,47.31843646399523
2025-04-14 13:00:00,54.308107607601016,10.0008,152.9,on_peak,114.8,44.30730760760102
2025-04-14 14:00:00,55.19565964383663,6.5283,161.86,on_peak,114.8,48.667359643836626
2025-04-14 15:00:00,55.22434036465822,6.944999999999999,154.34,on_peak,114.8,48.27934036465822
2025-04-14 16:00:00,55.55300592218127,7.5005999999999995,148.21,on_peak,114.8,48.05240592218127
2025-04-14 17:00:00,54.522825436454525,3.8892,148.21,on_peak,114.8,50.63362543645452
2025-04-14 18:00:00,54.744519656859225,4.3059,148.26,mid_peak,95.6,50.438619656859224
2025-04-14 19:00:00,54.36314358539379,1.2501,148.24,mid_peak,95.6,53.11304358539379
2025-04-14 20:00:00,52.54075508129779,0.0,137.99,mid_peak,95.6,52.54075508129779
2025-04-14 21:00:00,50.87959873749612,0.0,137.94,mid_peak,95.6,50.87959873749612
2025-04-14 22:00:00,50.35481906192275,0.0,137.91,off_peak,90.8,50.35481906192275
2025-04-14 23:00:00,49.064961779568115,0.0,137.91,off_peak,90.8,49.064961779568115
2025-04-15 00:00:00,46.248825056734944,0.0,117.35,off_peak,90.8,46.248825056734944
2025-04-15 01:00:00,44.57759170291488,0.0,116.19,off_peak,90.8,44.57759170291488
2025-04-15 02:00:00,43.70244214054806,0.0,108.84,off_peak,90.8,43.70244214054806
2025-04-15 03:00:00,43.35129709913782,0.0,108.68,off_peak,90.8,43.35129709913782
2025-04-15 04:00:00,43.75282719064004,0.0,109.21,off_peak,90.8,43.75282719064004
2025-04-15 05:00:00,45.03338261759308,0.0,134.66,off_peak,90.8,45.03338261759308
2025-04-15 06:00:00,47.0402579204874,0.0,135.09,off_peak,90.8,47.0402579204874
2025-04-15 07:00:00,48.34019221286043,3.1947,135.17,off_peak,90.8,45.14549221286043
2025-04-15 08:00:00,49.077364253436905,12.9177,139.34,mid_peak,95.6,36.1596642534369
2025-04-15 09:00:00,47.86192181429504,23.057399999999998,137.29,mid_peak,95.6,24.80452181429504
2025-04-15 10:00:00,45.68373734108799,32.7804,139.35,mid_peak,95.6,12.90333734108799
2025-04-15 11:00:00,43.46369451857377,40.6977,137.28,on_peak,114.8,2.7659945185737698
2025-04-15 12:00:00,40.889406036182095,45.975899999999996,136.98,mid_peak,95.6,0.0
2025-04-15 13:00:00,42.142055896930344,50.0,137.13,on_peak,114.8,0.0
2025-04-15 14:00:00,43.1582835995547,48.7539,137.24,on_peak,114.8,0.0
2025-04-15 15:00:00,44.676036339248434,39.030899999999995,137.28,on_peak,114.8,5.645136339248438
2025-04-15 16:00:00,47.2735794601441,35.2806,137.28,on_peak,114.8,11.992979460144099
2025-04-15 17:00:00,49.84244186021817,24.8631,137.13,on_peak,114.8,24.979341860218174
2025-04-15 18:00:00,52.30898385087469,13.1955,137.29,mid_peak,95.6,39.11348385087469
2025-04-15 19:00:00,53.29343021421026,3.7502999999999997,155.4,mid_peak,95.6,49.54313021421026
2025-04-15 20:00:00,52.20511313222354,0.0,155.4,mid_peak,95.6,52.20511313222354
2025-04-15 21:00:00,50.678833691745005,0.0,153.15,mid_peak,95.6,50.678833691745005
2025-04-15 22:00:00,49.73779598695022,0.0,153.14,off_peak,90.8,49.73779598695022
2025-04-15 23:00:00,48.257250668862866,0.0,152.58,off_peak,90.8,48.257250668862866
2025-04-16 00:00:00,45.63102682714562,0.0,146.1,off_peak,90.8,45.63102682714562
2025-04-16 01:00:00,44.09932130434949,0.0,116.0,off_peak,90.8,44.09932130434949
2025-04-16 02:00:00,43.118750714097914,0.0,100.15,off_peak,90.8,43.118750714097914
2025-04-16 03:00:00,42.752102580351675,0.0,109.05,off_peak,90.8,42.752102580351675
2025-04-16 04:00:00,43.194715866544286,0.0,116.19,off_peak,90.8,43.194715866544286
2025-04-16 05:00:00,44.39388005873336,0.0,136.03,off_peak,90.8,44.39388005873336
2025-04-16 06:00:00,46.241848665183745,0.0,136.46,off_peak,90.8,46.241848665183745
2025-04-16 07:00:00,47.55418543142557,1.8056999999999999,138.06,off_peak,90.8,45.74848543142557
2025-04-16 08:00:00,47.939437275975,8.7507,138.46,mid_peak,95.6,39.188737275975
2025-04-16 09:00:00,46.54725958420281,21.1128,159.97,mid_peak,95.6,25.434459584202813
2025-04-16 10:00:00,44.59619541371807,30.4191,162.07,mid_peak,95.6,14.177095413718071
2025-04-16 11:00:00,42.089345382987965,38.753099999999996,144.57,on_peak,114.8,3.3362453829879684
2025-04-16 12:00:00,40.12355327478403,43.8924,138.39,mid_peak,95.6,0.0
2025-04-16 13:00:00,42.60869897624374,43.753499999999995,144.53,on_peak,114.8,0.0
2025-04-16 14:00:00,44.43418809880694,38.891999999999996,144.5,on_peak,114.8,5.542188098806946
2025-04-16 15:00:00,46.30076041606052,33.752700000000004,161.65,on_peak,114.8,12.548060416060515
2025-04-16 16:00:00,48.67195838885068,22.3629,138.42,on_peak,114.8,26.309058388850683
2025-04-16 17:00:00,49.680434545307044,16.2513,138.36,on_peak,114.8,33.42913454530704
2025-04-16 18:00:00,51.40127779460229,7.222799999999999,138.29,mid_peak,95.6,44.17847779460229
2025-04-16 19:00:00,52.350067045565076,2.2224,138.29,mid_peak,95.6,50.127667045565076
2025-04-16 20:00:00,51.24004563430796,0.0,138.22,mid_peak,95.6,51.24004563430796
2025-04-16 21:00:00,49.74632268773502,0.0,138.07,mid_peak,95.6,49.74632268773502
2025-04-16 22:00:00,49.06108600648412,0.0,138.07,off_peak,90.8,49.06108600648412
2025-04-16 23:00:00,47.65883130469353,0.0,137.79,off_peak,90.8,47.65883130469353
2025-04-17 00:00:00,44.721770461639615,0.0,115.1,off_peak,90.8,44.721770461639615
2025-04-17 01:00:00,43.1582835995547,0.0,99.25,off_peak,90.8,43.1582835995547
2025-04-17 02:00:00,42.15988445311674,0.0,98.73,off_peak,90.8,42.15988445311674
2025-04-17 03:00:00,41.765330753165706,0.0,98.35,off_peak,90.8,41.765330753165706
2025-04-17 04:00:00,42.06996651756798,0.0,98.93,off_peak,90.8,42.06996651756798
2025-04-17 05:00:00,43.1544078264707,0.0,113.06,off_peak,90.8,43.1544078264707
2025-04-17 06:00:00,45.00780251523869,0.0,116.2,off_peak,90.8,45.00780251523869
2025-04-17 07:00:00,46.8201140093163,1.389,135.06,off_peak,90.8,45.431114009316296
2025-04-17 08:00:00,48.02470428382297,6.2505,142.18,mid_peak,95.6,41.77420428382297
2025-04-17 09:00:00,47.21544286388412,8.334,142.33,mid_peak,95.6,38.88144286388412
2025-04-17 10:00:00,46.00852712552705,15.001199999999999,142.33,mid_peak,95.6,31.007327125527056
2025-04-17 11:00:00,44.34969624557578,25.5576,142.32,on_peak,114.8,18.792096245575777
2025-04-17 12:00:00,42.51025433991018,30.558000000000003,142.01,mid_peak,95.6,11.95225433991018
2025-04-17 13:00:00,44.92176035277393,37.6419,139.35,on_peak,114.8,7.27986035277393
2025-04-17 14:00:00,45.95116568388388,24.0297,139.33,on_peak,114.8,21.92146568388388
2025-04-17 15:00:00,47.51542770058559,24.168599999999998,154.08,on_peak,114.8,23.346827700585592
2025-04-17 16:00:00,49.69361217379264,19.7238,137.87,on_peak,114.8,29.969812173792636
2025-04-17 17:00:00,50.97804337382968,10.1397,137.67,on_peak,114.8,40.83834337382968
2025-04-17 18:00:00,52.33068818014508,4.583699999999999,137.03,mid_peak,95.6,47.74698818014508
2025-04-17 19:00:00,52.66322951075214,0.9723,136.95,mid_peak,95.6,51.69092951075214
2025-04-17 20:00:00,51.28810522054954,0.0,137.45,mid_peak,95.6,51.28810522054954
2025-04-17 21:00:00,49.7788791816406,0.0,136.12,mid_peak,95.6,49.7788791816406
2025-04-17 22:00:00,48.91923271160977,0.0,137.18,off_peak,90.8,48.91923271160977
2025-04-17 23:00:00,47.40845636346724,0.0,132.58,off_peak,90.8,47.40845636346724
2025-04-18 00:00:00,44.418685006470945,0.0,112.96,off_peak,90.8,44.418685006470945
2025-04-18 01:00:00,42.823416805097246,0.0,98.75,off_peak,90.8,42.823416805097246
2025-04-18 02:00:00,41.86532569873287,0.0,111.76,off_peak,90.8,41.86532569873287
2025-04-18 03:00:00,41.40488385635387,0.0,111.76,off_peak,90.8,41.40488385635387
2025-04-18 04:00:00,41.73044879540972,0.0,115.76,off_peak,90.8,41.73044879540972
2025-04-18 05:00:00,42.72187155029649,0.0,116.2,off_peak,90.8,42.72187155029649
2025-04-18 06:00:00,44.45201665499333,0.1389,116.2,off_peak,90.8,44.31311665499333
2025-04-18 07:00:00,46.367423713105296,0.2778,139.34,off_peak,90.8,46.0896237131053
2025-04-18 08:00:00,47.7231691378879,1.2501,142.17,mid_peak,95.6,46.4730691378879
2025-04-18 09:00:00,47.07281441439299,2.6391,142.17,mid_peak,95.6,44.43371441439299
2025-04-18 10:00:00,45.34421961892974,6.2505,183.32,mid_peak,95.6,39.09371961892974
2025-04-18 11:00:00,42.6893150563909,8.8896,154.69,on_peak,114.8,33.7997150563909
2025-04-18 12:00:00,40.66926212501099,21.3906,137.27,mid_peak,95.6,19.27866212501099
2025-04-18 13:00:00,42.62032629549574,35.41949999999999,137.27,on_peak,114.8,7.2008262954957445
2025-04-18 14:00:00,44.34194469940778,39.5865,137.27,on_peak,114.8,4.755444699407782
2025-04-18 15:00:00,46.06898918563743,36.2529,137.27,on_peak,114.8,9.81608918563743
2025-04-18 16:00:00,48.400654272970804,27.3633,137.27,on_peak,114.8,21.037354272970806
2025-04-18 17:00:00,49.41378135712796,18.8904,137.6,on_peak,114.8,30.52338135712796
2025-04-18 18:00:00,50.73231936030418,9.722999999999999,135.76,mid_peak,95.6,41.00931936030418
2025-04-18 19:00:00,51.45708892701187,2.9169,137.2,mid_peak,95.6,48.54018892701187
2025-04-18 20:00:00,50.30210854798037,0.0,135.21,mid_peak,95.6,50.30210854798037
2025-04-18 21:00:00,48.852569414565004,0.0,132.72,mid_peak,95.6,48.852569414565004
2025-04-18 22:00:00,48.214617164938886,0.0,118.17,off_peak,90.8,48.214617164938886
2025-04-18 23:00:00,46.75732648535552,0.0,118.37,off_peak,90.8,46.75732648535552
2025-04-19 00:00:00,43.801661931498415,0.0,98.95,off_peak,90.8,43.801661931498415
2025-04-19 01:00:00,42.145156515397545,0.0,98.95,off_peak,90.8,42.145156515397545
2025-04-19 02:00:00,41.01420592948684,0.0,98.36,off_peak,90.8,41.01420592948684
2025-04-19 03:00:00,40.54988831402384,0.0,98.27,off_peak,90.8,40.54988831402384
2025-04-19 04:00:00,40.39408223604711,0.0,98.36,off_peak,90.8,40.39408223604711
2025-04-19 05:00:00,40.809565110651725,0.0,98.36,off_peak,90.8,40.809565110651725
2025-04-19 06:00:00,41.31264045695471,0.0,113.41,off_peak,90.8,41.31264045695471
2025-04-19 07:00:00,40.93281469472287,0.2778,112.74,off_peak,90.8,40.65501469472287
2025-04-19 08:00:00,40.228199148051985,0.6945,112.8,mid_peak,95.6,39.53369914805199
2025-04-19 09:00:00,39.64528287621864,1.8056999999999999,97.93,mid_peak,95.6,37.839582876218635
2025-04-19 10:00:00,38.97322382345333,2.2224,98.36,mid_peak,95.6,36.75082382345333
2025-04-19 11:00:00,38.098074261086516,6.667199999999999,98.07,mid_peak,95.6,31.430874261086515
2025-04-19 12:00:00,37.948469420044184,8.8896,98.02,mid_peak,95.6,29.058869420044182
2025-04-19 13:00:00,39.75457967718739,7.5005999999999995,100.43,mid_peak,95.6,32.25397967718739
2025-04-19 14:00:00,41.76455559854891,4.583699999999999,113.79,mid_peak,95.6,37.18085559854891
2025-04-19 15:00:00,43.44819142623777,2.3613,100.49,mid_peak,95.6,41.08689142623777
2025-04-19 16:00:00,44.68378788541643,2.5002,99.44,mid_peak,95.6,42.18358788541643
2025-04-19 17:00:00,45.33724322737854,2.0835,99.92,mid_peak,95.6,43.25374322737854
2025-04-19 18:00:00,46.26355299445414,0.5556,100.58,mid_peak,95.6,45.70795299445414
2025-04-19 19:00:00,46.730971228384334,0.5556,100.64,mid_peak,95.6,46.175371228384336
2025-04-19 20:00:00,46.05271093868463,0.0,100.64,mid_peak,95.6,46.05271093868463
2025-04-19 21:00:00,44.9860981859683,0.0,100.7,mid_peak,95.6,44.9860981859683
2025-04-19 22:00:00,44.42256077955494,0.0,100.7,off_peak,90.8,44.42256077955494
2025-04-19 23:00:00,43.3830784384266,0.0,100.7,off_peak,90.8,43.3830784384266
2025-04-20 00:00:00,40.80723964680133,0.0,99.84,off_peak,90.8,40.80723964680133
2025-04-20 01:00:00,39.17088825073724,0.0,99.47,off_peak,90.8,39.17088825073724
2025-04-20 02:00:00,38.24457848366165,0.0,84.9,off_peak,90.8,38.24457848366165
2025-04-20 03:00:00,37.76708323971306,0.0,92.38,off_peak,90.8,37.76708323971306
2025-04-20 04:00:00,37.80584097055304,0.0,99.49,off_peak,90.8,37.80584097055304
2025-04-20 05:00:00,38.19419343356967,0.0,100.2,off_peak,90.8,38.19419343356967
2025-04-20 06:00:00,38.699594243723055,0.0,100.2,off_peak,90.8,38.699594243723055
2025-04-20 07:00:00,38.80346496237421,1.8056999999999999,99.61,off_peak,90.8,36.997764962374205
2025-04-20 08:00:00,38.52673476417673,11.528699999999999,81.09,off_peak,90.8,26.99803476417673
2025-04-20 09:00:00,38.098074261086516,19.5849,99.82,off_peak,90.8,18.513174261086515
2025-04-20 10:00:00,37.40353572443402,33.1971,113.38,off_peak,90.8,4.206435724434023
2025-04-20 11:00:00,36.14778524521857,41.253299999999996,99.82,off_peak,90.8,0.0
2025-04-20 12:00:00,34.9439701253287,48.337199999999996,0.0,off_peak,90.8,0.0
2025-04-20 13:00:00,34.74940631651198,49.3095,99.64,off_peak,90.8,0.0
2025-04-20 14:00:00,35.23465310662857,47.7816,99.7,off_peak,90.8,0.0
2025-04-20 15:00:00,36.23770318076733,42.2256,99.95,off_peak,90.8,0.0
2025-04-20 16:00:00,38.47712486870155,33.1971,99.91,off_peak,90.8,5.2800248687015525
2025-04-20 17:00:00,41.43433973179226,25.002,99.6,off_peak,90.8,16.432339731792258
2025-04-20 18:00:00,44.0613387281263,13.6122,100.15,off_peak,90.8,30.4491387281263
2025-04-20 19:00:00,45.48839837765448,4.4448,111.91,off_peak,90.8,41.043598377654476
2025-04-20 20:00:00,45.28530786805297,0.1389,111.91,off_peak,90.8,45.14640786805297
2025-04-20 21:00:00,44.32411614322139,0.0,111.91,off_peak,90.8,44.32411614322139
2025-04-20 22:00:00,43.12107617794832,0.0,111.91,off_peak,90.8,43.12107617794832
2025-04-20 23:00:00,41.678513436084145,0.0,111.87,off_peak,90.8,41.678513436084145
2025-04-21 00:00:00,39.352274431068366,0.0,102.86,off_peak,90.8,39.352274431068366
2025-04-21 01:00:00,37.911261998437794,0.0,92.94,off_peak,90.8,37.911261998437794
2025-04-21 02:00:00,37.15858686552533,0.0,92.94,off_peak,90.8,37.15858686552533
2025-04-21 03:00:00,36.87643058501025,0.0,92.94,off_peak,90.8,36.87643058501025
2025-04-21 04:00:00,37.388032632098025,0.0,93.24,off_peak,90.8,37.388032632098025
2025-04-21 05:00:00,38.83989722936379,0.0,115.22,off_peak,90.8,38.83989722936379
2025-04-21 06:00:00,41.03358479490683,0.0,116.68,off_peak,90.8,41.03358479490683
2025-04-21 07:00:00,43.79623584918082,2.0835,117.69,off_peak,90.8,41.71273584918082
2025-04-21 08:00:00,45.68916342340559,8.1951,137.69,mid_peak,95.6,37.49406342340559
2025-04-21 09:00:00,45.34964570124734,15.5568,137.3,mid_peak,95.6,29.792845701247337
2025-04-21 10:00:00,44.21791996071983,27.641099999999998,157.6,mid_peak,95.6,16.576819960719835
2025-04-21 11:00:00,42.695516293325305,40.0032,138.15,on_peak,114.8,2.6923162933253053
2025-04-21 12:00:00,41.06459097957882,45.1425,137.09,mid_peak,95.6,0.0
2025-04-21 13:00:00,43.09704638482753,33.8916,137.09,on_peak,114.8,9.205446384827532
2025-04-21 14:00:00,44.56208861057888,43.614599999999996,137.09,on_peak,114.8,0.9474886105788869
2025-04-21 15:00:00,46.62710050973318,43.1979,139.33,on_peak,114.8,3.4292005097331852
2025-04-21 16:00:00,48.513051692406755,28.0578,137.09,on_peak,114.8,20.455251692406755
2025-04-21 17:00:00,50.28117937332678,16.2513,137.09,on_peak,114.8,34.02987937332678
2025-04-21 18:00:00,52.07721262045159,9.0285,137.39,mid_peak,95.6,43.04871262045159
2025-04-21 19:00:00,52.48571910350501,3.6113999999999997,137.39,mid_peak,95.6,48.874319103505016
2025-04-21 20:00:00,51.023002341604055,0.1389,136.83,mid_peak,95.6,50.884102341604056
2025-04-21 21:00:00,49.47346826262153,0.0,134.4,mid_peak,95.6,49.47346826262153
2025-04-21 22:00:00,48.57041313404993,0.0,117.83,off_peak,90.8,48.57041313404993
2025-04-21 23:00:00,46.792208443111505,0.0,117.83,off_peak,90.8,46.792208443111505
2025-04-22 00:00:00,43.79933646764802,0.0,113.74,off_peak,90.8,43.79933646764802
2025-04-22 01:00:00,42.30251290260787,0.0,84.96,off_peak,90.8,42.30251290260787
2025-04-22 02:00:00,41.54828746046181,0.0,84.96,off_peak,90.8,41.54828746046181
2025-04-22 03:00:00,40.94986809629247,0.0,84.96,off_peak,90.8,40.94986809629247
2025-04-22 04:00:00,41.182414481332366,0.0,84.96,off_peak,90.8,41.182414481332366
2025-04-22 05:00:00,42.30096259337427,0.0,94.7,off_peak,90.8,42.30096259337427
2025-04-22 06:00:00,44.7651791201804,0.0,98.42,off_peak,90.8,44.7651791201804
2025-04-22 07:00:00,48.555685196330735,0.0,116.93,off_peak,90.8,48.555685196330735
2025-04-22 08:00:00,52.075662311218,0.6945,137.92,mid_peak,95.6,51.381162311218
2025-04-22 09:00:00,53.56240886623974,2.0835,145.44,mid_peak,95.6,51.47890886623974
2025-04-22 10:00:00,54.03835380095474,1.5279,148.05,mid_peak,95.6,52.510453800954735
2025-04-22 11:00:00,53.07561176688956,3.0558,148.05,on_peak,114.8,50.01981176688956
2025-04-22 12:00:00,51.556308717962224,2.9169,138.96,mid_peak,95.6,48.639408717962226
2025-04-22 13:00:00,53.31513454348065,4.028099999999999,148.65,on_peak,114.8,49.28703454348065
2025-04-22 14:00:00,53.51667474384856,5.9727,166.11,on_peak,114.8,47.543974743848565
2025-04-22 15:00:00,53.2035122786615,5.2782,166.11,on_peak,114.8,47.9253122786615
2025-04-22 16:00:00,53.197311041727104,6.5283,141.09,on_peak,114.8,46.6690110417271
2025-04-22 17:00:00,52.62912270761295,4.7226,141.09,on_peak,114.8,47.90652270761295
2025-04-22 18:00:00,52.88569888577364,4.7226,141.1,mid_peak,95.6,48.16309888577364
2025-04-22 19:00:00,52.777952394038486,1.6667999999999998,137.54,mid_peak,95.6,51.111152394038484
2025-04-22 20:00:00,51.203613367318376,0.1389,137.91,mid_peak,95.6,51.064713367318376
2025-04-22 21:00:00,49.5393564050495,0.0,137.93,mid_peak,95.6,49.5393564050495
2025-04-22 22:00:00,48.944037659347366,0.0,137.42,off_peak,90.8,48.944037659347366
2025-04-22 23:00:00,47.33791729333847,0.0,120.67,off_peak,90.8,47.33791729333847
2025-04-23 00:00:00,44.2892341854654,0.0,99.26,off_peak,90.8,44.2892341854654
2025-04-23 01:00:00,42.65210763478452,0.0,97.96,off_peak,90.8,42.65210763478452
2025-04-23 02:00:00,41.86300023488246,0.0,92.24,off_peak,90.8,41.86300023488246
2025-04-23 03:00:00,41.43433973179226,0.0,97.69,off_peak,90.8,41.43433973179226
2025-04-23 04:00:00,41.67541281761695,0.0,99.27,off_peak,90.8,41.67541281761695
2025-04-23 05:00:00,42.55211268921737,0.0,129.37,off_peak,90.8,42.55211268921737
2025-04-23 06:00:00,44.34116954479098,0.0,133.38,off_peak,90.8,44.34116954479098
2025-04-23 07:00:00,46.08216681412302,3.8892,133.59,off_peak,90.8,42.19296681412302
2025-04-23 08:00:00,47.24644904855611,13.334399999999999,137.89,mid_peak,95.6,33.91204904855611
2025-04-23 09:00:00,47.30226018096568,26.1132,141.7,mid_peak,95.6,21.189060180965683
2025-04-23 10:00:00,46.25967722137014,31.1136,141.7,mid_peak,95.6,15.146077221370138
2025-04-23 11:00:00,44.08846913971429,39.3087,141.7,on_peak,114.8,4.77976913971429
2025-04-23 12:00:00,41.7777332270345,45.1425,141.62,mid_peak,95.6,0.0
2025-04-23 13:00:00,43.783058220695224,45.0036,138.07,on_peak,114.8,0.0
2025-04-23 14:00:00,45.30003580577216,45.975899999999996,138.07,on_peak,114.8,0.0
2025-04-23 15:00:00,46.17673567737258,36.391799999999996,139.48,on_peak,114.8,9.78493567737258
2025-04-23 16:00:00,48.23244572112528,32.6415,137.32,on_peak,114.8,15.59094572112528
2025-04-23 17:00:00,49.53470547734871,25.6965,161.96,on_peak,114.8,23.83820547734871
2025-04-23 18:00:00,51.35321820836071,15.140100000000002,137.34,mid_peak,95.6,36.213118208360704
2025-04-23 19:00:00,51.999697158771625,5.1392999999999995,135.41,mid_peak,95.6,46.860397158771626
2025-04-23 20:00:00,51.082689247097626,0.1389,134.88,mid_peak,95.6,50.94378924709763
2025-04-23 21:00:00,49.58198990897348,0.0,133.59,mid_peak,95.6,49.58198990897348
2025-04-23 22:00:00,48.71149127430747,0.0,129.37,off_peak,90.8,48.71149127430747
2025-04-23 23:00:00,47.0503349305058,0.0,129.37,off_peak,90.8,47.0503349305058
2025-04-24 00:00:00,44.007853059567125,0.0,114.15,off_peak,90.8,44.007853059567125
2025-04-24 01:00:00,42.513354958377384,0.0,98.53,off_peak,90.8,42.513354958377384
2025-04-24 02:00:00,41.577743335900195,0.0,97.52,off_peak,90.8,41.577743335900195
2025-04-24 03:00:00,41.25527901531153,0.0,97.52,off_peak,90.8,41.25527901531153
2025-04-24 04:00:00,41.35062303317789,0.0,98.92,off_peak,90.8,41.35062303317789
2025-04-24 05:00:00,42.41025939434303,0.0,115.55,off_peak,90.8,42.41025939434303
2025-04-24 06:00:00,44.09001944894789,0.0,132.89,off_peak,90.8,44.09001944894789
2025-04-24 07:00:00,45.13880364547783,3.6113999999999997,132.88,off_peak,90.8,41.52740364547783
2025-04-24 08:00:00,45.31243827964096,11.8065,137.63,mid_peak,95.6,33.50593827964096
2025-04-24 09:00:00,43.87375131086078,23.613,137.3,mid_peak,95.6,20.260751310860783
2025-04-24 10:00:00,42.51955619531178,32.6415,139.28,mid_peak,95.6,9.878056195311778
2025-04-24 11:00:00,40.72972418512136,40.281,154.69,on_peak,114.8,0.4487241851213639
2025-04-24 12:00:00,38.90966114487576,45.6981,137.3,mid_peak,95.6,0.0
2025-04-24 13:00:00,41.1017984011852,47.7816,139.28,on_peak,114.8,0.0
2025-04-24 14:00:00,42.85907391747003,46.9482,138.0,on_peak,114.8,0.0
2025-04-24 15:00:00,45.03958385452748,43.1979,139.28,on_peak,114.8,1.8416838545274814
2025-04-24 16:00:00,47.604570481517555,35.5584,137.3,on_peak,114.8,12.046170481517557
2025-04-24 17:00:00,49.198288373657654,26.529899999999998,145.98,on_peak,114.8,22.668388373657656
2025-04-24 18:00:00,50.950137807624884,15.973499999999998,146.86,mid_peak,95.6,34.97663780762488
2025-04-24 19:00:00,51.733819125209344,5.0004,146.96,mid_peak,95.6,46.733419125209345
2025-04-24 20:00:00,50.53465493302027,0.1389,135.0,mid_peak,95.6,50.39575493302027
2025-04-24 21:00:00,48.93163518547857,0.0,132.89,mid_peak,95.6,48.93163518547857
2025-04-24 22:00:00,48.06501232389655,0.0,118.64,off_peak,90.8,48.06501232389655
2025-04-24 23:00:00,46.48757267870924,0.0,118.17,off_peak,90.8,46.48757267870924
2025-04-25 00:00:00,43.54586090795453,0.0,99.19,off_peak,90.8,43.54586090795453
2025-04-25 01:00:00,42.02345724056,0.0,97.85,off_peak,90.8,42.02345724056
2025-04-25 02:00:00,41.20721942906995,0.0,97.94,off_peak,90.8,41.20721942906995
2025-04-25 03:00:00,40.8715774799957,0.0,95.19,off_peak,90.8,40.8715774799957
2025-04-25 04:00:00,41.15993499744518,0.0,99.18,off_peak,90.8,41.15993499744518
2025-04-25 05:00:00,42.19554156548952,0.0,115.71,off_peak,90.8,42.19554156548952
2025-04-25 06:00:00,43.6272521427185,0.0,116.88,off_peak,90.8,43.6272521427185
2025-04-25 07:00:00,44.493099849683716,3.7502999999999997,115.72,off_peak,90.8,40.74279984968371
2025-04-25 08:00:00,44.31636459705339,12.7788,137.87,mid_peak,95.6,31.537564597053393
2025-04-25 09:00:00,42.99705143926037,24.3075,137.86,mid_peak,95.6,18.689551439260367
2025-04-25 10:00:00,41.35759942472909,34.0305,139.26,mid_peak,95.6,7.327099424729084
2025-04-25 11:00:00,38.77245877770222,42.5034,138.34,on_peak,114.8,0.0
2025-04-25 12:00:00,36.40436142337926,47.6427,137.86,mid_peak,95.6,0.0
2025-04-25 13:00:00,38.42829012784317,49.3095,137.86,on_peak,114.8,0.0
2025-04-25 14:00:00,40.105724718597635,47.0871,137.86,on_peak,114.8,0.0
2025-04-25 15:00:00,41.94361631502963,42.6423,137.86,on_peak,114.8,0.0
2025-04-25 16:00:00,44.7442499455268,35.5584,137.86,on_peak,114.8,9.185849945526805
2025-04-25 17:00:00,46.930185964901845,26.529899999999998,138.07,on_peak,114.8,20.400285964901848
2025-04-25 18:00:00,49.259525588384825,15.5568,134.98,mid_peak,95.6,33.70272558838482
2025-04-25 19:00:00,50.28040421870998,5.2782,135.0,mid_peak,95.6,45.002204218709984
2025-04-25 20:00:00,49.51610176654552,0.1389,134.41,mid_peak,95.6,49.37720176654552
2025-04-25 21:00:00,48.24252273114367,0.0,133.04,mid_peak,95.6,48.24252273114367
2025-04-25 22:00:00,47.67898532473032,0.0,133.04,off_peak,90.8,47.67898532473032
2025-04-25 23:00:00,46.338742992283706,0.0,118.78,off_peak,90.8,46.338742992283706
2025-04-26 00:00:00,43.581518020327316,0.0,111.73,off_peak,90.8,43.581518020327316
2025-04-26 01:00:00,41.99090074665441,0.0,98.42,off_peak,90.8,41.99090074665441
2025-04-26 02:00:00,40.984750054048455,0.0,93.43,off_peak,90.8,40.984750054048455
2025-04-26 03:00:00,40.39330708143031,0.0,93.43,off_peak,90.8,40.39330708143031
2025-04-26 04:00:00,40.466946770026276,0.0,110.81,off_peak,90.8,40.466946770026276
2025-04-26 05:00:00,40.83281974915572,0.0,114.9,off_peak,90.8,40.83281974915572
2025-04-26 06:00:00,40.8692520161453,0.1389,115.84,off_peak,90.8,40.730352016145304
2025-04-26 07:00:00,38.74145259303023,4.167,111.16,off_peak,90.8,34.57445259303023
2025-04-26 08:00:00,36.065618855837805,12.9177,111.3,mid_peak,95.6,23.147918855837805
2025-04-26 09:00:00,34.339349524224964,24.3075,111.58,mid_peak,95.6,10.031849524224963
2025-04-26 10:00:00,33.301417492330216,33.8916,115.44,mid_peak,95.6,0.0
2025-04-26 11:00:00,32.051093095432364,42.3645,115.23,mid_peak,95.6,0.0
2025-04-26 12:00:00,31.161215595346352,47.3649,112.51,mid_peak,95.6,0.0
2025-04-26 13:00:00,31.9735776337524,49.3095,112.51,mid_peak,95.6,0.0
2025-04-26 14:00:00,32.941745750135176,47.3649,115.84,mid_peak,95.6,0.0
2025-04-26 15:00:00,34.84862610746234,42.3645,117.13,mid_peak,95.6,0.0
2025-04-26 16:00:00,37.51825860772037,34.4472,112.11,mid_peak,95.6,3.071058607720367
2025-04-26 17:00:00,40.55143862325744,24.0297,116.35,mid_peak,95.6,16.52173862325744
2025-04-26 18:00:00,43.33579400680182,12.639899999999999,115.84,mid_peak,95.6,30.695894006801822
2025-04-26 19:00:00,44.93028705355872,3.6113999999999997,115.84,mid_peak,95.6,41.318887053558726
2025-04-26 20:00:00,44.86594922036435,0.1389,115.84,mid_peak,95.6,44.72704922036435
2025-04-26 21:00:00,44.060563573509505,0.0,115.84,mid_peak,95.6,44.060563573509505
2025-04-26 22:00:00,43.766004819125634,0.0,115.84,off_peak,90.8,43.766004819125634
2025-04-26 23:00:00,42.717995777212494,0.0,115.84,off_peak,90.8,42.717995777212494
2025-04-27 00:00:00,40.22122275650079,0.0,99.56,off_peak,90.8,40.22122275650079
2025-04-27 01:00:00,38.66161166749987,0.0,85.05,off_peak,90.8,38.66161166749987
2025-04-27 02:00:00,37.655460974893906,0.0,92.94,off_peak,90.8,37.655460974893906
2025-04-27 03:00:00,37.27486005804528,0.0,84.91,off_peak,90.8,37.27486005804528
2025-04-27 04:00:00,37.26555820264368,0.0,92.84,off_peak,90.8,37.26555820264368
2025-04-27 05:00:00,37.59112314169954,0.0,99.3,off_peak,90.8,37.59112314169954
2025-04-27 06:00:00,37.462447475310796,0.0,99.67,off_peak,90.8,37.462447475310796
2025-04-27 07:00:00,35.81756937846191,4.3059,96.39,off_peak,90.8,31.51166937846191
2025-04-27 08:00:00,33.652562533740465,13.0566,100.03,off_peak,90.8,20.595962533740465
2025-04-27 09:00:00,31.94412175831401,23.057399999999998,99.88,off_peak,90.8,8.886721758314014
2025-04-27 10:00:00,30.938746220324852,24.8631,100.27,off_peak,90.8,6.0756462203248525
2025-04-27 11:00:00,30.994557352734425,31.669199999999996,99.88,off_peak,90.8,0.0
2025-04-27 12:00:00,31.252683840128714,28.891199999999998,99.6,off_peak,90.8,2.3614838401287166
2025-04-27 13:00:00,32.24643205886588,24.4464,100.21,off_peak,90.8,7.800032058865877
2025-04-27 14:00:00,34.16261427159464,30.9747,100.21,off_peak,90.8,3.187914271594643
2025-04-27 15:00:00,35.905161850160276,33.0582,100.27,off_peak,90.8,2.8469618501602767
2025-04-27 16:00:00,38.21202198975607,19.3071,99.55,off_peak,90.8,18.90492198975607
2025-04-27 17:00:00,40.70801985585097,13.889999999999999,99.77,off_peak,90.8,26.81801985585097
2025-04-27 18:00:00,43.06293958168834,7.3617,100.34,off_peak,90.8,35.70123958168834
2025-04-27 19:00:00,44.55356190979409,2.9169,100.4,off_peak,90.8,41.63666190979409
2025-04-27 20:00:00,44.37217572946297,0.2778,100.4,off_peak,90.8,44.09437572946297
2025-04-27 21:00:00,43.538884516403336,0.0,100.46,off_peak,90.8,43.538884516403336
2025-04-27 22:00:00,42.52110650454538,0.0,100.52,off_peak,90.8,42.52110650454538
2025-04-27 23:00:00,41.160710152061974,0.0,100.52,off_peak,90.8,41.160710152061974
2025-04-28 00:00:00,38.905785371791765,0.0,93.69,off_peak,90.8,38.905785371791765
2025-04-28 01:00:00,37.58647221399874,0.0,84.24,off_peak,90.8,37.58647221399874
2025-04-28 02:00:00,36.86092749267426,0.0,84.24,off_peak,90.8,36.86092749267426
2025-04-28 03:00:00,36.60202585066317,0.0,84.24,off_peak,90.8,36.60202585066317
2025-04-28 04:00:00,37.06711862074297,0.0,84.24,off_peak,90.8,37.06711862074297
2025-04-28 05:00:00,38.47402425023435,0.0,88.67,off_peak,90.8,38.47402425023435
2025-04-28 06:00:00,40.43361512150389,0.1389,99.71,off_peak,90.8,40.29471512150389
2025-04-28 07:00:00,42.4738220729206,4.4448,115.81,off_peak,90.8,38.0290220729206
2025-04-28 08:00:00,43.33656916141862,13.6122,138.34,mid_peak,95.6,29.724369161418622
2025-04-28 09:00:00,42.42653764129582,24.7242,136.65,mid_peak,95.6,17.702337641295824
2025-04-28 10:00:00,41.163810770529174,34.0305,139.28,mid_peak,95.6,7.133310770529171
2025-04-28 11:00:00,39.248403712417215,42.0867,145.51,on_peak,114.8,0.0
2025-04-28 12:00:00,37.503530670001176,46.5315,136.09,mid_peak,95.6,0.0
2025-04-28 13:00:00,39.81814235576496,49.8651,136.63,on_peak,114.8,0.0
2025-04-28 14:00:00,41.368451589364284,45.0036,136.93,on_peak,114.8,0.0
2025-04-28 15:00:00,43.04123525241795,37.9197,157.47,on_peak,114.8,5.121535252417949
2025-04-28 16:00:00,45.77753104972075,33.8916,137.21,on_peak,114.8,11.885931049720753
2025-04-28 17:00:00,48.00610057301978,26.668799999999997,135.92,on_peak,114.8,21.337300573019782
2025-04-28 18:00:00,50.378848855043536,15.140100000000002,116.75,mid_peak,95.6,35.23874885504353
2025-04-28 19:00:00,51.21291522271997,4.7226,116.75,mid_peak,95.6,46.49031522271997
2025-04-28 20:00:00,50.058709998305275,0.1389,116.29,mid_peak,95.6,49.919809998305276
2025-04-28 21:00:00,48.6417273587955,0.0,99.96,mid_peak,95.6,48.6417273587955
2025-04-28 22:00:00,47.76967841489588,0.0,100.0,off_peak,90.8,47.76967841489588
2025-04-28 23:00:00,46.18913815124137,0.0,100.05,off_peak,90.8,46.18913815124137
2025-04-29 00:00:00,43.39315544844499,0.0,115.55,off_peak,90.8,43.39315544844499
2025-04-29 01:00:00,41.92656291346004,0.0,98.46,off_peak,90.8,41.92656291346004
2025-04-29 02:00:00,41.17001200746357,0.0,98.25,off_peak,90.8,41.17001200746357
2025-04-29 03:00:00,40.82894397607172,0.0,97.5,off_peak,90.8,40.82894397607172
2025-04-29 04:00:00,41.204893965219554,0.0,98.46,off_peak,90.8,41.204893965219554
2025-04-29 05:00:00,42.09632177453916,0.0,113.97,off_peak,90.8,42.09632177453916
2025-04-29 06:00:00,43.48694915707775,0.1389,116.29,off_peak,90.8,43.34804915707775
2025-04-29 07:00:00,43.86832522854319,4.8614999999999995,139.34,off_peak,90.8,39.00682522854319
2025-04-29 08:00:00,43.87762708394479,14.3067,136.68,mid_peak,95.6,29.570927083944788
2025-04-29 09:00:00,42.67303680943811,25.5576,139.36,mid_peak,95.6,17.11543680943811
2025-04-29 10:00:00,41.165361079762775,34.863899999999994,161.24,mid_peak,95.6,6.301461079762781
2025-04-29 11:00:00,39.20499505387643,42.9201,147.13,on_peak,114.8,0.0
2025-04-29 12:00:00,37.28648737729727,46.9482,136.12,mid_peak,95.6,0.0
2025-04-29 13:00:00,39.48637617977471,49.3095,137.08,on_peak,114.8,0.0
2025-04-29 14:00:00,41.37232736244828,47.9205,139.33,on_peak,114.8,0.0
2025-04-29 15:00:00,43.138904734134705,42.6423,139.33,on_peak,114.8,0.4966047341347064
2025-04-29 16:00:00,46.01550351707825,35.41949999999999,139.33,on_peak,114.8,10.596003517078259
2025-04-29 17:00:00,48.143302940193315,25.5576,136.48,on_peak,114.8,22.585702940193315
2025-04-29 18:00:00,50.40210349354753,14.5845,115.8,mid_peak,95.6,35.81760349354753
2025-04-29 19:00:00,51.340040579875115,5.0004,117.31,mid_peak,95.6,46.339640579875116
2025-04-29 20:00:00,50.31296071261556,0.1389,115.8,mid_peak,95.6,50.174060712615564
2025-04-29 21:00:00,48.68358570810268,0.0,115.8,mid_peak,95.6,48.68358570810268
2025-04-29 22:00:00,47.84641872195905,0.0,115.8,off_peak,90.8,47.84641872195905
2025-04-29 23:00:00,46.23952320133335,0.0,115.8,off_peak,90.8,46.23952320133335
2025-04-30 00:00:00,43.22727236044987,0.0,113.64,off_peak,90.8,43.22727236044987
2025-04-30 01:00:00,41.739750650811324,0.0,98.73,off_peak,90.8,41.739750650811324
2025-04-30 02:00:00,40.887855726948494,0.0,98.13,off_peak,90.8,40.887855726948494
2025-04-30 03:00:00,40.603373982583015,0.0,98.16,off_peak,90.8,40.603373982583015
2025-04-30 04:00:00,40.73825088590616,0.0,99.22,off_peak,90.8,40.73825088590616
2025-04-30 05:00:00,41.60952467518898,0.0,114.36,off_peak,90.8,41.60952467518898
2025-04-30 06:00:00,43.13580411566751,0.1389,116.47,off_peak,90.8,42.99690411566751
2025-04-30 07:00:00,43.81251409613361,4.167,137.84,off_peak,90.8,39.64551409613361
2025-04-30 08:00:00,43.75360234525684,13.0566,135.99,mid_peak,95.6,30.697002345256838
2025-04-30 09:00:00,42.72187155029649,23.8908,139.52,mid_peak,95.6,18.831071550296492
2025-04-30 10:00:00,41.49480179190263,33.0582,157.28,mid_peak,95.6,8.436601791902632
2025-04-30 11:00:00,39.57009287838907,40.5588,139.5,on_peak,114.8,0.0
2025-04-30 12:00:00,37.73995282812507,47.9205,139.47,mid_peak,95.6,0.0
2025-04-30 13:00:00,40.087121007794444,46.9482,139.5,on_peak,114.8,0.0
2025-04-30 14:00:00,41.7901357009033,47.9205,139.5,on_peak,114.8,0.0
2025-04-30 15:00:00,43.67298626510967,43.753499999999995,146.97,on_peak,114.8,0.0
2025-04-30 16:00:00,46.180611450456574,36.530699999999996,139.38,on_peak,114.8,9.649911450456578
2025-04-30 17:00:00,48.04330799462616,26.668799999999997,139.31,on_peak,114.8,21.374507994626164
2025-04-30 18:00:00,49.819962376330984,15.834599999999998,138.34,mid_peak,95.6,33.98536237633098
2025-04-30 19:00:00,50.64317657937222,4.583699999999999,138.34,mid_peak,95.6,46.05947657937222
2025-04-30 20:00:00,49.74632268773502,0.1389,133.79,mid_peak,95.6,49.60742268773502
2025-04-30 21:00:00,48.359571078280425,0.0,129.1,mid_peak,95.6,48.359571078280425
2025-04-30 22:00:00,47.47589481512881,0.0,138.34,off_peak,90.8,47.47589481512881
2025-04-30 23:00:00,45.78915836897275,0.0,139.29,off_peak,90.8,45.78915836897275
2025-05-01 00:00:00,43.035034015483554,0.0,125.64,off_peak,90.8,43.035034015483554
2025-05-01 01:00:00,41.42193725792346,0.0,110.01,off_peak,90.8,41.42193725792346
2025-05-01 02:00:00,40.50725481009986,0.0,105.66,off_peak,90.8,40.50725481009986
2025-05-01 03:00:00,39.967747196807295,0.0,103.1,off_peak,90.8,39.967747196807295
2025-05-01 04:00:00,39.86232616892254,0.0,103.1,off_peak,90.8,39.86232616892254
2025-05-01 05:00:00,40.11967750170003,0.0,110.22,off_peak,90.8,40.11967750170003
2025-05-01 06:00:00,40.39485739066391,0.0,110.71,off_peak,90.8,40.39485739066391
2025-05-01 07:00:00,40.23207492113598,2.778,110.93,off_peak,90.8,37.454074921135984
2025-05-01 08:00:00,40.32664378438554,6.8061,121.78,mid_peak,95.6,33.52054378438554
2025-05-01 09:00:00,41.65680910681375,1.5279,120.16,mid_peak,95.6,40.12890910681375
2025-05-01 10:00:00,43.3846287476602,0.6945,121.78,mid_peak,95.6,42.690128747660204
2025-05-01 11:00:00,43.56834039184172,1.5279,121.78,on_peak,114.8,42.04044039184172
2025-05-01 12:00:00,44.829516953374764,1.5279,128.72,mid_peak,95.6,43.30161695337476
2025-05-01 13:00:00,46.37750072312369,2.5002,131.89,on_peak,114.8,43.87730072312369
2025-05-01 14:00:00,46.85112019398828,3.3335999999999997,131.64,on_peak,114.8,43.51752019398828
2025-05-01 15:00:00,46.817788545465895,2.5002,131.35,on_peak,114.8,44.317588545465895
2025-05-01 16:00:00,46.8030606077467,2.2224,130.56,on_peak,114.8,44.5806606077467
2025-05-01 17:00:00,46.62244958203238,1.389,121.78,on_peak,114.8,45.23344958203238
2025-05-01 18:00:00,47.13560193835376,1.5279,119.94,mid_peak,95.6,45.607701938353756
2025-05-01 19:00:00,47.37047378724405,1.2501,119.94,mid_peak,95.6,46.12037378724405
2025-05-01 20:00:00,46.59997009814519,0.2778,119.68,mid_peak,95.6,46.32217009814519
2025-05-01 21:00:00,45.4465400283473,0.0,118.7,mid_peak,95.6,45.4465400283473
2025-05-01 22:00:00,45.05043601916267,0.0,126.56,off_peak,90.8,45.05043601916267
2025-05-01 23:00:00,43.838094198488,0.0,111.18,off_peak,90.8,43.838094198488
2025-05-02 00:00:00,41.300237983085914,0.0,130.63,off_peak,90.8,41.300237983085914
2025-05-02 01:00:00,39.727449265599404,0.0,110.44,off_peak,90.8,39.727449265599404
2025-05-02 02:00:00,38.90966114487576,0.0,109.8,off_peak,90.8,38.90966114487576
2025-05-02 03:00:00,38.49495342488794,0.0,106.28,off_peak,90.8,38.49495342488794
2025-05-02 04:00:00,38.65773589441587,0.0,109.98,off_peak,90.8,38.65773589441587
2025-05-02 05:00:00,39.585595970725066,0.0,129.3,off_peak,90.8,39.585595970725066
2025-05-02 06:00:00,40.728949030504566,0.2778,118.66,off_peak,90.8,40.45114903050457
2025-05-02 07:00:00,40.75840490594295,5.1392999999999995,130.58,off_peak,90.8,35.619104905942955
2025-05-02 08:00:00,39.66001081393783,13.7511,129.82,mid_peak,95.6,25.90891081393783
2025-05-02 09:00:00,38.258531266764045,26.1132,130.66,mid_peak,95.6,12.145331266764046
2025-05-02 10:00:00,36.80899213334868,36.2529,131.86,mid_peak,95.6,0.5560921333486846
2025-05-02 11:00:00,34.72305105954079,43.475699999999996,131.87,on_peak,114.8,0.0
2025-05-02 12:00:00,33.492105528062936,44.7258,129.93,mid_peak,95.6,0.0
2025-05-02 13:00:00,35.21837485967578,46.6704,129.94,on_peak,114.8,0.0
2025-05-02 14:00:00,38.055440757162536,42.6423,129.94,on_peak,114.8,0.0
2025-05-02 15:00:00,40.68941614504778,27.918899999999994,129.94,on_peak,114.8,12.770516145047786
2025-05-02 16:00:00,43.65748317277368,28.3356,129.93,on_peak,114.8,15.321883172773681
2025-05-02 17:00:00,45.151206119346625,15.279000000000002,129.89,on_peak,114.8,29.87220611934662
2025-05-02 18:00:00,46.92475988258425,9.722999999999999,131.87,mid_peak,95.6,37.20175988258425
2025-05-02 19:00:00,47.98904717145018,2.2224,129.94,mid_peak,95.6,45.76664717145018
2025-05-02 20:00:00,47.4921730620816,0.1389,129.98,mid_peak,95.6,47.3532730620816
2025-05-02 21:00:00,46.36974917695569,0.0,126.41,mid_peak,95.6,46.36974917695569
2025-05-02 22:00:00,45.80311115207514,0.0,125.9,off_peak,90.8,45.80311115207514
2025-05-02 23:00:00,44.50240170508531,0.0,124.4,off_peak,90.8,44.50240170508531
2025-05-03 00:00:00,41.81339033940729,0.0,131.08,off_peak,90.8,41.81339033940729
2025-05-03 01:00:00,40.14603275867122,0.0,109.81,off_peak,90.8,40.14603275867122
2025-05-03 02:00:00,39.170113096120446,0.0,103.3,off_peak,90.8,39.170113096120446
2025-05-03 03:00:00,38.70424517142385,0.0,101.52,off_peak,90.8,38.70424517142385
2025-05-03 04:00:00,38.71974826375984,0.0,102.43,off_peak,90.8,38.71974826375984
2025-05-03 05:00:00,39.20577020849323,0.0,109.73,off_peak,90.8,39.20577020849323
2025-05-03 06:00:00,40.13750605788642,0.0,110.11,off_peak,90.8,40.13750605788642
2025-05-03 07:00:00,41.03125933105643,0.41669999999999996,118.61,off_peak,90.8,40.614559331056434
2025-05-03 08:00:00,42.05213796138158,1.6667999999999998,130.64,mid_peak,95.6,40.38533796138158
2025-05-03 09:00:00,43.13967988875151,2.778,129.77,mid_peak,95.6,40.36167988875151
2025-05-03 10:00:00,43.871425847010386,3.1947,130.56,mid_peak,95.6,40.67672584701039
2025-05-03 11:00:00,43.41408462309859,4.028099999999999,128.19,mid_peak,95.6,39.38598462309859
2025-05-03 12:00:00,41.44209127796025,10.278599999999999,128.18,mid_peak,95.6,31.163491277960254
2025-05-03 13:00:00,40.1886662625952,14.3067,130.19,mid_peak,95.6,25.8819662625952
2025-05-03 14:00:00,39.09957402599168,35.14169999999999,128.16,mid_peak,95.6,3.9578740259916856
2025-05-03 15:00:00,38.89958413485736,9.3063,127.72,mid_peak,95.6,29.593284134857363
2025-05-03 16:00:00,39.54838854911868,7.0839,131.13,mid_peak,95.6,32.46448854911868
2025-05-03 17:00:00,40.765381297494145,4.583699999999999,124.84,mid_peak,95.6,36.181681297494144
2025-05-03 18:00:00,42.61955114087893,7.222799999999999,124.84,mid_peak,95.6,35.39675114087893
2025-05-03 19:00:00,44.26287892849422,5.1392999999999995,130.19,mid_peak,95.6,39.12357892849422
2025-05-03 20:00:00,44.314039133202996,0.41669999999999996,130.19,mid_peak,95.6,43.897339133203
2025-05-03 21:00:00,43.51795534174974,0.0,129.59,mid_peak,95.6,43.51795534174974
2025-05-03 22:00:00,43.193165557310685,0.0,119.73,off_peak,90.8,43.193165557310685
2025-05-03 23:00:00,42.342820942681456,0.0,118.73,off_peak,90.8,42.342820942681456
2025-05-04 00:00:00,39.85767524122174,0.0,110.94,off_peak,90.8,39.85767524122174
2025-05-04 01:00:00,38.079470550283325,0.0,110.39,off_peak,90.8,38.079470550283325
2025-05-04 02:00:00,37.12603037161974,0.0,109.91,off_peak,90.8,37.12603037161974
2025-05-04 03:00:00,36.69736986852953,0.0,94.38,off_peak,90.8,36.69736986852953
2025-05-04 04:00:00,36.84309893648786,0.0,110.72,off_peak,90.8,36.84309893648786
2025-05-04 05:00:00,37.08339686769576,0.0,112.43,off_peak,90.8,37.08339686769576
2025-05-04 06:00:00,36.7756604848263,0.1389,112.43,off_peak,90.8,36.6367604848263
2025-05-04 07:00:00,34.65406229864563,5.556,130.91,off_peak,90.8,29.098062298645626
2025-05-04 08:00:00,31.773587742618083,15.279000000000002,129.73,off_peak,90.8,16.49458774261808
2025-05-04 09:00:00,29.514012034647074,25.279799999999998,129.38,off_peak,90.8,4.234212034647076
2025-05-04 10:00:00,28.686922058521837,34.4472,112.15,off_peak,90.8,0.0
2025-05-04 11:00:00,27.759061982212643,42.5034,111.66,off_peak,90.8,0.0
2025-05-04 12:00:00,27.76836383761424,44.5869,110.6,off_peak,90.8,0.0
2025-05-04 13:00:00,28.472204229668332,49.5873,111.66,off_peak,90.8,0.0
2025-05-04 14:00:00,29.684546050343,49.7262,111.66,off_peak,90.8,0.0
2025-05-04 15:00:00,31.002308898902424,44.8647,119.12,off_peak,90.8,0.0
2025-05-04 16:00:00,33.61380480290048,37.0863,118.49,off_peak,90.8,0.0
2025-05-04 17:00:00,37.49577912383318,27.0855,119.12,off_peak,90.8,10.410279123833181
2025-05-04 18:00:00,40.74755274130776,15.973499999999998,130.08,off_peak,90.8,24.77405274130776
2025-05-04 19:00:00,42.79706154812606,5.2782,130.91,off_peak,90.8,37.51886154812606
2025-05-04 20:00:00,43.21797050504827,0.2778,130.07,off_peak,90.8,42.94017050504827
2025-05-04 21:00:00,42.622651759346134,0.0,129.64,off_peak,90.8,42.622651759346134
2025-05-04 22:00:00,41.81726611249129,0.0,119.14,off_peak,90.8,41.81726611249129
2025-05-04 23:00:00,40.81034026526853,0.0,119.14,off_peak,90.8,40.81034026526853
2025-05-05 00:00:00,38.55541548499831,0.0,110.46,off_peak,90.8,38.55541548499831
2025-05-05 01:00:00,37.02060934373499,0.0,109.77,off_peak,90.8,37.02060934373499
2025-05-05 02:00:00,36.26405843773852,0.0,109.76,off_peak,90.8,36.26405843773852
2025-05-05 03:00:00,35.88268236627309,0.0,94.38,off_peak,90.8,35.88268236627309
2025-05-05 04:00:00,36.047015145034614,0.0,109.74,off_peak,90.8,36.047015145034614
2025-05-05 05:00:00,36.46327317425603,0.0,109.76,off_peak,90.8,36.46327317425603
2025-05-05 06:00:00,36.60512646913037,0.2778,110.25,off_peak,90.8,36.32732646913037
2025-05-05 07:00:00,36.019884733446624,2.2224,110.33,off_peak,90.8,33.79748473344662
2025-05-05 08:00:00,35.104427131006226,5.9727,110.44,off_peak,90.8,29.131727131006226
2025-05-05 09:00:00,35.04939115321345,12.7788,118.24,off_peak,90.8,22.27059115321345
2025-05-05 10:00:00,36.49970544124562,17.9181,118.73,off_peak,90.8,18.581605441245618
2025-05-05 11:00:00,38.24070271057765,11.528699999999999,121.18,off_peak,90.8,26.71200271057765
2025-05-05 12:00:00,38.663937131350266,8.334,125.46,off_peak,90.8,30.329937131350267
2025-05-05 13:00:00,39.292587525574795,5.4171,130.9,off_peak,90.8,33.8754875255748
2025-05-05 14:00:00,40.11657688323283,11.112,129.52,off_peak,90.8,29.00457688323283
2025-05-05 15:00:00,40.98087428096445,7.0839,130.9,off_peak,90.8,33.89697428096445
2025-05-05 16:00:00,41.569216635115396,6.667199999999999,129.01,off_peak,90.8,34.902016635115395
2025-05-05 17:00:00,42.4614195990518,4.8614999999999995,128.85,off_peak,90.8,37.5999195990518
2025-05-05 18:00:00,43.676862038193676,2.5002,129.18,off_peak,90.8,41.176662038193676
2025-05-05 19:00:00,44.47372098426372,0.8333999999999999,131.46,off_peak,90.8,43.640320984263724
2025-05-05 20:00:00,44.248150990775024,0.1389,129.04,off_peak,90.8,44.109250990775024
2025-05-05 21:00:00,43.346646171437015,0.0,131.45,off_peak,90.8,43.346646171437015
2025-05-05 22:00:00,42.61490021317814,0.0,131.45,off_peak,90.8,42.61490021317814
2025-05-05 23:00:00,41.601773129020984,0.0,118.72,off_peak,90.8,41.601773129020984
2025-05-06 00:00:00,39.214296909278026,0.0,111.28,off_peak,90.8,39.214296909278026
2025-05-06 01:00:00,37.72600004502268,0.0,107.55,off_peak,90.8,37.72600004502268
2025-05-06 02:00:00,36.84852501880546,0.0,93.79,off_peak,90.8,36.84852501880546
2025-05-06 03:00:00,36.45629678270483,0.0,93.83,off_peak,90.8,36.45629678270483
2025-05-06 04:00:00,36.769459247891895,0.0,93.88,off_peak,90.8,36.769459247891895
2025-05-06 05:00:00,37.2229246987197,0.0,109.99,off_peak,90.8,37.2229246987197
2025-05-06 06:00:00,37.895758906101804,0.41669999999999996,110.81,off_peak,90.8,37.479058906101805
2025-05-06 07:00:00,38.54456332036312,4.583699999999999,119.12,off_peak,90.8,33.96086332036312
2025-05-06 08:00:00,39.19181742539084,14.7234,130.86,off_peak,90.8,24.46841742539084
2025-05-06 09:00:00,39.0468635120493,25.8354,130.84,off_peak,90.8,13.2114635120493
2025-05-06 10:00:00,39.342197421049974,33.336,130.89,off_peak,90.8,6.006197421049976
2025-05-06 11:00:00,39.61970277386425,37.503,130.89,off_peak,90.8,2.1167027738642474
2025-05-06 12:00:00,39.834420602717756,33.6138,127.48,off_peak,90.8,6.220620602717759
2025-05-06 13:00:00,41.70486869305534,24.0297,130.9,off_peak,90.8,17.67516869305534
2025-05-06 14:00:00,42.25677878021669,17.6403,129.9,off_peak,90.8,24.616478780216692
2025-05-06 15:00:00,41.34519695086029,17.6403,130.13,off_peak,90.8,23.70489695086029
2025-05-06 16:00:00,41.563015398181,24.7242,127.48,off_peak,90.8,16.838815398181
2025-05-06 17:00:00,42.666835572503715,24.5853,127.48,off_peak,90.8,18.081535572503714
2025-05-06 18:00:00,44.723320770873215,12.9177,128.98,off_peak,90.8,31.805620770873215
2025-05-06 19:00:00,46.277505777556534,5.8338,130.13,off_peak,90.8,40.44370577755653
2025-05-06 20:00:00,46.28990825142533,0.41669999999999996,130.13,off_peak,90.8,45.87320825142533
2025-05-06 21:00:00,45.19073900480341,0.0,129.58,off_peak,90.8,45.19073900480341
2025-05-06 22:00:00,44.20551748685104,0.0,120.26,off_peak,90.8,44.20551748685104
2025-05-06 23:00:00,42.893180720609216,0.0,118.94,off_peak,90.8,42.893180720609216
2025-05-07 00:00:00,40.43904120382149,0.0,113.26,off_peak,90.8,40.43904120382149
2025-05-07 01:00:00,39.0484138212829,0.0,107.65,off_peak,90.8,39.0484138212829
2025-05-07 02:00:00,38.30504054377202,0.0,94.03,off_peak,90.8,38.30504054377202
2025-05-07 03:00:00,37.902735297653,0.0,91.45,off_peak,90.8,37.902735297653
2025-05-07 04:00:00,38.302715079921626,0.0,93.95,off_peak,90.8,38.302715079921626
2025-05-07 05:00:00,39.383280615740354,0.0,94.32,off_peak,90.8,39.383280615740354
2025-05-07 06:00:00,41.27543303534832,0.2778,110.57,off_peak,90.8,40.99763303534832
2025-05-07 07:00:00,42.925737214514804,5.556,122.04,off_peak,90.8,37.36973721451481
2025-05-07 08:00:00,43.760578736808036,12.7788,128.83,mid_peak,95.6,30.981778736808035
2025-05-07 09:00:00,42.90325773062761,26.2521,131.06,mid_peak,95.6,16.65115773062761
2025-05-07 10:00:00,41.3405460231595,34.5861,140.89,mid_peak,95.6,6.754446023159495
2025-05-07 11:00:00,39.69566792631061,43.753499999999995,131.05,on_peak,114.8,0.0
2025-05-07 12:00:00,38.03296127327534,44.448,131.05,mid_peak,95.6,0.0
2025-05-07 13:00:00,40.52585852090305,50.0,130.86,on_peak,114.8,0.0
2025-05-07 14:00:00,42.55831392615176,41.8089,128.31,on_peak,114.8,0.7494139261517603
2025-05-07 15:00:00,44.18691377604785,43.1979,128.31,on_peak,114.8,0.9890137760478552
2025-05-07 16:00:00,46.5829166965756,34.4472,130.64,on_peak,114.8,12.1357166965756
2025-05-07 17:00:00,48.08439118931654,26.668799999999997,143.79,on_peak,114.8,21.415591189316544
2025-05-07 18:00:00,49.65562959756945,16.3902,129.23,mid_peak,95.6,33.26542959756945
2025-05-07 19:00:00,50.76642616344337,5.4171,128.23,mid_peak,95.6,45.34932616344337
2025-05-07 20:00:00,50.152503706938035,0.41669999999999996,129.4,mid_peak,95.6,49.735803706938036
2025-05-07 21:00:00,48.76265147901624,0.0,125.6,mid_peak,95.6,48.76265147901624
2025-05-07 22:00:00,47.90765593668622,0.0,125.68,off_peak,90.8,47.90765593668622
2025-05-07 23:00:00,46.33021629149891,0.0,118.75,off_peak,90.8,46.33021629149891
2025-05-08 00:00:00,43.3954809122954,0.0,111.32,off_peak,90.8,43.3954809122954
2025-05-08 01:00:00,41.842071060228875,0.0,111.19,off_peak,90.8,41.842071060228875
2025-05-08 02:00:00,41.051413351093224,0.0,100.55,off_peak,90.8,41.051413351093224
2025-05-08 03:00:00,40.77468315289574,0.0,100.55,off_peak,90.8,40.77468315289574
2025-05-08 04:00:00,40.97002211632926,0.0,99.43,off_peak,90.8,40.97002211632926
2025-05-08 05:00:00,41.789360546286495,0.0,111.27,off_peak,90.8,41.789360546286495
2025-05-08 06:00:00,43.046661334735546,0.41669999999999996,129.15,off_peak,90.8,42.62996133473555
2025-05-08 07:00:00,43.86755007392639,5.9727,126.97,off_peak,90.8,37.89485007392639
2025-05-08 08:00:00,44.16598460139426,15.001199999999999,127.14,mid_peak,95.6,29.16478460139426
2025-05-08 09:00:00,43.390829984594596,25.279799999999998,130.65,mid_peak,95.6,18.111029984594598
2025-05-08 10:00:00,42.170736617751935,31.5303,145.27,mid_peak,95.6,10.640436617751934
2025-05-08 11:00:00,40.09487255396244,40.0032,144.97,on_peak,114.8,0.09167255396243945
2025-05-08 12:00:00,38.50115466182234,48.0594,126.79,mid_peak,95.6,0.0
2025-05-08 13:00:00,41.345972105477095,50.0,132.35,on_peak,114.8,0.0
2025-05-08 14:00:00,43.194715866544286,46.8093,132.42,on_peak,114.8,0.0
2025-05-08 15:00:00,45.37367549436813,40.8366,132.41,on_peak,114.8,4.537075494368132
2025-05-08 16:00:00,48.6456031318795,33.752700000000004,132.42,on_peak,114.8,14.892903131879493
2025-05-08 17:00:00,49.58276506359029,20.557199999999998,132.24,on_peak,114.8,29.02556506359029
2025-05-08 18:00:00,50.94316141607369,10.1397,131.84,mid_peak,95.6,40.803461416073695
2025-05-08 19:00:00,51.55940933642942,3.4724999999999997,131.86,mid_peak,95.6,48.08690933642942
2025-05-08 20:00:00,50.50364874834828,0.2778,126.63,mid_peak,95.6,50.225848748348284
2025-05-08 21:00:00,49.13627600431368,0.0,131.83,mid_peak,95.6,49.13627600431368
2025-05-08 22:00:00,48.10454520935333,0.0,129.44,off_peak,90.8,48.10454520935333
2025-05-08 23:00:00,46.40230567086128,0.0,111.94,off_peak,90.8,46.40230567086128
2025-05-09 00:00:00,43.88692893934638,0.0,111.93,off_peak,90.8,43.88692893934638
2025-05-09 01:00:00,42.17848816391993,0.0,111.39,off_peak,90.8,42.17848816391993
2025-05-09 02:00:00,41.35759942472909,0.0,108.89,off_peak,90.8,41.35759942472909
2025-05-09 03:00:00,40.96537118862846,0.0,93.63,off_peak,90.8,40.96537118862846
2025-05-09 04:00:00,41.11032510197,0.0,93.63,off_peak,90.8,41.11032510197
2025-05-09 05:00:00,41.99400136512161,0.0,108.89,off_peak,90.8,41.99400136512161
2025-05-09 06:00:00,44.25435222770942,0.1389,112.45,off_peak,90.8,44.11545222770942
2025-05-09 07:00:00,47.722393983271104,0.5556,112.38,off_peak,90.8,47.166793983271106
2025-05-09 08:00:00,51.5981670672694,1.6667999999999998,129.29,mid_peak,95.6,49.9313670672694
2025-05-09 09:00:00,53.71666463498288,3.6113999999999997,136.66,mid_peak,95.6,50.10526463498287
2025-05-09 10:00:00,53.93370792768678,4.4448,144.74,mid_peak,95.6,49.48890792768678
2025-05-09 11:00:00,52.69578600465772,6.8061,136.55,on_peak,114.8,45.88968600465772
2025-05-09 12:00:00,50.930758942204896,9.3063,130.64,mid_peak,95.6,41.624458942204896
2025-05-09 13:00:00,53.16010362012072,14.1678,143.96,on_peak,114.8,38.99230362012072
2025-05-09 14:00:00,53.6593031933397,8.4729,129.29,on_peak,114.8,45.1864031933397
2025-05-09 15:00:00,53.604267215546926,4.3059,129.21,on_peak,114.8,49.298367215546925
2025-05-09 16:00:00,53.36396928433903,3.0558,127.02,on_peak,114.8,50.30816928433903
2025-05-09 17:00:00,52.26402488310031,2.2224,128.91,on_peak,114.8,50.04162488310031
2025-05-09 18:00:00,51.98109344796843,1.389,127.03,mid_peak,95.6,50.59209344796843
2025-05-09 19:00:00,51.62529747885739,0.6945,127.02,mid_peak,95.6,50.93079747885739
2025-05-09 20:00:00,50.61837163163463,0.0,126.54,mid_peak,95.6,50.61837163163463
2025-05-09 21:00:00,49.17968466285446,0.0,112.38,mid_peak,95.6,49.17968466285446
2025-05-09 22:00:00,48.37429901599962,0.0,110.55,off_peak,90.8,48.37429901599962
2025-05-09 23:00:00,47.122424309868165,0.0,110.16,off_peak,90.8,47.122424309868165
2025-05-10 00:00:00,44.380702430247766,0.0,129.88,off_peak,90.8,44.380702430247766
2025-05-10 01:00:00,42.63660454244853,0.0,110.88,off_peak,90.8,42.63660454244853
2025-05-10 02:00:00,41.664560652981756,0.0,110.63,off_peak,90.8,41.664560652981756
2025-05-10 03:00:00,40.97932397173086,0.0,110.5,off_peak,90.8,40.97932397173086
2025-05-10 04:00:00,40.865376243061306,0.0,84.78,off_peak,90.8,40.865376243061306
2025-05-10 05:00:00,41.14753252357638,0.0,110.58,off_peak,90.8,41.14753252357638
2025-05-10 06:00:00,41.88392940953606,0.1389,110.91,off_peak,90.8,41.74502940953606
2025-05-10 07:00:00,42.63737969706533,0.9723,111.31,off_peak,90.8,41.66507969706533
2025-05-10 08:00:00,43.43423864313538,1.8056999999999999,131.07,mid_peak,95.6,41.62853864313538
2025-05-10 09:00:00,44.130327489021475,1.8056999999999999,131.07,mid_peak,95.6,42.32462748902147
2025-05-10 10:00:00,44.5264314982061,2.3613,131.67,mid_peak,95.6,42.1651314982061
2025-05-10 11:00:00,44.394655213350156,2.6391,131.67,mid_peak,95.6,41.755555213350156
2025-05-10 12:00:00,43.256728235888254,3.4724999999999997,131.67,mid_peak,95.6,39.78422823588826
2025-05-10 13:00:00,44.13420326210547,2.9169,131.67,mid_peak,95.6,41.217303262105474
2025-05-10 14:00:00,44.382252739481366,2.9169,131.59,mid_peak,95.6,41.46535273948137
2025-05-10 15:00:00,44.54813582747649,3.4724999999999997,131.88,mid_peak,95.6,41.075635827476496
2025-05-10 16:00:00,44.87292561191555,3.4724999999999997,128.18,mid_peak,95.6,41.40042561191555
2025-05-10 17:00:00,44.9860981859683,1.8056999999999999,127.58,mid_peak,95.6,43.1803981859683
2025-05-10 18:00:00,45.75505156583356,0.9723,127.53,mid_peak,95.6,44.782751565833564
2025-05-10 19:00:00,46.33486721919971,0.9723,128.13,mid_peak,95.6,45.36256721919971
2025-05-10 20:00:00,46.07751588642222,0.1389,131.84,mid_peak,95.6,45.93861588642222
2025-05-10 21:00:00,45.06128818379786,0.0,129.82,mid_peak,95.6,45.06128818379786
2025-05-10 22:00:00,44.93493798125952,0.0,124.9,off_peak,90.8,44.93493798125952
2025-05-10 23:00:00,43.88925440319678,0.0,110.92,off_peak,90.8,43.88925440319678
2025-05-11 00:00:00,41.27078210764753,0.0,100.25,off_peak,90.8,41.27078210764753
2025-05-11 01:00:00,39.693342462460215,0.0,83.8,off_peak,90.8,39.693342462460215
2025-05-11 02:00:00,38.72439919146064,0.0,82.79,off_peak,90.8,38.72439919146064
2025-05-11 03:00:00,38.318218172257616,0.0,82.28,off_peak,90.8,38.318218172257616
2025-05-11 04:00:00,38.328295182276015,0.0,83.29,off_peak,90.8,38.328295182276015
2025-05-11 05:00:00,38.56626764963351,0.0,82.83,off_peak,90.8,38.56626764963351
2025-05-11 06:00:00,38.63913218361268,0.2778,82.27,off_peak,90.8,38.36133218361268
2025-05-11 07:00:00,38.42829012784317,1.9446,79.75,off_peak,90.8,36.48369012784317
2025-05-11 08:00:00,37.63453180024032,5.2782,112.8,off_peak,90.8,32.35633180024032
2025-05-11 09:00:00,37.055491301490974,8.6118,113.6,off_peak,90.8,28.443691301490972
2025-05-11 10:00:00,35.75555700911794,17.5014,130.88,off_peak,90.8,18.254157009117943
2025-05-11 11:00:00,34.17346643622984,10.1397,130.14,off_peak,90.8,24.03376643622984
2025-05-11 12:00:00,33.77581211781161,18.7515,113.57,off_peak,90.8,15.024312117811611
2025-05-11 13:00:00,33.5734967628269,34.863899999999994,113.15,off_peak,90.8,0.0
2025-05-11 14:00:00,33.97657716356272,34.169399999999996,107.26,off_peak,90.8,0.0
2025-05-11 15:00:00,35.44937093548207,30.280200000000004,108.77,off_peak,90.8,5.169170935482068
2025-05-11 16:00:00,37.6833665410987,20.696099999999998,107.73,off_peak,90.8,16.987266541098702
2025-05-11 17:00:00,40.771582534428546,23.4741,113.08,off_peak,90.8,17.297482534428546
2025-05-11 18:00:00,43.437339261602574,15.973499999999998,128.28,off_peak,90.8,27.463839261602576
2025-05-11 19:00:00,45.31243827964096,6.2505,131.51,off_peak,90.8,39.061938279640955
2025-05-11 20:00:00,45.660482702584005,0.41669999999999996,128.28,off_peak,90.8,45.24378270258401
2025-05-11 21:00:00,44.835718190309166,0.0,130.92,off_peak,90.8,44.835718190309166
2025-05-11 22:00:00,43.86367430084239,0.0,113.75,off_peak,90.8,43.86367430084239
2025-05-11 23:00:00,42.436614651314216,0.0,111.71,off_peak,90.8,42.436614651314216
2025-05-12 00:00:00,40.23595069421998,0.0,114.38,off_peak,90.8,40.23595069421998
2025-05-12 01:00:00,38.696493625255854,0.0,107.58,off_peak,90.8,38.696493625255854
2025-05-12 02:00:00,37.98955261473456,0.0,84.74,off_peak,90.8,37.98955261473456
2025-05-12 03:00:00,37.65391066566031,0.0,84.74,off_peak,90.8,37.65391066566031
2025-05-12 04:00:00,38.16783817659849,0.0,108.79,off_peak,90.8,38.16783817659849
2025-05-12 05:00:00,39.31429185484518,0.0,110.79,off_peak,90.8,39.31429185484518
2025-05-12 06:00:00,41.317291384655505,0.41669999999999996,111.59,off_peak,90.8,40.900591384655506
2025-05-12 07:00:00,43.28230833824264,5.556,130.64,off_peak,90.8,37.726308338242646
2025-05-12 08:00:00,44.259778310027016,14.445599999999999,130.65,mid_peak,95.6,29.814178310027017
2025-05-12 09:00:00,43.676862038193676,25.8354,131.85,mid_peak,95.6,17.841462038193676
2025-05-12 10:00:00,42.618775986262136,35.14169999999999,134.51,mid_peak,95.6,7.477075986262143
2025-05-12 11:00:00,40.82971913068852,43.614599999999996,134.13,on_peak,114.8,0.0
2025-05-12 12:00:00,39.129029901430066,48.198299999999996,129.54,mid_peak,95.6,0.0
2025-05-12 13:00:00,41.22117221217235,50.0,134.13,on_peak,114.8,0.0
2025-05-12 14:00:00,43.03425886086676,48.7539,134.13,on_peak,114.8,0.0
2025-05-12 15:00:00,45.06206333841467,44.1702,134.13,on_peak,114.8,0.8918633384146659
2025-05-12 16:00:00,47.683636252431114,36.669599999999996,134.13,on_peak,114.8,11.014036252431119
2025-05-12 17:00:00,49.627724031364664,26.8077,131.92,on_peak,114.8,22.820024031364664
2025-05-12 18:00:00,51.78730479376852,15.279000000000002,130.72,mid_peak,95.6,36.50830479376852
2025-05-12 19:00:00,52.505873123541804,5.9727,131.87,mid_peak,95.6,46.5331731235418
2025-05-12 20:00:00,51.66638067354777,0.41669999999999996,130.72,mid_peak,95.6,51.24968067354777
2025-05-12 21:00:00,50.038555978268484,0.0,129.44,mid_peak,95.6,50.038555978268484
2025-05-12 22:00:00,49.01457672947613,0.0,129.44,off_peak,90.8,49.01457672947613
2025-05-12 23:00:00,47.35574584952486,0.0,127.75,off_peak,90.8,47.35574584952486
2025-05-13 00:00:00,44.489999231216515,0.0,109.04,off_peak,90.8,44.489999231216515
2025-05-13 01:00:00,42.874577009806025,0.0,107.57,off_peak,90.8,42.874577009806025
2025-05-13 02:00:00,42.0188063128592,0.0,103.71,off_peak,90.8,42.0188063128592
2025-05-13 03:00:00,41.69866745612094,0.0,89.32,off_peak,90.8,41.69866745612094
2025-05-13 04:00:00,41.859124461798466,0.0,91.8,off_peak,90.8,41.859124461798466
2025-05-13 05:00:00,42.60637351239334,0.0,116.32,off_peak,90.8,42.60637351239334
2025-05-13 06:00:00,43.92956244327036,0.6945,125.27,off_peak,90.8,43.235062443270365
2025-05-13 07:00:00,44.93261251740912,5.6949,130.81,off_peak,90.8,39.23771251740912
2025-05-13 08:00:00,46.05503640253503,6.944999999999999,129.41,mid_peak,95.6,39.11003640253503
2025-05-13 09:00:00,45.6728851764528,15.001199999999999,129.69,mid_peak,95.6,30.671685176452804
2025-05-13 10:00:00,44.57759170291488,24.4464,139.63,mid_peak,95.6,20.13119170291488
2025-05-13 11:00:00,42.99240051155957,37.503,139.62,on_peak,114.8,5.489400511559573
2025-05-13 12:00:00,41.92423744960964,46.3926,132.61,mid_peak,95.6,0.0
2025-05-13 13:00:00,45.287633331903365,48.337199999999996,132.64,on_peak,114.8,0.0
2025-05-13 14:00:00,46.86429782247388,42.7812,139.32,on_peak,114.8,4.083097822473881
2025-05-13 15:00:00,48.14407809481012,32.5026,139.6,on_peak,114.8,15.641478094810118
2025-05-13 16:00:00,50.21761669474921,30.835800000000003,139.6,on_peak,114.8,19.381816694749208
2025-05-13 17:00:00,51.11292027715282,19.5849,139.32,on_peak,114.8,31.528020277152816
2025-05-13 18:00:00,52.43455889879624,15.279000000000002,132.63,mid_peak,95.6,37.15555889879624
2025-05-13 19:00:00,53.263974338771874,6.667199999999999,132.64,mid_peak,95.6,46.59677433877187
2025-05-13 20:00:00,52.229918079961124,0.8333999999999999,130.81,mid_peak,95.6,51.396518079961126
2025-05-13 21:00:00,50.52457792300187,0.0,131.38,mid_peak,95.6,50.52457792300187
2025-05-13 22:00:00,49.3145615661776,0.0,126.25,off_peak,90.8,49.3145615661776
2025-05-13 23:00:00,47.686736870898315,0.0,126.22,off_peak,90.8,47.686736870898315
2025-05-14 00:00:00,44.83029210799157,0.0,129.44,off_peak,90.8,44.83029210799157
2025-05-14 01:00:00,43.26603009128985,0.0,105.52,off_peak,90.8,43.26603009128985
2025-05-14 02:00:00,42.32189176802787,0.0,103.71,off_peak,90.8,42.32189176802787
2025-05-14 03:00:00,41.978498272785615,0.0,105.52,off_peak,90.8,41.978498272785615
2025-05-14 04:00:00,42.06299012601678,0.0,107.54,off_peak,90.8,42.06299012601678
2025-05-14 05:00:00,42.644356088616526,0.0,108.28,off_peak,90.8,42.644356088616526
2025-05-14 06:00:00,44.01715491496872,0.5556,126.1,off_peak,90.8,43.46155491496872
2025-05-14 07:00:00,44.82641633490757,5.8338,130.63,off_peak,90.8,38.99261633490757
2025-05-14 08:00:00,45.30391157885616,16.3902,128.67,mid_peak,95.6,28.91371157885616
2025-05-14 09:00:00,44.88610324040114,26.529899999999998,131.8,mid_peak,95.6,18.356203240401143
2025-05-14 10:00:00,43.827242033852805,34.863899999999994,136.52,mid_peak,95.6,8.963342033852811
2025-05-14 11:00:00,42.44824197056621,43.059,136.5,on_peak,114.8,0.0
2025-05-14 12:00:00,40.97854881711405,47.7816,132.41,mid_peak,95.6,0.0
2025-05-14 13:00:00,43.973746256427944,49.7262,135.94,on_peak,114.8,0.0
2025-05-14 14:00:00,46.3588970123205,43.3368,136.47,on_peak,114.8,3.0220970123205007
2025-05-14 15:00:00,47.88595160741583,31.391399999999994,148.28,on_peak,114.8,16.494551607415833
2025-05-14 16:00:00,49.80445928399499,26.391,140.32,on_peak,114.8,23.41345928399499
2025-05-14 17:00:00,50.764100699592966,19.3071,134.63,on_peak,114.8,31.457000699592967
2025-05-14 18:00:00,52.52990291666259,14.3067,131.81,mid_peak,95.6,38.22320291666259
2025-05-14 19:00:00,53.21668990714709,5.556,131.86,mid_peak,95.6,47.660689907147095
2025-05-14 20:00:00,52.40742848720825,0.41669999999999996,131.8,mid_peak,95.6,51.99072848720825
2025-05-14 21:00:00,50.67805853712821,0.0,130.63,mid_peak,95.6,50.67805853712821
2025-05-14 22:00:00,49.67888423607344,0.0,128.74,off_peak,90.8,49.67888423607344
2025-05-14 23:00:00,48.04175768539256,0.0,127.31,off_peak,90.8,48.04175768539256
2025-05-15 00:00:00,45.091519213853054,0.0,127.69,off_peak,90.8,45.091519213853054
2025-05-15 01:00:00,43.64275523505449,0.0,101.9,off_peak,90.8,43.64275523505449
2025-05-15 02:00:00,42.76528020883727,0.0,100.08,off_peak,90.8,42.76528020883727
2025-05-15 03:00:00,42.35987434425105,0.0,99.6,off_peak,90.8,42.35987434425105
2025-05-15 04:00:00,42.438164960547816,0.0,98.27,off_peak,90.8,42.438164960547816
2025-05-15 05:00:00,43.217195350431474,0.0,100.08,off_peak,90.8,43.217195350431474
2025-05-15 06:00:00,45.60002064247363,0.0,122.98,off_peak,90.8,45.60002064247363
2025-05-15 07:00:00,49.01147611100894,0.41669999999999996,129.08,off_peak,90.8,48.59477611100894
2025-05-15 08:00:00,52.65392765535054,0.6945,129.08,mid_peak,95.6,51.959427655350545
2025-05-15 09:00:00,54.259272866742634,1.5279,134.23,mid_peak,95.6,52.73137286674263
2025-05-15 10:00:00,53.91277875303319,3.0558,134.23,mid_peak,95.6,50.85697875303319
2025-05-15 11:00:00,52.101242413572386,7.7784,134.23,on_peak,114.8,44.32284241357239
2025-05-15 12:00:00,49.68586062762464,19.1682,134.16,mid_peak,95.6,30.517660627624643
2025-05-15 13:00:00,51.40747903153669,19.8627,134.23,on_peak,114.8,31.544779031536688
2025-05-15 14:00:00,51.63614964349259,13.7511,136.41,on_peak,114.8,37.885049643492586
2025-05-15 15:00:00,52.19968704990594,19.1682,134.21,on_peak,114.8,33.03148704990594
2025-05-15 16:00:00,53.14382537316793,20.835,134.18,on_peak,114.8,32.30882537316793
2025-05-15 17:00:00,53.22909238101589,17.5014,131.9,on_peak,114.8,35.727692381015885
2025-05-15 18:00:00,54.05385689329073,8.8896,129.45,mid_peak,95.6,45.16425689329073
2025-05-15 19:00:00,54.17245554966107,4.4448,129.44,mid_peak,95.6,49.72765554966107
2025-05-15 20:00:00,52.92600692584722,0.41669999999999996,129.43,mid_peak,95.6,52.50930692584722
2025-05-15 21:00:00,51.04315636164085,0.0,129.63,mid_peak,95.6,51.04315636164085
2025-05-15 22:00:00,49.964916289672516,0.0,128.91,off_peak,90.8,49.964916289672516
2025-05-15 23:00:00,48.32081334744044,0.0,127.5,off_peak,90.8,48.32081334744044
2025-05-16 00:00:00,45.35274631971454,0.0,108.51,off_peak,90.8,45.35274631971454
2025-05-16 01:00:00,43.855922754674395,0.0,107.67,off_peak,90.8,43.855922754674395
2025-05-16 02:00:00,42.97379680075638,0.0,104.81,off_peak,90.8,42.97379680075638
2025-05-16 03:00:00,42.54668660689977,0.0,108.51,off_peak,90.8,42.54668660689977
2025-05-16 04:00:00,42.60792382162694,0.0,107.68,off_peak,90.8,42.60792382162694
2025-05-16 05:00:00,43.44741627162097,0.0,111.35,off_peak,90.8,43.44741627162097
2025-05-16 06:00:00,45.55738713854965,0.1389,109.28,off_peak,90.8,45.41848713854965
2025-05-16 07:00:00,48.72311859355946,1.2501,127.44,off_peak,90.8,47.47301859355946
2025-05-16 08:00:00,52.16015416444916,2.9169,132.57,mid_peak,95.6,49.24325416444916
2025-05-16 09:00:00,54.20966297126746,5.9727,145.65,mid_peak,95.6,48.23696297126746
2025-05-16 10:00:00,54.8080823354368,9.722999999999999,145.62,mid_peak,95.6,45.0850823354368
2025-05-16 11:00:00,54.286403278330624,4.167,145.58,on_peak,114.8,50.11940327833062
2025-05-16 12:00:00,53.30893330654625,5.2782,137.62,mid_peak,95.6,48.03073330654625
2025-05-16 13:00:00,55.40960231807333,5.4171,145.58,on_peak,114.8,49.992502318073335
2025-05-16 14:00:00,56.32273445666333,4.583699999999999,198.84,on_peak,114.8,51.73903445666333
2025-05-16 15:00:00,56.47543991617287,6.3894,146.23,on_peak,114.8,50.086039916172865
2025-05-16 16:00:00,56.22584012956337,4.167,144.24,on_peak,114.8,52.05884012956337
2025-05-16 17:00:00,54.85459161244478,1.2501,132.64,on_peak,114.8,53.604491612444775
2025-05-16 18:00:00,54.26857472214424,0.2778,132.62,mid_peak,95.6,53.99077472214424
2025-05-16 19:00:00,53.56938525779094,0.5556,130.27,mid_peak,95.6,53.01378525779094
2025-05-16 20:00:00,52.42293157954424,0.0,131.89,mid_peak,95.6,52.42293157954424
2025-05-16 21:00:00,50.77030193652737,0.0,130.19,mid_peak,95.6,50.77030193652737
2025-05-16 22:00:00,49.843992169451774,0.0,129.71,off_peak,90.8,49.843992169451774
2025-05-16 23:00:00,48.42545922070839,0.0,128.54,off_peak,90.8,48.42545922070839
2025-05-17 00:00:00,45.55273621084885,0.0,120.45,off_peak,90.8,45.55273621084885
2025-05-17 01:00:00,43.79546069456402,0.0,108.55,off_peak,90.8,43.79546069456402
2025-05-17 02:00:00,42.74900196188448,0.0,84.95,off_peak,90.8,42.74900196188448
2025-05-17 03:00:00,42.11104971225836,0.0,82.93,off_peak,90.8,42.11104971225836
2025-05-17 04:00:00,41.94981755196403,0.0,82.93,off_peak,90.8,41.94981755196403
2025-05-17 05:00:00,41.96687095353362,0.0,85.45,off_peak,90.8,41.96687095353362
2025-05-17 06:00:00,42.08469445528717,0.8333999999999999,108.08,off_peak,90.8,41.25129445528717
2025-05-17 07:00:00,41.359924888579485,7.0839,109.18,off_peak,90.8,34.276024888579485
2025-05-17 08:00:00,40.521207593202256,17.6403,125.26,mid_peak,95.6,22.880907593202256
2025-05-17 09:00:00,40.34137172210473,25.002,129.06,mid_peak,95.6,15.339371722104733
2025-05-17 10:00:00,40.124328429400826,29.8635,136.85,mid_peak,95.6,10.260828429400828
2025-05-17 11:00:00,38.979425060387726,32.9193,136.85,mid_peak,95.6,6.060125060387726
2025-05-17 12:00:00,37.26788366649408,37.2252,136.79,mid_peak,95.6,0.042683666494077954
2025-05-17 13:00:00,37.95001972927778,44.448,136.85,mid_peak,95.6,0.0
2025-05-17 14:00:00,39.07786969672129,26.1132,131.22,mid_peak,95.6,12.964669696721288
2025-05-17 15:00:00,41.24132623220914,9.4452,131.14,mid_peak,95.6,31.79612623220914
2025-05-17 16:00:00,43.81716502383441,7.639500000000001,127.89,mid_peak,95.6,36.177665023834415
2025-05-17 17:00:00,45.286083022669764,2.2224,127.48,mid_peak,95.6,43.063683022669764
2025-05-17 18:00:00,46.72787060991713,0.41669999999999996,128.1,mid_peak,95.6,46.311170609917134
2025-05-17 19:00:00,47.44178801198962,0.2778,128.22,mid_peak,95.6,47.16398801198962
2025-05-17 20:00:00,47.08831750672898,0.0,130.19,mid_peak,95.6,47.08831750672898
2025-05-17 21:00:00,45.93798805539828,0.0,127.68,mid_peak,95.6,45.93798805539828
2025-05-17 22:00:00,45.26592900263297,0.0,128.48,off_peak,90.8,45.26592900263297
2025-05-17 23:00:00,43.90863326861677,0.0,109.67,off_peak,90.8,43.90863326861677
2025-05-18 00:00:00,41.20411881060276,0.0,108.76,off_peak,90.8,41.20411881060276
2025-05-18 01:00:00,39.562341332221074,0.0,84.13,off_peak,90.8,39.562341332221074
2025-05-18 02:00:00,38.52285899109273,0.0,84.0,off_peak,90.8,38.52285899109273
2025-05-18 03:00:00,37.890332823784206,0.0,84.0,off_peak,90.8,37.890332823784206
2025-05-18 04:00:00,37.732201281957074,0.0,87.2,off_peak,90.8,37.732201281957074
2025-05-18 05:00:00,37.846149010626625,0.0,109.74,off_peak,90.8,37.846149010626625
2025-05-18 06:00:00,37.61515293482033,0.5556,110.33,off_peak,90.8,37.05955293482033
2025-05-18 07:00:00,36.48575265814322,5.6949,110.08,off_peak,90.8,30.79085265814322
2025-05-18 08:00:00,34.854052189779935,10.278599999999999,110.82,off_peak,90.8,24.575452189779938
2025-05-18 09:00:00,33.68976995534685,19.1682,109.85,off_peak,90.8,14.521569955346848
2025-05-18 10:00:00,33.18514429981027,27.5022,110.52,off_peak,90.8,5.68294429981027
2025-05-18 11:00:00,31.64646238546294,32.7804,110.48,off_peak,90.8,0.0
2025-05-18 12:00:00,30.262036239858748,48.337199999999996,110.38,off_peak,90.8,0.0
2025-05-18 13:00:00,30.675968805229765,50.0,110.38,off_peak,90.8,0.0
2025-05-18 14:00:00,31.961175159883602,49.7262,107.32,off_peak,90.8,0.0
2025-05-18 15:00:00,34.04401561522429,45.2814,110.38,off_peak,90.8,0.0
2025-05-18 16:00:00,37.186492431730116,37.6419,110.48,off_peak,90.8,0.0
2025-05-18 17:00:00,40.37547852524392,28.3356,133.16,off_peak,90.8,12.039878525243921
2025-05-18 18:00:00,43.35982379992261,17.7792,133.39,off_peak,90.8,25.58062379992261
2025-05-18 19:00:00,45.15663220166422,7.0839,133.58,off_peak,90.8,38.07273220166422
2025-05-18 20:00:00,45.41940961675931,0.6945,133.28,off_peak,90.8,44.72490961675931
2025-05-18 21:00:00,44.45744273731093,0.0,133.28,off_peak,90.8,44.45744273731093
2025-05-18 22:00:00,43.20634318579628,0.0,133.2,off_peak,90.8,43.20634318579628
2025-05-18 23:00:00,41.72192209462493,0.0,125.03,off_peak,90.8,41.72192209462493
2025-05-19 00:00:00,39.40653525424434,0.0,109.15,off_peak,90.8,39.40653525424434
2025-05-19 01:00:00,37.94924457466098,0.0,90.73,off_peak,90.8,37.94924457466098
2025-05-19 02:00:00,37.229125935654096,0.0,88.77,off_peak,90.8,37.229125935654096
2025-05-19 03:00:00,37.062467693042166,0.0,86.79,off_peak,90.8,37.062467693042166
2025-05-19 04:00:00,37.446169228358,0.0,87.58,off_peak,90.8,37.446169228358
2025-05-19 05:00:00,38.54223785651272,0.0,89.94,off_peak,90.8,38.54223785651272
2025-05-19 06:00:00,40.4080350191495,0.41669999999999996,109.15,off_peak,90.8,39.9913350191495
2025-05-19 07:00:00,42.67303680943811,2.778,109.89,off_peak,90.8,39.89503680943811
2025-05-19 08:00:00,44.807037469487575,8.056199999999999,125.02,mid_peak,95.6,36.75083746948758
2025-05-19 09:00:00,45.96511846698627,5.0004,145.27,mid_peak,95.6,40.96471846698627
2025-05-19 10:00:00,46.10774691647741,7.3617,130.69,mid_peak,95.6,38.74604691647741
2025-05-19 11:00:00,45.48219714072008,17.5014,130.19,on_peak,114.8,27.98079714072008
2025-05-19 12:00:00,44.02645677037032,23.1963,125.01,mid_peak,95.6,20.830156770370316
2025-05-19 13:00:00,46.75887679458912,20.835,125.01,on_peak,114.8,25.92387679458912
2025-05-19 14:00:00,48.002224799935775,19.0293,126.64,on_peak,114.8,28.972924799935775
2025-05-19 15:00:00,49.221543012161646,21.9462,144.86,on_peak,114.8,27.275343012161645
2025-05-19 16:00:00,51.01137502235206,25.9743,128.74,on_peak,114.8,25.037075022352063
2025-05-19 17:00:00,51.624522324240594,9.8619,128.7,on_peak,114.8,41.762622324240596
2025-05-19 18:00:00,52.79810641407528,3.1947,155.68,mid_peak,95.6,49.60340641407528
2025-05-19 19:00:00,52.984143522107196,0.5556,155.7,mid_peak,95.6,52.4285435221072
2025-05-19 20:00:00,52.00047231338843,0.0,146.79,mid_peak,95.6,52.00047231338843
2025-05-19 21:00:00,50.35636937115635,0.0,129.54,mid_peak,95.6,50.35636937115635
2025-05-19 22:00:00,49.19906352827445,0.0,129.1,off_peak,90.8,49.19906352827445
2025-05-19 23:00:00,47.61387233691915,0.0,128.73,off_peak,90.8,47.61387233691915
2025-05-20 00:00:00,44.762853656329995,0.0,144.43,off_peak,90.8,44.762853656329995
2025-05-20 01:00:00,43.29005988441064,0.0,103.25,off_peak,90.8,43.29005988441064
2025-05-20 02:00:00,42.470721454453404,0.0,102.61,off_peak,90.8,42.470721454453404
2025-05-20 03:00:00,41.937415078095235,0.0,89.41,off_peak,90.8,41.937415078095235
2025-05-20 04:00:00,42.08701991913757,0.0,89.62,off_peak,90.8,42.08701991913757
2025-05-20 05:00:00,42.75442804420208,0.0,98.27,off_peak,90.8,42.75442804420208
2025-05-20 06:00:00,44.7527766463116,0.1389,103.25,off_peak,90.8,44.6138766463116
2025-05-20 07:00:00,47.22164410081852,0.5556,127.27,off_peak,90.8,46.666044100818524
2025-05-20 08:00:00,49.85794495255416,1.9446,134.91,mid_peak,95.6,47.91334495255416
2025-05-20 09:00:00,50.75479884419137,3.3335999999999997,137.55,mid_peak,95.6,47.42119884419137
2025-05-20 10:00:00,50.15637948002203,3.3335999999999997,143.87,mid_peak,95.6,46.822779480022035
2025-05-20 11:00:00,48.690562099653874,4.3059,135.01,on_peak,114.8,44.38466209965387
2025-05-20 12:00:00,46.62089927279878,7.0839,134.98,mid_peak,95.6,39.53699927279878
2025-05-20 13:00:00,49.14247724124808,27.779999999999998,134.95,on_peak,114.8,21.362477241248083
2025-05-20 14:00:00,50.78890564733056,39.8643,134.94,on_peak,114.8,10.924605647330559
2025-05-20 15:00:00,52.49734642275701,40.4199,134.96,on_peak,114.8,12.077446422757014
2025-05-20 16:00:00,54.54918069342571,25.5576,134.9,on_peak,114.8,28.99158069342571
2025-05-20 17:00:00,55.40805200883973,16.112399999999997,137.1,on_peak,114.8,39.29565200883974
2025-05-20 18:00:00,56.29482889045855,7.0839,151.9,mid_peak,95.6,49.21092889045855
2025-05-20 19:00:00,56.503345482377654,2.0835,151.96,mid_peak,95.6,54.41984548237765
2025-05-20 20:00:00,55.153801294529444,0.41669999999999996,149.44,mid_peak,95.6,54.737101294529445
2025-05-20 21:00:00,52.850041773400854,0.0,141.18,mid_peak,95.6,52.850041773400854
2025-05-20 22:00:00,51.40515356768629,0.0,141.18,off_peak,90.8,51.40515356768629
2025-05-20 23:00:00,49.213791465993644,0.0,141.18,off_peak,90.8,49.213791465993644
2025-05-21 00:00:00,46.03798300096544,0.0,144.43,off_peak,90.8,46.03798300096544
2025-05-21 01:00:00,44.40783284183575,0.0,130.85,off_peak,90.8,44.40783284183575
2025-05-21 02:00:00,43.505552867880944,0.0,100.58,off_peak,90.8,43.505552867880944
2025-05-21 03:00:00,43.08774452942593,0.0,100.58,off_peak,90.8,43.08774452942593
2025-05-21 04:00:00,43.10247246714513,0.0,100.58,off_peak,90.8,43.10247246714513
2025-05-21 05:00:00,43.71019368671606,0.0,100.58,off_peak,90.8,43.71019368671606
2025-05-21 06:00:00,45.33259229967775,0.6945,100.58,off_peak,90.8,44.63809229967775
2025-05-21 07:00:00,47.36427255030966,5.6949,126.05,off_peak,90.8,41.66937255030966
2025-05-21 08:00:00,49.72926928616542,12.639899999999999,132.04,mid_peak,95.6,37.08936928616542
2025-05-21 09:00:00,51.19896243961758,20.696099999999998,146.73,mid_peak,95.6,30.502862439617584
2025-05-21 10:00:00,52.33456395322908,25.002,146.71,mid_peak,95.6,27.33256395322908
2025-05-21 11:00:00,52.55780848286738,40.1421,141.31,on_peak,114.8,12.41570848286738
2025-05-21 12:00:00,52.13844983517877,30.6969,138.87,mid_peak,95.6,21.44154983517877
2025-05-21 13:00:00,55.2514707762462,36.530699999999996,146.44,on_peak,114.8,18.720770776246205
2025-05-21 14:00:00,56.28862765352415,43.614599999999996,149.72,on_peak,114.8,12.674027653524156
2025-05-21 15:00:00,56.83433650375111,32.3637,149.72,on_peak,114.8,24.47063650375111
2025-05-21 16:00:00,57.54670359659,22.5018,141.85,on_peak,114.8,35.044903596590004
2025-05-21 17:00:00,57.007195983297436,16.9458,141.85,on_peak,114.8,40.06139598329744
2025-05-21 18:00:00,57.05913134262301,13.4733,141.92,mid_peak,95.6,43.58583134262301
2025-05-21 19:00:00,57.06610773417421,6.2505,142.2,mid_peak,95.6,50.81560773417421
2025-05-21 20:00:00,55.53595252061168,0.9723,142.06,mid_peak,95.6,54.56365252061168
2025-05-21 21:00:00,53.25389732875348,0.0,141.87,mid_peak,95.6,53.25389732875348
2025-05-21 22:00:00,51.72219180595735,0.0,139.47,off_peak,90.8,51.72219180595735
2025-05-21 23:00:00,49.545557641983905,0.0,139.5,off_peak,90.8,49.545557641983905
2025-05-22 00:00:00,46.28835794219173,0.0,131.46,off_peak,90.8,46.28835794219173
2025-05-22 01:00:00,44.603946959886066,0.0,131.47,off_peak,90.8,44.603946959886066
2025-05-22 02:00:00,43.43113802466818,0.0,129.91,off_peak,90.8,43.43113802466818
2025-05-22 03:00:00,42.91023412217881,0.0,108.23,off_peak,90.8,42.91023412217881
2025-05-22 04:00:00,42.9226365960476,0.0,129.41,off_peak,90.8,42.9226365960476
2025-05-22 05:00:00,43.52260626945054,0.0,129.92,off_peak,90.8,43.52260626945054
2025-05-22 06:00:00,45.48219714072008,0.0,136.08,off_peak,90.8,45.48219714072008
2025-05-22 07:00:00,48.19368799028529,0.8333999999999999,132.4,off_peak,90.8,47.36028799028529
2025-05-22 08:00:00,51.30128284903513,3.6113999999999997,140.53,mid_peak,95.6,47.68988284903513
2025-05-22 09:00:00,52.90585290581043,16.8069,140.53,mid_peak,95.6,36.09895290581043
2025-05-22 10:00:00,53.587213813977336,27.3633,153.27,mid_peak,95.6,26.223913813977337
2025-05-22 11:00:00,52.92368146199682,39.8643,153.3,on_peak,114.8,13.059381461996821
2025-05-22 12:00:00,50.57186235462665,36.669599999999996,140.32,mid_peak,95.6,13.902262354626657
2025-05-22 13:00:00,52.65237734611694,34.725,153.25,on_peak,114.8,17.92737734611694
2025-05-22 14:00:00,53.604267215546926,46.3926,153.25,on_peak,114.8,7.211667215546925
2025-05-22 15:00:00,54.197260497398666,42.9201,153.24,on_peak,114.8,11.277160497398668
2025-05-22 16:00:00,55.310382527122975,33.336,140.53,on_peak,114.8,21.974382527122977
2025-05-22 17:00:00,55.16775407763184,21.1128,140.53,on_peak,114.8,34.05495407763184
2025-05-22 18:00:00,55.518123964425286,9.4452,140.53,mid_peak,95.6,46.072923964425286
2025-05-22 19:00:00,55.35069056719656,5.0004,140.53,mid_peak,95.6,50.35029056719656
2025-05-22 20:00:00,54.01122338936675,0.5556,140.53,mid_peak,95.6,53.45562338936675
2025-05-22 21:00:00,51.762499846030934,0.0,140.53,mid_peak,95.6,51.762499846030934
2025-05-22 22:00:00,50.38039916427714,0.0,137.88,off_peak,90.8,50.38039916427714
2025-05-22 23:00:00,48.49367282698676,0.0,134.06,off_peak,90.8,48.49367282698676
2025-05-23 00:00:00,45.393054359788124,0.0,144.43,off_peak,90.8,45.393054359788124
2025-05-23 01:00:00,43.70941853209926,0.0,108.51,off_peak,90.8,43.70941853209926
2025-05-23 02:00:00,42.6893150563909,0.0,101.46,off_peak,90.8,42.6893150563909
2025-05-23 03:00:00,42.126552804594354,0.0,101.46,off_peak,90.8,42.126552804594354
2025-05-23 04:00:00,42.08236899143677,0.0,101.46,off_peak,90.8,42.08236899143677
2025-05-23 05:00:00,42.574592173104556,0.0,108.5,off_peak,90.8,42.574592173104556
2025-05-23 06:00:00,44.0698654289111,0.6945,127.43,off_peak,90.8,43.3753654289111
2025-05-23 07:00:00,46.33409206458291,3.1947,134.27,off_peak,90.8,43.139392064582914
2025-05-23 08:00:00,49.130074767379284,6.667199999999999,139.09,mid_peak,95.6,42.46287476737928
2025-05-23 09:00:00,50.64627719783942,9.167399999999999,145.57,mid_peak,95.6,41.47887719783942
2025-05-23 10:00:00,50.39977802969713,9.3063,145.58,mid_peak,95.6,41.09347802969713
2025-05-23 11:00:00,48.81768745680902,13.889999999999999,145.59,on_peak,114.8,34.92768745680902
2025-05-23 12:00:00,46.60074525276199,17.2236,131.64,mid_peak,95.6,29.377145252761988
2025-05-23 13:00:00,48.33631643977643,16.9458,145.59,on_peak,114.8,31.390516439776434
2025-05-23 14:00:00,50.51217544913308,11.8065,145.59,on_peak,114.8,38.70567544913308
2025-05-23 15:00:00,51.34236604372551,15.417900000000001,145.9,on_peak,114.8,35.92446604372551
2025-05-23 16:00:00,52.072561692750796,10.278599999999999,134.88,on_peak,114.8,41.7939616927508
2025-05-23 17:00:00,51.819086133057304,7.639500000000001,134.91,on_peak,114.8,44.179586133057306
2025-05-23 18:00:00,51.97489221103404,3.6113999999999997,145.57,mid_peak,95.6,48.36349221103404
2025-05-23 19:00:00,52.0671356104332,1.5279,145.59,mid_peak,95.6,50.539235610433195
2025-05-23 20:00:00,51.12764821487201,0.2778,138.55,mid_peak,95.6,50.84984821487201
2025-05-23 21:00:00,49.48121980878953,0.0,138.55,mid_peak,95.6,49.48121980878953
2025-05-23 22:00:00,48.31461211050604,0.0,138.55,off_peak,90.8,48.31461211050604
2025-05-23 23:00:00,46.551910511903614,0.0,138.55,off_peak,90.8,46.551910511903614
2025-05-24 00:00:00,43.74895141755604,0.0,142.92,off_peak,90.8,43.74895141755604
2025-05-24 01:00:00,42.05523857984878,0.0,142.92,off_peak,90.8,42.05523857984878
2025-05-24 02:00:00,41.00722953793564,0.0,107.36,off_peak,90.8,41.00722953793564
2025-05-24 03:00:00,40.33982141287113,0.0,92.52,off_peak,90.8,40.33982141287113
2025-05-24 04:00:00,40.23129976651918,0.0,92.52,off_peak,90.8,40.23129976651918
2025-05-24 05:00:00,40.378579143711114,0.0,107.21,off_peak,90.8,40.378579143711114
2025-05-24 06:00:00,41.14985798742678,0.41669999999999996,108.78,off_peak,90.8,40.73315798742678
2025-05-24 07:00:00,41.869201471816865,1.6667999999999998,109.47,off_peak,90.8,40.20240147181686
2025-05-24 08:00:00,42.642805779382925,5.0004,129.83,mid_peak,95.6,37.642405779382926
2025-05-24 09:00:00,42.98619927462517,9.5841,130.16,mid_peak,95.6,33.40209927462517
2025-05-24 10:00:00,43.41408462309859,8.056199999999999,130.81,mid_peak,95.6,35.35788462309859
2025-05-24 11:00:00,42.97379680075638,7.3617,130.8,mid_peak,95.6,35.61209680075638
2025-05-24 12:00:00,41.76765621701611,9.5841,130.8,mid_peak,95.6,32.18355621701611
2025-05-24 13:00:00,42.62807784166373,16.3902,130.79,mid_peak,95.6,26.23787784166373
2025-05-24 14:00:00,42.935814224533196,22.224,130.3,mid_peak,95.6,20.711814224533196
2025-05-24 15:00:00,42.9195359775804,17.3625,130.51,mid_peak,95.6,25.5570359775804
2025-05-24 16:00:00,43.27610710130825,14.3067,130.27,mid_peak,95.6,28.96940710130825
2025-05-24 17:00:00,43.60012173113051,16.112399999999997,141.12,mid_peak,95.6,27.48772173113051
2025-05-24 18:00:00,44.65898293767884,12.639899999999999,141.12,mid_peak,95.6,32.019082937678846
2025-05-24 19:00:00,45.60079579709043,5.0004,141.15,mid_peak,95.6,40.60039579709043
2025-05-24 20:00:00,45.54265920083046,0.6945,141.15,mid_peak,95.6,44.84815920083046
2025-05-24 21:00:00,44.45899304654453,0.0,141.16,mid_peak,95.6,44.45899304654453
2025-05-24 22:00:00,43.827242033852805,0.0,141.12,off_peak,90.8,43.827242033852805
2025-05-24 23:00:00,42.68621443792371,0.0,141.12,off_peak,90.8,42.68621443792371
2025-05-25 00:00:00,40.115801728616034,0.0,145.27,off_peak,90.8,40.115801728616034
2025-05-25 01:00:00,38.51820806339193,0.0,111.85,off_peak,90.8,38.51820806339193
2025-05-25 02:00:00,37.570193967045945,0.0,112.01,off_peak,90.8,37.570193967045945
2025-05-25 03:00:00,36.9989050144646,0.0,104.99,off_peak,90.8,36.9989050144646
2025-05-25 04:00:00,36.93844295435422,0.0,111.85,off_peak,90.8,36.93844295435422
2025-05-25 05:00:00,37.04463913685578,0.0,111.85,off_peak,90.8,37.04463913685578
2025-05-25 06:00:00,36.82682068953507,0.5556,112.48,off_peak,90.8,36.27122068953507
2025-05-25 07:00:00,35.195120221171784,5.8338,111.66,off_peak,90.8,29.361320221171784
2025-05-25 08:00:00,33.03166368568393,14.8623,107.61,off_peak,90.8,18.169363685683933
2025-05-25 09:00:00,31.636385375444544,26.2521,107.87,off_peak,90.8,5.384285375444545
2025-05-25 10:00:00,30.879059314831277,36.114,113.41,off_peak,90.8,0.0
2025-05-25 11:00:00,30.217077272084367,45.0036,111.97,off_peak,90.8,0.0
2025-05-25 12:00:00,30.267462322176346,49.5873,112.85,off_peak,90.8,0.0
2025-05-25 13:00:00,31.00463436275282,50.0,125.75,off_peak,90.8,0.0
2025-05-25 14:00:00,31.9689267060516,50.0,125.75,off_peak,90.8,0.0
2025-05-25 15:00:00,34.063394480644284,46.2537,125.75,off_peak,90.8,0.0
2025-05-25 16:00:00,36.90201068736464,38.6142,125.75,off_peak,90.8,0.0
2025-05-25 17:00:00,40.201068736463995,29.169,152.18,off_peak,90.8,11.032068736463994
2025-05-25 18:00:00,43.194715866544286,18.7515,152.16,off_peak,90.8,24.443215866544286
2025-05-25 19:00:00,44.814013861038774,7.3617,146.89,off_peak,90.8,37.452313861038775
2025-05-25 20:00:00,45.2201948802418,1.1112,146.87,off_peak,90.8,44.1089948802418
2025-05-25 21:00:00,44.292334803932604,0.0,143.55,off_peak,90.8,44.292334803932604
2025-05-25 22:00:00,43.014104840829965,0.0,143.69,off_peak,90.8,43.014104840829965
2025-05-25 23:00:00,41.497902410369825,0.0,112.27,off_peak,90.8,41.497902410369825
2025-05-26 00:00:00,39.2677825778372,0.0,118.35,off_peak,90.8,39.2677825778372
2025-05-26 01:00:00,37.80584097055304,0.0,108.6,off_peak,90.8,37.80584097055304
2025-05-26 02:00:00,37.11905398006854,0.0,84.23,off_peak,90.8,37.11905398006854
2025-05-26 03:00:00,36.82759584415187,0.0,84.23,off_peak,90.8,36.82759584415187
2025-05-26 04:00:00,37.18261665864612,0.0,84.23,off_peak,90.8,37.18261665864612
2025-05-26 05:00:00,38.15000962041209,0.0,100.08,off_peak,90.8,38.15000962041209
2025-05-26 06:00:00,39.9607708052561,0.6945,111.11,off_peak,90.8,39.2662708052561
2025-05-26 07:00:00,42.11260002149196,5.556,111.99,off_peak,90.8,36.55660002149196
2025-05-26 08:00:00,44.0729660473783,16.668,146.07,mid_peak,95.6,27.404966047378302
2025-05-26 09:00:00,44.3070627416518,28.3356,134.43,mid_peak,95.6,15.971462741651798
2025-05-26 10:00:00,43.79701100379762,34.863899999999994,138.33,mid_peak,95.6,8.933111003797627
2025-05-26 11:00:00,42.54513629766617,36.2529,138.24,on_peak,114.8,6.292236297666172
2025-05-26 12:00:00,40.933589849339675,45.4203,135.76,mid_peak,95.6,0.0
2025-05-26 13:00:00,43.65980863662408,44.3091,138.24,on_peak,114.8,0.0
2025-05-26 14:00:00,45.35119601048094,43.8924,138.25,on_peak,114.8,1.4587960104809383
2025-05-26 15:00:00,47.17823544227774,40.4199,146.48,on_peak,114.8,6.75833544227774
2025-05-26 16:00:00,49.605244547477476,27.5022,137.36,on_peak,114.8,22.103044547477477
2025-05-26 17:00:00,50.994321620782465,22.918499999999998,151.38,on_peak,114.8,28.075821620782467
2025-05-26 18:00:00,52.41983096107705,16.668,135.02,mid_peak,95.6,35.75183096107705
2025-05-26 19:00:00,52.730667962413705,6.5283,134.39,mid_peak,95.6,46.2023679624137
2025-05-26 20:00:00,51.67335706509897,0.9723,152.96,mid_peak,95.6,50.70105706509897
2025-05-26 21:00:00,50.0013485566621,0.0,130.56,mid_peak,95.6,50.0013485566621
2025-05-26 22:00:00,48.65800560574829,0.0,134.35,off_peak,90.8,48.65800560574829
2025-05-26 23:00:00,46.85887174015628,0.0,134.36,off_peak,90.8,46.85887174015628
2025-05-27 00:00:00,43.90630780476637,0.0,144.43,off_peak,90.8,43.90630780476637
2025-05-27 01:00:00,42.45134258903341,0.0,104.97,off_peak,90.8,42.45134258903341
2025-05-27 02:00:00,41.63665508677697,0.0,104.97,off_peak,90.8,41.63665508677697
2025-05-27 03:00:00,41.15915984282837,0.0,98.27,off_peak,90.8,41.15915984282837
2025-05-27 04:00:00,41.146757368959584,0.0,104.5,off_peak,90.8,41.146757368959584
2025-05-27 05:00:00,41.728123331559324,0.0,108.74,off_peak,90.8,41.728123331559324
2025-05-27 06:00:00,43.06836566400594,0.8333999999999999,125.8,off_peak,90.8,42.23496566400594
2025-05-27 07:00:00,44.36364902867817,6.2505,130.57,off_peak,90.8,38.113149028678166
2025-05-27 08:00:00,45.54343435544725,14.3067,130.01,mid_peak,95.6,31.236734355447254
2025-05-27 09:00:00,45.67831125877039,25.5576,133.45,mid_peak,95.6,20.120711258770392
2025-05-27 10:00:00,45.00315158753789,34.169399999999996,141.98,mid_peak,95.6,10.833751587537897
2025-05-27 11:00:00,43.58926956649531,41.67,146.89,on_peak,114.8,1.9192695664953092
2025-05-27 12:00:00,42.05988950754958,45.6981,139.52,mid_peak,95.6,0.0
2025-05-27 13:00:00,44.94423983666112,46.3926,141.2,on_peak,114.8,0.0
2025-05-27 14:00:00,46.96661823189143,45.6981,141.45,on_peak,114.8,1.2685182318914343
2025-05-27 15:00:00,48.70529003737307,40.281,146.88,on_peak,114.8,8.42429003737307
2025-05-27 16:00:00,51.12997367872241,32.6415,142.09,on_peak,114.8,18.488473678722407
2025-05-27 17:00:00,52.12604736130997,23.1963,140.91,on_peak,114.8,28.92974736130997
2025-05-27 18:00:00,53.460088456822184,12.2232,139.45,mid_peak,95.6,41.236888456822186
2025-05-27 19:00:00,53.832937827502825,5.9727,133.41,mid_peak,95.6,47.86023782750283
2025-05-27 20:00:00,52.78027785788888,1.1112,133.4,mid_peak,95.6,51.66907785788889
2025-05-27 21:00:00,50.73619513338818,0.0,133.42,mid_peak,95.6,50.73619513338818
2025-05-27 22:00:00,49.43238506793115,0.0,133.37,off_peak,90.8,49.43238506793115
2025-05-27 23:00:00,47.45419048585842,0.0,133.38,off_peak,90.8,47.45419048585842
2025-05-28 00:00:00,44.518679952038106,0.0,126.07,off_peak,90.8,44.518679952038106
2025-05-28 01:00:00,42.988524738475576,0.0,110.71,off_peak,90.8,42.988524738475576
2025-05-28 02:00:00,42.13275404152875,0.0,110.71,off_peak,90.8,42.13275404152875
2025-05-28 03:00:00,41.552163233545805,0.0,110.63,off_peak,90.8,41.552163233545805
2025-05-28 04:00:00,41.615725912123374,0.0,110.71,off_peak,90.8,41.615725912123374
2025-05-28 05:00:00,42.09322115607196,0.0,110.8,off_peak,90.8,42.09322115607196
2025-05-28 06:00:00,43.35904864530581,0.5556,126.59,off_peak,90.8,42.803448645305814
2025-05-28 07:00:00,45.03803354529388,5.8338,127.59,off_peak,90.8,39.204233545293874
2025-05-28 08:00:00,46.60384587122919,5.6949,129.52,mid_peak,95.6,40.90894587122919
2025-05-28 09:00:00,46.86739844094107,16.112399999999997,131.75,mid_peak,95.6,30.754998440941076
2025-05-28 10:00:00,46.22169464514696,10.4175,148.5,mid_peak,95.6,35.804194645146964
2025-05-28 11:00:00,44.94423983666112,35.5584,140.75,on_peak,114.8,9.38583983666112
2025-05-28 12:00:00,43.319515759849025,41.392199999999995,135.1,mid_peak,95.6,1.92731575984903
2025-05-28 13:00:00,46.359672166937294,43.3368,140.68,on_peak,114.8,3.0228721669372973
2025-05-28 14:00:00,48.4169325199236,40.281,140.74,on_peak,114.8,8.1359325199236
2025-05-28 15:00:00,50.14475216077004,35.14169999999999,146.85,on_peak,114.8,15.003052160770046
2025-05-28 16:00:00,51.88264881163488,32.5026,144.43,on_peak,114.8,19.38004881163488
2025-05-28 17:00:00,52.27255158388511,23.3352,144.8,on_peak,114.8,28.93735158388511
2025-05-28 18:00:00,52.935308781248814,12.639899999999999,141.65,mid_peak,95.6,40.29540878124882
2025-05-28 19:00:00,53.15622784703672,6.944999999999999,140.67,mid_peak,95.6,46.21122784703672
2025-05-28 20:00:00,52.284178903137104,1.2501,140.66,mid_peak,95.6,51.0340789031371
2025-05-28 21:00:00,50.42380782281792,0.0,129.33,mid_peak,95.6,50.42380782281792
2025-05-28 22:00:00,49.051784151082515,0.0,128.83,off_peak,90.8,49.051784151082515
2025-05-28 23:00:00,47.18831245229613,0.0,128.77,off_peak,90.8,47.18831245229613
2025-05-29 00:00:00,44.21016841455184,0.0,111.68,off_peak,90.8,44.21016841455184
2025-05-29 01:00:00,42.671486500204516,0.0,110.53,off_peak,90.8,42.671486500204516
2025-05-29 02:00:00,41.76455559854891,0.0,110.52,off_peak,90.8,41.76455559854891
2025-05-29 03:00:00,41.19016602750036,0.0,105.61,off_peak,90.8,41.19016602750036
2025-05-29 04:00:00,41.40100808326987,0.0,110.5,off_peak,90.8,41.40100808326987
2025-05-29 05:00:00,41.95369332504803,0.0,110.55,off_peak,90.8,41.95369332504803
2025-05-29 06:00:00,43.3745517376418,0.8333999999999999,117.25,off_peak,90.8,42.541151737641805
2025-05-29 07:00:00,45.15198127396343,6.2505,127.0,off_peak,90.8,38.90148127396343
2025-05-29 08:00:00,46.64105329283557,14.445599999999999,129.43,mid_peak,95.6,32.19545329283557
2025-05-29 09:00:00,46.623224736649185,24.8631,128.61,mid_peak,95.6,21.760124736649185
2025-05-29 10:00:00,45.79225898743994,33.6138,137.07,mid_peak,95.6,12.178458987439946
2025-05-29 11:00:00,44.57449108444768,41.5311,137.06,on_peak,114.8,3.043391084447677
2025-05-29 12:00:00,43.052087417053144,46.3926,135.31,mid_peak,95.6,0.0
2025-05-29 13:00:00,45.98837310549026,45.1425,137.04,on_peak,114.8,0.8458731054902628
2025-05-29 14:00:00,48.1743091248653,44.3091,144.22,on_peak,114.8,3.865209124865302
2025-05-29 15:00:00,50.242421642486796,31.946999999999996,144.22,on_peak,114.8,18.2954216424868
2025-05-29 16:00:00,52.31751055165949,38.3364,137.04,on_peak,114.8,13.98111055165949
2025-05-29 17:00:00,52.85081692801766,15.973499999999998,135.71,on_peak,114.8,36.87731692801766
2025-05-29 18:00:00,53.58178773165974,16.8069,133.93,mid_peak,95.6,36.77488773165974
2025-05-29 19:00:00,53.67480628567569,7.5005999999999995,130.84,mid_peak,95.6,46.174206285675695
2025-05-29 20:00:00,52.35859374634987,0.9723,131.4,mid_peak,95.6,51.38629374634987
2025-05-29 21:00:00,50.45016307978911,0.0,131.4,mid_peak,95.6,50.45016307978911
2025-05-29 22:00:00,49.16185610666807,0.0,127.35,off_peak,90.8,49.16185610666807
2025-05-29 23:00:00,47.05808647667379,0.0,127.32,off_peak,90.8,47.05808647667379
2025-05-30 00:00:00,44.09777099511589,0.0,139.86,off_peak,90.8,44.09777099511589
2025-05-30 01:00:00,42.625752377813335,0.0,110.77,off_peak,90.8,42.625752377813335
2025-05-30 02:00:00,41.71882147615773,0.0,110.77,off_peak,90.8,41.71882147615773
2025-05-30 03:00:00,41.095597164250805,0.0,110.78,off_peak,90.8,41.095597164250805
2025-05-30 04:00:00,40.98785067251565,0.0,110.77,off_peak,90.8,40.98785067251565
2025-05-30 05:00:00,41.61107498442258,0.0,110.71,off_peak,90.8,41.61107498442258
2025-05-30 06:00:00,42.83969505205004,0.5556,129.83,off_peak,90.8,42.28409505205004
2025-05-30 07:00:00,44.369075110995766,5.1392999999999995,130.04,off_peak,90.8,39.22977511099577
2025-05-30 08:00:00,45.82559063596233,12.3621,130.13,mid_peak,95.6,33.46349063596233
2025-05-30 09:00:00,45.769779503552755,21.9462,134.24,mid_peak,95.6,23.823579503552754
2025-05-30 10:00:00,45.07136519381626,30.280200000000004,132.53,mid_peak,95.6,14.791165193816258
2025-05-30 11:00:00,43.66213410047448,36.8085,132.53,on_peak,114.8,6.85363410047448
2025-05-30 12:00:00,42.04051064212959,44.0313,132.53,mid_peak,95.6,0.0
2025-05-30 13:00:00,44.59076933140047,45.836999999999996,132.53,on_peak,114.8,0.0
2025-05-30 14:00:00,46.32944113688211,38.0586,132.53,on_peak,114.8,8.270841136882112
2025-05-30 15:00:00,48.03013036614057,40.281,149.48,on_peak,114.8,7.7491303661405695
2025-05-30 16:00:00,50.043206905969285,34.169399999999996,132.53,on_peak,114.8,15.873806905969289
2025-05-30 17:00:00,50.84316647050653,24.7242,132.53,on_peak,114.8,26.118966470506532
2025-05-30 18:00:00,51.71909118749015,15.5568,132.53,mid_peak,95.6,36.16229118749015
2025-05-30 19:00:00,52.07333684736759,6.3894,132.47,mid_peak,95.6,45.68393684736759
2025-05-30 20:00:00,51.319886559838324,1.1112,129.93,mid_peak,95.6,50.20868655983833
2025-05-30 21:00:00,49.61764702134627,0.0,129.16,mid_peak,95.6,49.61764702134627
2025-05-30 22:00:00,48.31926303820684,0.0,129.16,off_peak,90.8,48.31926303820684
2025-05-30 23:00:00,46.61547319048118,0.0,129.69,off_peak,90.8,46.61547319048118
2025-05-31 00:00:00,43.68616389359527,0.0,121.41,off_peak,90.8,43.68616389359527
2025-05-31 01:00:00,42.0164808490088,0.0,110.88,off_peak,90.8,42.0164808490088
2025-05-31 02:00:00,40.949092941675666,0.0,103.66,off_peak,90.8,40.949092941675666
2025-05-31 03:00:00,40.28013450737756,0.0,84.77,off_peak,90.8,40.28013450737756
2025-05-31 04:00:00,40.056114823122456,0.0,85.31,off_peak,90.8,40.056114823122456
2025-05-31 05:00:00,39.91038575516412,0.0,105.05,off_peak,90.8,39.91038575516412
2025-05-31 06:00:00,39.5073053544283,0.9723,110.86,off_peak,90.8,38.5350053544283
2025-05-31 07:00:00,38.42906528245997,6.1116,111.04,off_peak,90.8,32.31746528245997
2025-05-31 08:00:00,37.54693932854196,14.445599999999999,111.04,mid_peak,95.6,23.10133932854196
2025-05-31 09:00:00,37.58337159553154,26.668799999999997,111.32,mid_peak,95.6,10.914571595531541
2025-05-31 10:00:00,37.81436767133784,35.9751,112.29,mid_peak,95.6,1.8392676713378435
2025-05-31 11:00:00,37.59112314169954,34.169399999999996,112.13,mid_peak,95.6,3.4217231416995446
2025-05-31 12:00:00,37.09424903233096,30.6969,112.13,mid_peak,95.6,6.397349032330958
2025-05-31 13:00:00,38.1244295180577,36.114,135.06,mid_peak,95.6,2.0104295180577054
2025-05-31 14:00:00,39.02593433739571,27.5022,129.04,mid_peak,95.6,11.523734337395712
2025-05-31 15:00:00,40.34524749518873,26.668799999999997,129.05,mid_peak,95.6,13.676447495188732
2025-05-31 16:00:00,41.83819528714488,24.8631,133.66,mid_peak,95.6,16.975095287144878
2025-05-31 17:00:00,43.32029091446583,16.668,130.42,mid_peak,95.6,26.65229091446583
2025-05-31 18:00:00,45.082992513068255,10.1397,132.11,mid_peak,95.6,34.94329251306826
2025-05-31 19:00:00,46.24649959288455,5.1392999999999995,129.1,mid_peak,95.6,41.10719959288455
2025-05-31 20:00:00,46.3449442292181,0.9723,128.86,mid_peak,95.6,45.3726442292181
2025-05-31 21:00:00,45.2085675609898,0.0,128.95,mid_peak,95.6,45.2085675609898
2025-05-31 22:00:00,44.275281402363014,0.0,112.7,off_peak,90.8,44.275281402363014
2025-05-31 23:00:00,42.914109895262804,0.0,112.7,off_peak,90.8,42.914109895262804
2025-06-01 00:00:00,40.50570450086626,0.0,104.44,off_peak,90.8,40.50570450086626
2025-06-01 01:00:00,38.8321456831958,0.0,100.72,off_peak,90.8,38.8321456831958
2025-06-01 02:00:00,37.89498375148501,0.0,92.64,off_peak,90.8,37.89498375148501
2025-06-01 03:00:00,37.277185521895674,0.0,91.13,off_peak,90.8,37.277185521895674
2025-06-01 04:00:00,37.180291194795714,0.0,89.62,off_peak,90.8,37.180291194795714
2025-06-01 05:00:00,37.2213743894861,0.0,90.1,off_peak,90.8,37.2213743894861
2025-06-01 06:00:00,36.94386903667182,0.6945,104.34,off_peak,90.8,36.24936903667182
2025-06-01 07:00:00,35.67804154743798,6.3894,102.54,off_peak,90.8,29.288641547437976
2025-06-01 08:00:00,33.90836355728435,13.0566,102.53,off_peak,90.8,20.851763557284354
2025-06-01 09:00:00,32.989805336376754,25.6965,102.53,off_peak,90.8,7.293305336376754
2025-06-01 10:00:00,32.80531853757844,33.4749,106.37,off_peak,90.8,0.0
2025-06-01 11:00:00,32.315420819761044,40.8366,105.14,off_peak,90.8,0.0
2025-06-01 12:00:00,32.54486658633375,46.5315,105.14,off_peak,90.8,0.0
2025-06-01 13:00:00,33.60217748364848,48.8928,106.21,off_peak,90.8,0.0
2025-06-01 14:00:00,35.20519723119018,47.226,106.13,off_peak,90.8,0.0
2025-06-01 15:00:00,37.46864871224519,41.114399999999996,109.97,off_peak,90.8,0.0
2025-06-01 16:00:00,40.23905131268718,35.5584,109.97,off_peak,90.8,4.680651312687182
2025-06-01 17:00:00,43.148981744153105,19.445999999999998,109.97,off_peak,90.8,23.702981744153107
2025-06-01 18:00:00,45.28220724958577,11.3898,139.88,off_peak,90.8,33.892407249585766
2025-06-01 19:00:00,46.57516515040761,5.1392999999999995,140.12,off_peak,90.8,41.43586515040761
2025-06-01 20:00:00,46.72864576453394,0.6945,110.04,off_peak,90.8,46.03414576453394
2025-06-01 21:00:00,45.47909652225288,0.0,108.56,off_peak,90.8,45.47909652225288
2025-06-01 22:00:00,43.95591770024155,0.0,115.23,off_peak,90.8,43.95591770024155
2025-06-01 23:00:00,42.14825713386474,0.0,105.13,off_peak,90.8,42.14825713386474
2025-06-02 00:00:00,39.91891245594892,0.0,97.46,off_peak,90.8,39.91891245594892
2025-06-02 01:00:00,38.47557455946795,0.0,87.27,off_peak,90.8,38.47557455946795
2025-06-02 02:00:00,37.742278291975474,0.0,86.2,off_peak,90.8,37.742278291975474
2025-06-02 03:00:00,37.47562510379639,0.0,85.3,off_peak,90.8,37.47562510379639
2025-06-02 04:00:00,37.72987581810668,0.0,85.3,off_peak,90.8,37.72987581810668
2025-06-02 05:00:00,38.722073727610244,0.0,96.97,off_peak,90.8,38.722073727610244
2025-06-02 06:00:00,41.34984787856109,0.1389,100.43,off_peak,90.8,41.21094787856109
2025-06-02 07:00:00,45.30391157885616,0.9723,107.11,off_peak,90.8,44.33161157885616
2025-06-02 08:00:00,49.3339404315976,3.0558,107.74,mid_peak,116.6,46.2781404315976
2025-06-02 09:00:00,51.97101643795004,4.8614999999999995,126.08,mid_peak,116.6,47.10951643795004
2025-06-02 10:00:00,52.24774663614752,7.222799999999999,127.15,mid_peak,116.6,45.02494663614752
2025-06-02 11:00:00,51.12764821487201,6.944999999999999,127.13,on_peak,150.1,44.18264821487201
2025-06-02 12:00:00,49.175808889770465,9.0285,127.13,mid_peak,116.6,40.147308889770464
2025-06-02 13:00:00,51.68033345665017,12.3621,141.58,on_peak,150.1,39.31823345665017
2025-06-02 14:00:00,52.210539214541136,7.5005999999999995,142.66,on_peak,150.1,44.70993921454114
2025-06-02 15:00:00,52.99732115059279,12.2232,146.54,on_peak,150.1,40.77412115059279
2025-06-02 16:00:00,53.6476758740877,7.222799999999999,126.35,on_peak,150.1,46.424875874087704
2025-06-02 17:00:00,52.99809630520959,6.944999999999999,125.88,on_peak,150.1,46.05309630520959
2025-06-02 18:00:00,52.56711033826898,5.4171,122.0,mid_peak,116.6,47.150010338268984
2025-06-02 19:00:00,52.13457406209477,2.778,122.0,mid_peak,116.6,49.35657406209477
2025-06-02 20:00:00,50.90285337600011,0.8333999999999999,107.74,mid_peak,116.6,50.06945337600011
2025-06-02 21:00:00,49.172708271303264,0.0,106.26,mid_peak,116.6,49.172708271303264
2025-06-02 22:00:00,48.4053052006716,0.0,105.61,off_peak,90.8,48.4053052006716
2025-06-02 23:00:00,46.83949287473629,0.0,105.11,off_peak,90.8,46.83949287473629
2025-06-03 00:00:00,44.02723192498712,0.0,104.73,off_peak,90.8,44.02723192498712
2025-06-03 01:00:00,42.38777991045583,0.0,104.04,off_peak,90.8,42.38777991045583
2025-06-03 02:00:00,41.43511488640905,0.0,104.32,off_peak,90.8,41.43511488640905
2025-06-03 03:00:00,40.67236274347819,0.0,95.76,off_peak,90.8,40.67236274347819
2025-06-03 04:00:00,40.68864099043098,0.0,95.75,off_peak,90.8,40.68864099043098
2025-06-03 05:00:00,40.80103840986693,0.0,103.93,off_peak,90.8,40.80103840986693
2025-06-03 06:00:00,41.00722953793564,0.8333999999999999,104.31,off_peak,90.8,40.173829537935646
2025-06-03 07:00:00,40.226648838818384,5.9727,107.64,off_peak,90.8,34.25394883881839
2025-06-03 08:00:00,38.963921968051736,16.5291,107.63,mid_peak,116.6,22.434821968051736
2025-06-03 09:00:00,38.40813610780638,27.5022,124.23,mid_peak,116.6,10.90593610780638
2025-06-03 10:00:00,38.20892137128887,36.114,144.9,mid_peak,116.6,2.0949213712888692
2025-06-03 11:00:00,37.15238562859093,43.8924,143.21,on_peak,150.1,0.0
2025-06-03 12:00:00,36.44311915421924,48.198299999999996,130.8,mid_peak,116.6,0.0
2025-06-03 13:00:00,37.47019902147879,44.7258,130.81,on_peak,150.1,0.0
2025-06-03 14:00:00,38.686416615237455,27.5022,130.75,on_peak,150.1,11.184216615237457
2025-06-03 15:00:00,40.26463141504156,31.946999999999996,130.81,on_peak,150.1,8.317631415041568
2025-06-03 16:00:00,42.15368321618234,38.3364,123.65,on_peak,150.1,3.8172832161823393
2025-06-03 17:00:00,44.46829490194612,27.3633,122.18,on_peak,150.1,17.104994901946124
2025-06-03 18:00:00,47.08909266134578,19.0293,123.32,mid_peak,116.6,28.05979266134578
2025-06-03 19:00:00,48.04718376771016,8.6118,122.18,mid_peak,116.6,39.43538376771016
2025-06-03 20:00:00,48.16345696023011,1.8056999999999999,122.18,mid_peak,116.6,46.357756960230105
2025-06-03 21:00:00,46.768178649990716,0.0,107.67,mid_peak,116.6,46.768178649990716
2025-06-03 22:00:00,46.19456423355897,0.0,107.67,off_peak,90.8,46.19456423355897
2025-06-03 23:00:00,44.57991716676528,0.0,107.68,off_peak,90.8,44.57991716676528
2025-06-04 00:00:00,42.10484847532396,0.0,107.06,off_peak,90.8,42.10484847532396
2025-06-04 01:00:00,40.6452323318902,0.0,106.46,off_peak,90.8,40.6452323318902
2025-06-04 02:00:00,39.7352008117674,0.0,94.82,off_peak,90.8,39.7352008117674
2025-06-04 03:00:00,39.224373919296426,0.0,94.86,off_peak,90.8,39.224373919296426
2025-06-04 04:00:00,39.34839865798437,0.0,95.03,off_peak,90.8,39.34839865798437
2025-06-04 05:00:00,40.00572977303048,0.0,106.72,off_peak,90.8,40.00572977303048
2025-06-04 06:00:00,41.59247127361939,0.8333999999999999,108.08,off_peak,90.8,40.75907127361939
2025-06-04 07:00:00,43.01565515006356,7.639500000000001,108.08,off_peak,90.8,35.37615515006356
2025-06-04 08:00:00,44.60007118680207,18.195899999999998,108.03,mid_peak,116.6,26.40417118680207
2025-06-04 09:00:00,44.994624886753094,28.0578,124.08,mid_peak,116.6,16.936824886753094
2025-06-04 10:00:00,44.5256563435893,36.391799999999996,127.5,mid_peak,116.6,8.1338563435893
2025-06-04 11:00:00,43.14355566183551,44.5869,127.5,on_peak,150.1,0.0
2025-06-04 12:00:00,41.729673640792925,49.8651,124.05,mid_peak,116.6,0.0
2025-06-04 13:00:00,44.28458325776461,50.0,127.5,on_peak,150.1,0.0
2025-06-04 14:00:00,45.77210496740315,50.0,127.5,on_peak,150.1,0.0
2025-06-04 15:00:00,47.165057813792146,46.5315,127.5,on_peak,150.1,0.6335578137921445
2025-06-04 16:00:00,49.50679991114392,37.0863,127.5,on_peak,150.1,12.42049991114392
2025-06-04 17:00:00,51.04315636164085,13.7511,127.33,on_peak,150.1,37.292056361640846
2025-06-04 18:00:00,52.61129415142656,12.2232,124.08,mid_peak,116.6,40.388094151426564
2025-06-04 19:00:00,52.808958578710474,9.167399999999999,124.08,mid_peak,116.6,43.64155857871047
2025-06-04 20:00:00,51.87024633776608,1.9446,124.01,mid_peak,116.6,49.92564633776608
2025-06-04 21:00:00,49.94398711501893,0.0,121.08,mid_peak,116.6,49.94398711501893
2025-06-04 22:00:00,48.88047498076979,0.0,121.08,off_peak,90.8,48.88047498076979
2025-06-04 23:00:00,46.98057101499383,0.0,108.03,off_peak,90.8,46.98057101499383
2025-06-05 00:00:00,44.030332543454314,0.0,107.02,off_peak,90.8,44.030332543454314
2025-06-05 01:00:00,42.52420712301258,0.0,105.68,off_peak,90.8,42.52420712301258
2025-06-05 02:00:00,41.67541281761695,0.0,90.25,off_peak,90.8,41.67541281761695
2025-06-05 03:00:00,41.25527901531153,0.0,90.25,off_peak,90.8,41.25527901531153
2025-06-05 04:00:00,41.29713736461871,0.0,90.25,off_peak,90.8,41.29713736461871
2025-06-05 05:00:00,41.82966858636008,0.0,106.65,off_peak,90.8,41.82966858636008
2025-06-05 06:00:00,42.95519308995319,0.8333999999999999,107.03,off_peak,90.8,42.121793089953194
2025-06-05 07:00:00,43.86522461007599,7.7784,121.14,off_peak,90.8,36.08682461007599
2025-06-05 08:00:00,44.94191437281072,18.057,123.79,mid_peak,116.6,26.884914372810723
2025-06-05 09:00:00,45.15353158319702,28.3356,123.79,mid_peak,116.6,16.817931583197023
2025-06-05 10:00:00,44.61634943375486,36.530699999999996,129.0,mid_peak,116.6,8.085649433754867
2025-06-05 11:00:00,43.19859163962828,44.0313,128.93,on_peak,150.1,0.0
2025-06-05 12:00:00,41.7901357009033,48.476099999999995,128.93,mid_peak,116.6,0.0
2025-06-05 13:00:00,44.72409592549001,50.0,128.88,on_peak,150.1,0.0
2025-06-05 14:00:00,47.001500189647416,48.198299999999996,128.84,on_peak,150.1,0.0
2025-06-05 15:00:00,49.054884769549716,37.7808,137.44,on_peak,150.1,11.274084769549717
2025-06-05 16:00:00,51.29818223056793,34.5861,126.98,on_peak,150.1,16.71208223056793
2025-06-05 17:00:00,51.931483552493255,24.168599999999998,126.74,on_peak,150.1,27.762883552493257
2025-06-05 18:00:00,52.42680735262824,14.0289,126.75,mid_peak,116.6,38.39790735262824
2025-06-05 19:00:00,52.85856847418565,7.639500000000001,126.7,mid_peak,116.6,45.219068474185654
2025-06-05 20:00:00,51.99427107645403,1.8056999999999999,123.76,mid_peak,116.6,50.188571076454025
2025-06-05 21:00:00,50.06956216294047,0.0,121.14,mid_peak,116.6,50.06956216294047
2025-06-05 22:00:00,48.891327145404986,0.0,107.0,off_peak,90.8,48.891327145404986
2025-06-05 23:00:00,46.98677225192822,0.0,107.01,off_peak,90.8,46.98677225192822
2025-06-06 00:00:00,43.95049161792395,0.0,105.54,off_peak,90.8,43.95049161792395
2025-06-06 01:00:00,42.40018238432463,0.0,104.46,off_peak,90.8,42.40018238432463
2025-06-06 02:00:00,41.35604911549549,0.0,104.1,off_peak,90.8,41.35604911549549
2025-06-06 03:00:00,40.656084496525395,0.0,95.77,off_peak,90.8,40.656084496525395
2025-06-06 04:00:00,40.559190169425435,0.0,95.77,off_peak,90.8,40.559190169425435
2025-06-06 05:00:00,40.37160275215992,0.0,95.77,off_peak,90.8,40.37160275215992
2025-06-06 06:00:00,40.427413884569496,0.8333999999999999,104.09,off_peak,90.8,39.5940138845695
2025-06-06 07:00:00,40.45764491462468,5.9727,104.27,off_peak,90.8,34.48494491462468
2025-06-06 08:00:00,40.68709068119738,12.2232,105.92,off_peak,90.8,28.463890681197384
2025-06-06 09:00:00,40.700268309682976,25.9743,107.95,off_peak,90.8,14.725968309682976
2025-06-06 10:00:00,40.93979108627407,35.8362,107.95,off_peak,90.8,5.103591086274072
2025-06-06 11:00:00,40.69949315506618,43.059,123.85,off_peak,90.8,0.0
2025-06-06 12:00:00,39.841396994268955,48.615,123.81,off_peak,90.8,0.0
2025-06-06 13:00:00,41.89245611032085,50.0,141.93,off_peak,90.8,0.0
2025-06-06 14:00:00,43.8365438892544,49.0317,123.63,off_peak,90.8,0.0
2025-06-06 15:00:00,44.972145402865905,44.5869,123.63,off_peak,90.8,0.38524540286590536
2025-06-06 16:00:00,45.54420951006406,37.6419,123.63,off_peak,90.8,7.9023095100640575
2025-06-06 17:00:00,46.236422582866155,27.918899999999994,137.7,off_peak,90.8,18.31752258286616
2025-06-06 18:00:00,47.91463232823742,18.195899999999998,137.85,off_peak,90.8,29.71873232823742
2025-06-06 19:00:00,48.83706632222901,7.7784,124.03,off_peak,90.8,41.058666322229016
2025-06-06 20:00:00,48.79675828215543,1.6667999999999998,123.07,off_peak,90.8,47.12995828215543
2025-06-06 21:00:00,47.325514819469674,0.0,107.95,off_peak,90.8,47.325514819469674
2025-06-06 22:00:00,45.79225898743994,0.0,107.95,off_peak,90.8,45.79225898743994
2025-06-06 23:00:00,44.13575357133907,0.0,107.95,off_peak,90.8,44.13575357133907
2025-06-07 00:00:00,41.666110962215356,0.0,106.02,off_peak,90.8,41.666110962215356
2025-06-07 01:00:00,40.08634585317765,0.0,96.26,off_peak,90.8,40.08634585317765
2025-06-07 02:00:00,39.11585227294447,0.0,96.23,off_peak,90.8,39.11585227294447
2025-06-07 03:00:00,38.55774094884871,0.0,95.71,off_peak,90.8,38.55774094884871
2025-06-07 04:00:00,38.367052913116,0.0,95.72,off_peak,90.8,38.367052913116
2025-06-07 05:00:00,38.37480445928399,0.0,95.69,off_peak,90.8,38.37480445928399
2025-06-07 06:00:00,38.38488146930239,1.1112,95.67,off_peak,90.8,37.273681469302396
2025-06-07 07:00:00,37.84692416524342,5.556,106.6,off_peak,90.8,32.290924165243425
2025-06-07 08:00:00,37.00665656063259,13.7511,106.53,mid_peak,116.6,23.25555656063259
2025-06-07 09:00:00,36.86557842037506,15.695699999999997,108.91,mid_peak,116.6,21.169878420375063
2025-06-07 10:00:00,36.94774480975582,23.1963,108.91,mid_peak,116.6,13.751444809755817
2025-06-07 11:00:00,36.78186172176069,21.6684,127.52,mid_peak,116.6,15.113461721760693
2025-06-07 12:00:00,36.50048059586241,9.167399999999999,143.63,mid_peak,116.6,27.333080595862413
2025-06-07 13:00:00,37.33532211815565,18.334799999999998,108.86,mid_peak,116.6,19.000522118155654
2025-06-07 14:00:00,38.54456332036312,27.779999999999998,108.86,mid_peak,116.6,10.76456332036312
2025-06-07 15:00:00,40.308815228199144,36.391799999999996,108.86,mid_peak,116.6,3.9170152281991477
2025-06-07 16:00:00,42.6931908294749,33.4749,108.86,mid_peak,116.6,9.218290829474903
2025-06-07 17:00:00,45.089968904619454,21.9462,108.86,mid_peak,116.6,23.143768904619453
2025-06-07 18:00:00,46.74647432072033,10.6953,108.91,mid_peak,116.6,36.051174320720335
2025-06-07 19:00:00,47.81928831037106,3.7502999999999997,108.91,mid_peak,116.6,44.068988310371054
2025-06-07 20:00:00,47.712316973252705,0.6945,107.49,mid_peak,116.6,47.01781697325271
2025-06-07 21:00:00,46.3449442292181,0.0,105.36,mid_peak,116.6,46.3449442292181
2025-06-07 22:00:00,45.29460972345456,0.0,105.37,off_peak,90.8,45.29460972345456
2025-06-07 23:00:00,43.76677997374243,0.0,105.37,off_peak,90.8,43.76677997374243
2025-06-08 00:00:00,41.16613623437957,0.0,101.78,off_peak,90.8,41.16613623437957
2025-06-08 01:00:00,39.58714627995867,0.0,95.22,off_peak,90.8,39.58714627995867
2025-06-08 02:00:00,38.5918477519879,0.0,85.78,off_peak,90.8,38.5918477519879
2025-06-08 03:00:00,38.381005696218395,0.0,83.77,off_peak,90.8,38.381005696218395
2025-06-08 04:00:00,38.446118684029564,0.0,87.85,off_peak,90.8,38.446118684029564
2025-06-08 05:00:00,38.40581064395598,0.0,88.82,off_peak,90.8,38.40581064395598
2025-06-08 06:00:00,38.55929125808231,0.8333999999999999,88.26,off_peak,90.8,37.725891258082314
2025-06-08 07:00:00,38.376354768517594,3.0558,81.69,off_peak,90.8,35.320554768517596
2025-06-08 08:00:00,38.032186118658544,7.0839,95.88,off_peak,90.8,30.948286118658544
2025-06-08 09:00:00,37.774834785881055,9.5841,96.82,off_peak,90.8,28.190734785881055
2025-06-08 10:00:00,38.137607146543296,28.752299999999995,105.54,off_peak,90.8,9.385307146543301
2025-06-08 11:00:00,37.73142612734028,23.7519,105.4,off_peak,90.8,13.979526127340279
2025-06-08 12:00:00,37.51980891695397,47.9205,105.4,off_peak,90.8,0.0
2025-06-08 13:00:00,38.16938848583209,39.1698,105.33,off_peak,90.8,0.0
2025-06-08 14:00:00,38.945318257248545,38.6142,171.76,off_peak,90.8,0.3311182572485478
2025-06-08 15:00:00,40.40183378221511,24.4464,105.93,off_peak,90.8,15.955433782215106
2025-06-08 16:00:00,42.74125041571648,29.7246,110.66,off_peak,90.8,13.01665041571648
2025-06-08 17:00:00,45.83566764598073,20.696099999999998,110.66,off_peak,90.8,25.13956764598073
2025-06-08 18:00:00,48.39290272680281,15.973499999999998,110.72,off_peak,90.8,32.419402726802815
2025-06-08 19:00:00,49.48277011802313,8.4729,110.72,off_peak,90.8,41.00987011802313
2025-06-08 20:00:00,49.57346320818869,1.8056999999999999,110.72,off_peak,90.8,47.76776320818869
2025-06-08 21:00:00,48.015402428421375,0.0,109.27,off_peak,90.8,48.015402428421375
2025-06-08 22:00:00,46.272079695238936,0.0,105.98,off_peak,90.8,46.272079695238936
2025-06-08 23:00:00,44.27140562927901,0.0,105.67,off_peak,90.8,44.27140562927901
2025-06-09 00:00:00,41.85834930718167,0.0,104.93,off_peak,90.8,41.85834930718167
2025-06-09 01:00:00,40.35222388673993,0.0,104.09,off_peak,90.8,40.35222388673993
2025-06-09 02:00:00,39.32746948333078,0.0,104.31,off_peak,90.8,39.32746948333078
2025-06-09 03:00:00,38.921288464127755,0.0,95.06,off_peak,90.8,38.921288464127755
2025-06-09 04:00:00,39.14065722068206,0.0,95.06,off_peak,90.8,39.14065722068206
2025-06-09 05:00:00,40.26540656965837,0.0,104.36,off_peak,90.8,40.26540656965837
2025-06-09 06:00:00,42.65210763478452,1.1112,104.92,off_peak,90.8,41.540907634784524
2025-06-09 07:00:00,46.47594535945725,4.167,107.15,off_peak,90.8,42.30894535945725
2025-06-09 08:00:00,50.40675442124832,7.222799999999999,131.09,mid_peak,116.6,43.18395442124832
2025-06-09 09:00:00,51.50282304940305,15.001199999999999,127.9,mid_peak,116.6,36.50162304940305
2025-06-09 10:00:00,50.80595904890015,28.0578,141.37,mid_peak,116.6,22.74815904890015
2025-06-09 11:00:00,49.750198460819014,41.114399999999996,127.63,on_peak,150.1,8.635798460819018
2025-06-09 12:00:00,48.51847777472435,47.0871,127.63,mid_peak,116.6,1.4313777747243535
2025-06-09 13:00:00,51.49972243093585,49.8651,137.8,on_peak,150.1,1.634622430935849
2025-06-09 14:00:00,53.27250103955667,44.448,137.76,on_peak,150.1,8.824501039556672
2025-06-09 15:00:00,54.592589351966495,30.6969,127.63,on_peak,150.1,23.895689351966496
2025-06-09 16:00:00,56.351415177484924,37.2252,127.63,on_peak,150.1,19.126215177484923
2025-06-09 17:00:00,57.0777350534262,29.7246,125.49,on_peak,150.1,27.353135053426204
2025-06-09 18:00:00,57.80250462013389,15.5568,125.67,mid_peak,116.6,42.245704620133885
2025-06-09 19:00:00,57.59941411053237,7.5005999999999995,125.67,mid_peak,116.6,50.09881411053237
2025-06-09 20:00:00,56.08476198930584,1.1112,125.67,mid_peak,116.6,54.97356198930584
2025-06-09 21:00:00,53.68875906877809,0.0,125.67,mid_peak,116.6,53.68875906877809
2025-06-09 22:00:00,52.026827570359615,0.0,107.08,off_peak,90.8,52.026827570359615
2025-06-09 23:00:00,49.75097361543581,0.0,107.08,off_peak,90.8,49.75097361543581
2025-06-10 00:00:00,46.70926689911394,0.0,108.81,off_peak,90.8,46.70926689911394
2025-06-10 01:00:00,45.05431179224667,0.0,105.72,off_peak,90.8,45.05431179224667
2025-06-10 02:00:00,44.0752915112287,0.0,90.15,off_peak,90.8,44.0752915112287
2025-06-10 03:00:00,43.3761020468754,0.0,90.22,off_peak,90.8,43.3761020468754
2025-06-10 04:00:00,43.349746789904216,0.0,90.25,off_peak,90.8,43.349746789904216
2025-06-10 05:00:00,43.95591770024155,0.0,105.72,off_peak,90.8,43.95591770024155
2025-06-10 06:00:00,45.589168477838435,1.1112,114.06,off_peak,90.8,44.47796847783844
2025-06-10 07:00:00,48.04020737615896,6.667199999999999,122.67,off_peak,90.8,41.37300737615896
2025-06-10 08:00:00,50.84781739820733,9.5841,123.68,mid_peak,116.6,41.26371739820733
2025-06-10 09:00:00,52.17875787525235,15.140100000000002,125.16,mid_peak,116.6,37.03865787525235
2025-06-10 10:00:00,52.42060611569384,18.334799999999998,132.67,mid_peak,116.6,34.08580611569384
2025-06-10 11:00:00,52.215965296858734,13.0566,132.65,on_peak,150.1,39.15936529685874
2025-06-10 12:00:00,50.866421109010524,13.1955,128.16,mid_peak,116.6,37.67092110901052
2025-06-10 13:00:00,53.31823516194785,13.1955,139.32,on_peak,150.1,40.122735161947844
2025-06-10 14:00:00,54.29725544296582,15.973499999999998,139.32,on_peak,150.1,38.32375544296582
2025-06-10 15:00:00,55.10109078058707,21.2517,139.32,on_peak,150.1,33.84939078058707
2025-06-10 16:00:00,56.48009084387367,18.334799999999998,132.59,on_peak,150.1,38.14529084387367
2025-06-10 17:00:00,56.4018002275769,26.1132,136.3,on_peak,150.1,30.2886002275769
2025-06-10 18:00:00,56.76844836132314,19.8627,128.17,mid_peak,116.6,36.905748361323134
2025-06-10 19:00:00,56.682406198858374,6.5283,129.86,mid_peak,116.6,50.15410619885837
2025-06-10 20:00:00,55.240618611611005,2.5002,128.09,mid_peak,116.6,52.740418611611005
2025-06-10 21:00:00,52.88569888577364,0.0,126.11,mid_peak,116.6,52.88569888577364
2025-06-10 22:00:00,51.26097480896155,0.0,126.11,off_peak,90.8,51.26097480896155
2025-06-10 23:00:00,49.0990685827073,0.0,107.09,off_peak,90.8,49.0990685827073
2025-06-11 00:00:00,45.82171486287833,0.0,108.06,off_peak,90.8,45.82171486287833
2025-06-11 01:00:00,44.32024037013739,0.0,106.07,off_peak,90.8,44.32024037013739
2025-06-11 02:00:00,43.25517792665466,0.0,95.03,off_peak,90.8,43.25517792665466
2025-06-11 03:00:00,42.56761578155336,0.0,105.52,off_peak,90.8,42.56761578155336
2025-06-11 04:00:00,42.42653764129582,0.0,105.47,off_peak,90.8,42.42653764129582
2025-06-11 05:00:00,42.4691711452198,0.0,105.34,off_peak,90.8,42.4691711452198
2025-06-11 06:00:00,44.057462955042304,0.6945,106.88,off_peak,90.8,43.362962955042306
2025-06-11 07:00:00,45.57676600396964,7.917299999999999,125.56,off_peak,90.8,37.65946600396964
2025-06-11 08:00:00,47.38907749804725,18.4737,126.93,mid_peak,116.6,28.91537749804725
2025-06-11 09:00:00,47.96656768756299,28.3356,127.63,mid_peak,116.6,19.630967687562993
2025-06-11 10:00:00,47.659606459310325,36.9474,130.81,mid_peak,116.6,10.712206459310323
2025-06-11 11:00:00,46.43021123706607,44.5869,130.89,on_peak,150.1,1.843311237066068
2025-06-11 12:00:00,44.88610324040114,49.3095,130.17,mid_peak,116.6,0.0
2025-06-11 13:00:00,47.64487852159113,50.0,137.04,on_peak,150.1,0.0
2025-06-11 14:00:00,49.52772908579751,50.0,167.44,on_peak,150.1,0.0
2025-06-11 15:00:00,51.205163676551976,45.6981,137.0,on_peak,150.1,5.507063676551979
2025-06-11 16:00:00,53.59574051476213,38.6142,130.54,on_peak,150.1,14.98154051476213
2025-06-11 17:00:00,54.54220430187451,29.5857,130.35,on_peak,150.1,24.956504301874514
2025-06-11 18:00:00,54.81350841775439,19.0293,129.73,mid_peak,116.6,35.78420841775439
2025-06-11 19:00:00,54.82901151009039,9.0285,127.58,mid_peak,116.6,45.80051151009039
2025-06-11 20:00:00,54.36469389462739,2.0835,127.59,mid_peak,116.6,52.28119389462739
2025-06-11 21:00:00,52.346966427097875,0.0,126.1,mid_peak,116.6,52.346966427097875
2025-06-11 22:00:00,50.89820244829931,0.0,123.38,off_peak,90.8,50.89820244829931
2025-06-11 23:00:00,48.67738447116828,0.0,106.88,off_peak,90.8,48.67738447116828
2025-06-12 00:00:00,45.633352290996015,0.0,105.26,off_peak,90.8,45.633352290996015
2025-06-12 01:00:00,44.0628890373599,0.0,103.46,off_peak,90.8,44.0628890373599
2025-06-12 02:00:00,43.06681535477234,0.0,90.24,off_peak,90.8,43.06681535477234
2025-06-12 03:00:00,42.38855506507264,0.0,90.12,off_peak,90.8,42.38855506507264
2025-06-12 04:00:00,42.37847805505424,0.0,90.07,off_peak,90.8,42.37847805505424
2025-06-12 05:00:00,42.99085020232597,0.0,90.25,off_peak,90.8,42.99085020232597
2025-06-12 06:00:00,44.54193459054209,0.8333999999999999,124.51,off_peak,90.8,43.708534590542094
2025-06-12 07:00:00,46.68678741522675,7.3617,124.51,off_peak,90.8,39.325087415226754
2025-06-12 08:00:00,49.33316527698079,17.7792,125.83,mid_peak,116.6,31.553965276980794
2025-06-12 09:00:00,50.49744751141389,27.779999999999998,128.57,mid_peak,116.6,22.71744751141389
2025-06-12 10:00:00,50.90517883985051,36.669599999999996,128.57,mid_peak,116.6,14.235578839850511
2025-06-12 11:00:00,50.4617903990411,44.3091,136.82,on_peak,150.1,6.152690399041099
2025-06-12 12:00:00,48.8610961153498,48.7539,128.55,mid_peak,116.6,0.10719611534980089
2025-06-12 13:00:00,50.644726888605824,50.0,140.28,on_peak,150.1,0.644726888605824
2025-06-12 14:00:00,52.19813674067234,49.4484,147.6,on_peak,150.1,2.74973674067234
2025-06-12 15:00:00,53.73836896425327,44.7258,134.87,on_peak,150.1,9.01256896425327
2025-06-12 16:00:00,56.15685136866821,38.6142,133.79,on_peak,150.1,17.54265136866821
2025-06-12 17:00:00,56.927355057767066,28.6134,132.72,on_peak,150.1,28.313955057767068
2025-06-12 18:00:00,56.1801060071722,16.8069,132.61,mid_peak,116.6,39.3732060071722
2025-06-12 19:00:00,56.10491600934263,6.3894,131.9,mid_peak,116.6,49.71551600934263
2025-06-12 20:00:00,55.55843200449887,2.0835,126.05,mid_peak,116.6,53.47493200449887
2025-06-12 21:00:00,53.25079671028628,0.0,125.37,mid_peak,116.6,53.25079671028628
2025-06-12 22:00:00,51.6051434588206,0.0,124.51,off_peak,90.8,51.6051434588206
2025-06-12 23:00:00,49.423083212529555,0.0,106.99,off_peak,90.8,49.423083212529555
2025-06-13 00:00:00,46.30541134376132,0.0,106.54,off_peak,90.8,46.30541134376132
2025-06-13 01:00:00,44.54968613671009,0.0,106.24,off_peak,90.8,44.54968613671009
2025-06-13 02:00:00,43.304012667513035,0.0,105.62,off_peak,90.8,43.304012667513035
2025-06-13 03:00:00,42.60249773930934,0.0,105.38,off_peak,90.8,42.60249773930934
2025-06-13 04:00:00,42.477697846004595,0.0,105.0,off_peak,90.8,42.477697846004595
2025-06-13 05:00:00,43.1497568987699,0.0,106.55,off_peak,90.8,43.1497568987699
2025-06-13 06:00:00,45.04966086454587,0.41669999999999996,106.54,off_peak,90.8,44.63296086454587
2025-06-13 07:00:00,48.14252778557652,3.7502999999999997,124.68,off_peak,90.8,44.392227785576516
2025-06-13 08:00:00,52.10899395974038,11.8065,125.14,mid_peak,116.6,40.30249395974038
2025-06-13 09:00:00,54.38872368774818,21.1128,129.25,mid_peak,116.6,33.27592368774818
2025-06-13 10:00:00,54.991793979618315,25.8354,130.98,mid_peak,116.6,29.156393979618315
2025-06-13 11:00:00,53.95928803004117,33.1971,131.89,on_peak,150.1,20.762188030041173
2025-06-13 12:00:00,52.32526209782748,33.0582,130.78,mid_peak,116.6,19.267062097827484
2025-06-13 13:00:00,55.10651686290467,31.946999999999996,140.43,on_peak,150.1,23.159516862904674
2025-06-13 14:00:00,56.48706723542486,25.5576,139.72,on_peak,150.1,30.92946723542486
2025-06-13 15:00:00,56.94750907780386,14.3067,132.33,on_peak,150.1,42.64080907780386
2025-06-13 16:00:00,57.238967213720535,8.4729,131.44,on_peak,150.1,48.76606721372053
2025-06-13 17:00:00,55.97236456986989,4.583699999999999,131.44,on_peak,150.1,51.38866456986989
2025-06-13 18:00:00,55.197985107687025,2.0835,127.87,mid_peak,116.6,53.114485107687024
2025-06-13 19:00:00,54.43368265552256,0.6945,128.75,mid_peak,116.6,53.73918265552256
2025-06-13 20:00:00,53.4244313444494,0.1389,127.56,mid_peak,116.6,53.2855313444494
2025-06-13 21:00:00,51.457864081628664,0.0,125.68,mid_peak,116.6,51.457864081628664
2025-06-13 22:00:00,50.20598937549721,0.0,122.35,off_peak,90.8,50.20598937549721
2025-06-13 23:00:00,48.45956602384758,0.0,106.51,off_peak,90.8,48.45956602384758
2025-06-14 00:00:00,45.58374239552084,0.0,115.03,off_peak,90.8,45.58374239552084
2025-06-14 01:00:00,43.95824316409195,0.0,107.27,off_peak,90.8,43.95824316409195
2025-06-14 02:00:00,42.85984907208683,0.0,106.25,off_peak,90.8,42.85984907208683
2025-06-14 03:00:00,42.269956408702285,0.0,101.42,off_peak,90.8,42.269956408702285
2025-06-14 04:00:00,41.97229703585122,0.0,106.51,off_peak,90.8,41.97229703585122
2025-06-14 05:00:00,41.938965387328835,0.0,106.17,off_peak,90.8,41.938965387328835
2025-06-14 06:00:00,43.10247246714513,0.2778,107.32,off_peak,90.8,42.82467246714513
2025-06-14 07:00:00,44.07994243892949,1.5279,107.32,off_peak,90.8,42.55204243892949
2025-06-14 08:00:00,45.36437363896653,5.0004,137.98,mid_peak,116.6,40.363973638966534
2025-06-14 09:00:00,46.23564742824935,8.8896,129.97,mid_peak,116.6,37.34604742824935
2025-06-14 10:00:00,46.30386103452772,20.557199999999998,139.04,mid_peak,116.6,25.746661034527722
2025-06-14 11:00:00,44.955092001296315,40.5588,138.89,mid_peak,116.6,4.396292001296317
2025-06-14 12:00:00,43.40633307693059,34.863899999999994,131.99,mid_peak,116.6,8.5424330769306
2025-06-14 13:00:00,43.989249348763934,45.5592,138.46,mid_peak,116.6,0.0
2025-06-14 14:00:00,44.464419128862126,41.67,131.82,mid_peak,116.6,2.794419128862124
2025-06-14 15:00:00,45.19461477788741,31.1136,130.04,mid_peak,116.6,14.081014777887408
2025-06-14 16:00:00,46.829415864717895,18.8904,127.15,mid_peak,116.6,27.939015864717895
2025-06-14 17:00:00,48.68978694503708,21.5295,126.95,mid_peak,116.6,27.16028694503708
2025-06-14 18:00:00,50.54550709765547,12.2232,125.22,mid_peak,116.6,38.32230709765547
2025-06-14 19:00:00,51.20826429501918,7.5005999999999995,125.27,mid_peak,116.6,43.70766429501918
2025-06-14 20:00:00,50.88967574751452,1.8056999999999999,124.78,mid_peak,116.6,49.083975747514515
2025-06-14 21:00:00,49.202939301358455,0.0,126.28,mid_peak,116.6,49.202939301358455
2025-06-14 22:00:00,47.865797587379035,0.0,107.32,off_peak,90.8,47.865797587379035
2025-06-14 23:00:00,46.142628874233395,0.0,107.32,off_peak,90.8,46.142628874233395
2025-06-15 00:00:00,43.375326892258606,0.0,104.82,off_peak,90.8,43.375326892258606
2025-06-15 01:00:00,41.67773828146735,0.0,96.07,off_peak,90.8,41.67773828146735
2025-06-15 02:00:00,40.56771687021023,0.0,95.27,off_peak,90.8,40.56771687021023
2025-06-15 03:00:00,39.82899452040016,0.0,81.3,off_peak,90.8,39.82899452040016
2025-06-15 04:00:00,39.48250040669071,0.0,82.52,off_peak,90.8,39.48250040669071
2025-06-15 05:00:00,39.37397876033876,0.0,83.75,off_peak,90.8,39.37397876033876
2025-06-15 06:00:00,39.46777246897152,0.9723,84.16,off_peak,90.8,38.49547246897152
2025-06-15 07:00:00,38.90501021717496,8.334,80.98,off_peak,90.8,30.571010217174962
2025-06-15 08:00:00,37.81824344442184,17.9181,96.02,off_peak,90.8,19.90014344442184
2025-06-15 09:00:00,37.79266334206745,26.668799999999997,96.93,off_peak,90.8,11.123863342067452
2025-06-15 10:00:00,38.29031260605283,34.725,106.7,off_peak,90.8,3.565312606052828
2025-06-15 11:00:00,38.42906528245997,40.8366,106.82,off_peak,90.8,0.0
2025-06-15 12:00:00,39.48482587054111,35.2806,106.82,off_peak,90.8,4.204225870541109
2025-06-15 13:00:00,41.838970441761674,43.8924,106.82,off_peak,90.8,0.0
2025-06-15 14:00:00,43.375326892258606,44.3091,106.82,off_peak,90.8,0.0
2025-06-15 15:00:00,45.59304425092243,30.6969,106.83,off_peak,90.8,14.896144250922433
2025-06-15 16:00:00,48.02547943843977,10.5564,106.83,off_peak,90.8,37.46907943843976
2025-06-15 17:00:00,50.178083809292424,5.556,106.29,off_peak,90.8,44.62208380929243
2025-06-15 18:00:00,52.09736664048838,5.556,106.81,off_peak,90.8,46.541366640488384
2025-06-15 19:00:00,52.85856847418565,1.1112,118.25,off_peak,90.8,51.747368474185656
2025-06-15 20:00:00,52.59036497677297,0.2778,116.8,off_peak,90.8,52.31256497677297
2025-06-15 21:00:00,50.71604111335139,0.0,106.84,off_peak,90.8,50.71604111335139
2025-06-15 22:00:00,48.49522313622036,0.0,106.66,off_peak,90.8,48.49522313622036
2025-06-15 23:00:00,46.41315783549648,0.0,106.2,off_peak,90.8,46.41315783549648
2025-06-16 00:00:00,43.75360234525684,0.0,97.88,off_peak,90.8,43.75360234525684
2025-06-16 01:00:00,42.0095044574576,0.0,84.97,off_peak,90.8,42.0095044574576
2025-06-16 02:00:00,41.11652633890439,0.0,80.64,off_peak,90.8,41.11652633890439
2025-06-16 03:00:00,40.62430315723661,0.0,81.43,off_peak,90.8,40.62430315723661
2025-06-16 04:00:00,40.748327895924554,0.0,81.46,off_peak,90.8,40.748327895924554
2025-06-16 05:00:00,41.92578775884324,0.0,81.46,off_peak,90.8,41.92578775884324
2025-06-16 06:00:00,45.03338261759308,0.1389,95.02,off_peak,90.8,44.89448261759308
2025-06-16 07:00:00,50.18506020084362,0.6945,107.55,off_peak,90.8,49.490560200843625
2025-06-16 08:00:00,56.22041404724578,1.389,126.3,mid_peak,116.6,54.83141404724578
2025-06-16 09:00:00,60.12331754283207,3.7502999999999997,128.18,mid_peak,116.6,56.373017542832066
2025-06-16 10:00:00,61.31007926115235,5.8338,128.98,mid_peak,116.6,55.47627926115236
2025-06-16 11:00:00,58.71176098563989,6.944999999999999,130.12,on_peak,150.1,51.76676098563989
2025-06-16 12:00:00,54.959237485712734,9.4452,128.18,mid_peak,116.6,45.514037485712734
2025-06-16 13:00:00,56.365367960587314,8.334,134.91,on_peak,150.1,48.03136796058732
2025-06-16 14:00:00,56.52427465703125,4.3059,134.91,on_peak,150.1,52.21837465703125
2025-06-16 15:00:00,56.51807342009685,12.501,134.91,on_peak,150.1,44.01707342009685
2025-06-16 16:00:00,57.36066648855808,4.583699999999999,133.26,on_peak,150.1,52.77696648855808
2025-06-16 17:00:00,57.5536799881412,5.8338,132.44,on_peak,150.1,51.7198799881412
2025-06-16 18:00:00,58.37611903656563,5.4171,132.28,mid_peak,116.6,52.959019036565635
2025-06-16 19:00:00,58.15519997077773,2.3613,125.4,mid_peak,116.6,55.79389997077773
2025-06-16 20:00:00,56.78627691750953,0.5556,125.22,mid_peak,116.6,56.230676917509534
2025-06-16 21:00:00,54.19493503354827,0.0,121.7,mid_peak,116.6,54.19493503354827
2025-06-16 22:00:00,52.49269549505621,0.0,107.52,off_peak,90.8,52.49269549505621
2025-06-16 23:00:00,50.15948009848923,0.0,107.23,off_peak,90.8,50.15948009848923
2025-06-17 00:00:00,47.0449088481882,0.0,106.67,off_peak,90.8,47.0449088481882
2025-06-17 01:00:00,45.360497865882536,0.0,106.57,off_peak,90.8,45.360497865882536
2025-06-17 02:00:00,44.298536040867,0.0,106.67,off_peak,90.8,44.298536040867
2025-06-17 03:00:00,43.73577378907045,0.0,105.54,off_peak,90.8,43.73577378907045
2025-06-17 04:00:00,43.77298121067683,0.0,105.36,off_peak,90.8,43.77298121067683
2025-06-17 05:00:00,44.34504531787498,0.0,105.51,off_peak,90.8,44.34504531787498
2025-06-17 06:00:00,46.47051927713965,0.5556,106.66,off_peak,90.8,45.91491927713965
2025-06-17 07:00:00,49.83314000481658,2.0835,106.65,off_peak,90.8,47.74964000481658
2025-06-17 08:00:00,53.74457020118766,6.667199999999999,127.05,mid_peak,116.6,47.07737020118766
2025-06-17 09:00:00,55.69098344397161,14.0289,129.47,mid_peak,116.6,41.66208344397161
2025-06-17 10:00:00,55.7064865363076,28.3356,134.39,mid_peak,116.6,27.3708865363076
2025-06-17 11:00:00,54.04533019250593,36.9474,134.39,on_peak,150.1,17.097930192505927
2025-06-17 12:00:00,51.70513840438775,42.5034,130.24,mid_peak,116.6,9.201738404387754
2025-06-17 13:00:00,53.59496536014533,33.8916,153.86,on_peak,150.1,19.703365360145334
2025-06-17 14:00:00,54.68715821521605,35.2806,150.78,on_peak,150.1,19.40655821521605
2025-06-17 15:00:00,56.13282157554742,29.169,148.05,on_peak,150.1,26.963821575547417
2025-06-17 16:00:00,58.05132925212658,36.530699999999996,140.11,on_peak,150.1,21.520629252126582
2025-06-17 17:00:00,58.63579583319352,26.529899999999998,135.42,on_peak,150.1,32.10589583319352
2025-06-17 18:00:00,59.52722364251313,17.3625,134.22,mid_peak,116.6,42.164723642513124
2025-06-17 19:00:00,59.63109436116429,7.5005999999999995,129.62,mid_peak,116.6,52.13049436116429
2025-06-17 20:00:00,58.07535904524737,1.6667999999999998,127.06,mid_peak,116.6,56.408559045247365
2025-06-17 21:00:00,55.35146572181336,0.0,126.58,mid_peak,116.6,55.35146572181336
2025-06-17 22:00:00,53.50117165151257,0.0,126.07,off_peak,90.8,53.50117165151257
2025-06-17 23:00:00,50.96641605457768,0.0,126.07,off_peak,90.8,50.96641605457768
2025-06-18 00:00:00,47.55651089527597,0.0,105.26,off_peak,90.8,47.55651089527597
2025-06-18 01:00:00,45.633352290996015,0.0,103.5,off_peak,90.8,45.633352290996015
2025-06-18 02:00:00,44.55046129132689,0.0,103.25,off_peak,90.8,44.55046129132689
2025-06-18 03:00:00,43.95901831870875,0.0,94.85,off_peak,90.8,43.95901831870875
2025-06-18 04:00:00,43.75050172678964,0.0,94.61,off_peak,90.8,43.75050172678964
2025-06-18 05:00:00,44.21171872378544,0.0,94.56,off_peak,90.8,44.21171872378544
2025-06-18 06:00:00,45.92558558152949,0.6945,95.29,off_peak,90.8,45.23108558152949
2025-06-18 07:00:00,48.399879118354,5.6949,123.31,off_peak,90.8,42.704979118354004
2025-06-18 08:00:00,50.88037389211292,14.3067,123.84,mid_peak,116.6,36.57367389211292
2025-06-18 09:00:00,51.81443520535651,16.8069,128.04,mid_peak,116.6,35.00753520535651
2025-06-18 10:00:00,51.76870108296533,29.3079,128.68,mid_peak,116.6,22.46080108296533
2025-06-18 11:00:00,50.617596477017834,38.1975,130.76,on_peak,150.1,12.420096477017836
2025-06-18 12:00:00,49.061861161100914,46.6704,128.67,mid_peak,116.6,2.3914611611009136
2025-06-18 13:00:00,51.871796646999684,48.476099999999995,136.39,on_peak,150.1,3.3956966469996885
2025-06-18 14:00:00,53.781777622794046,46.8093,136.37,on_peak,150.1,6.972477622794045
2025-06-18 15:00:00,55.337512938710965,41.8089,136.37,on_peak,150.1,13.528612938710964
2025-06-18 16:00:00,57.56763277124359,35.8362,134.24,on_peak,150.1,21.73143277124359
2025-06-18 17:00:00,58.47688913674959,27.0855,134.35,on_peak,150.1,31.39138913674959
2025-06-18 18:00:00,59.50784477709314,14.7234,128.66,mid_peak,116.6,44.78444477709314
2025-06-18 19:00:00,59.46366096393556,5.6949,126.39,mid_peak,116.6,53.76876096393556
2025-06-18 20:00:00,58.02264853130499,1.2501,126.93,mid_peak,116.6,56.772548531304984
2025-06-18 21:00:00,55.51889911904209,0.0,126.93,mid_peak,116.6,55.51889911904209
2025-06-18 22:00:00,53.63604855483571,0.0,121.63,off_peak,90.8,53.63604855483571
2025-06-18 23:00:00,51.01680110466966,0.0,107.13,off_peak,90.8,51.01680110466966
2025-06-19 00:00:00,47.671233778562325,0.0,107.86,off_peak,90.8,47.671233778562325
2025-06-19 01:00:00,45.87365022220391,0.0,106.06,off_peak,90.8,45.87365022220391
2025-06-19 02:00:00,44.63727860840845,0.0,95.04,off_peak,90.8,44.63727860840845
2025-06-19 03:00:00,43.89468048551438,0.0,95.01,off_peak,90.8,43.89468048551438
2025-06-19 04:00:00,43.86832522854319,0.0,95.18,off_peak,90.8,43.86832522854319
2025-06-19 05:00:00,44.403181914134954,0.0,95.06,off_peak,90.8,44.403181914134954
2025-06-19 06:00:00,45.85349620216712,0.6945,117.65,off_peak,90.8,45.158996202167124
2025-06-19 07:00:00,48.371973552149214,7.639500000000001,121.54,off_peak,90.8,40.732473552149216
2025-06-19 08:00:00,51.867920873915686,12.3621,125.91,mid_peak,116.6,39.50582087391569
2025-06-19 09:00:00,54.016649471684346,25.279799999999998,129.47,mid_peak,116.6,28.736849471684348
2025-06-19 10:00:00,55.13907335681025,30.280200000000004,132.19,mid_peak,116.6,24.858873356810246
2025-06-19 11:00:00,54.68250728751525,39.4476,132.14,on_peak,150.1,15.234907287515249
2025-06-19 12:00:00,54.03447802787073,42.9201,130.03,mid_peak,116.6,11.114378027870735
2025-06-19 13:00:00,57.048279177987816,47.3649,132.07,on_peak,150.1,9.683379177987817
2025-06-19 14:00:00,58.9272539691102,40.1421,138.73,on_peak,150.1,18.785153969110198
2025-06-19 15:00:00,59.69853281282585,35.6973,166.11,on_peak,150.1,24.001232812825855
2025-06-19 16:00:00,60.89537154116453,22.224,137.85,on_peak,150.1,38.67137154116453
2025-06-19 17:00:00,61.27054637569557,15.140100000000002,137.2,on_peak,150.1,46.13044637569556
2025-06-19 18:00:00,62.06120408483122,6.2505,131.39,mid_peak,116.6,55.810704084831215
2025-06-19 19:00:00,62.1146897533904,4.028099999999999,128.84,mid_peak,116.6,58.0865897533904
2025-06-19 20:00:00,60.660499692274236,0.6945,127.55,mid_peak,116.6,59.96599969227424
2025-06-19 21:00:00,57.898623792617045,0.0,125.91,mid_peak,116.6,57.898623792617045
2025-06-19 22:00:00,55.82741065652835,0.0,125.91,off_peak,90.8,55.82741065652835
2025-06-19 23:00:00,53.00352238752719,0.0,125.62,off_peak,90.8,53.00352238752719
2025-06-20 00:00:00,49.41300620251116,0.0,106.6,off_peak,90.8,49.41300620251116
2025-06-20 01:00:00,47.35187007644086,0.0,105.92,off_peak,90.8,47.35187007644086
2025-06-20 02:00:00,46.10464629801021,0.0,106.34,off_peak,90.8,46.10464629801021
2025-06-20 03:00:00,45.35197116509774,0.0,105.66,off_peak,90.8,45.35197116509774
2025-06-20 04:00:00,45.158182510897824,0.0,105.51,off_peak,90.8,45.158182510897824
2025-06-20 05:00:00,45.94263898309908,0.0,105.56,off_peak,90.8,45.94263898309908
2025-06-20 06:00:00,48.49367282698676,0.1389,106.61,off_peak,90.8,48.35477282698676
2025-06-20 07:00:00,52.71749033392811,0.2778,122.98,off_peak,90.8,52.43969033392811
2025-06-20 08:00:00,57.95288461579302,1.5279,124.77,mid_peak,116.6,56.424984615793015
2025-06-20 09:00:00,61.70230749725298,2.3613,138.53,mid_peak,116.6,59.34100749725298
2025-06-20 10:00:00,63.281297451673886,2.9169,193.75,mid_peak,116.6,60.36439745167389
2025-06-20 11:00:00,62.45110685708145,2.3613,138.3,on_peak,150.1,60.08980685708145
2025-06-20 12:00:00,60.5124451604655,5.0004,130.65,mid_peak,116.6,55.5120451604655
2025-06-20 13:00:00,62.64179489281417,7.3617,139.04,on_peak,150.1,55.28009489281417
2025-06-20 14:00:00,62.746440766082124,5.6949,137.6,on_peak,150.1,57.05154076608213
2025-06-20 15:00:00,62.48676396945424,4.7226,137.58,on_peak,150.1,57.76416396945424
2025-06-20 16:00:00,62.41002366239107,3.6113999999999997,130.63,on_peak,150.1,58.798623662391066
2025-06-20 17:00:00,60.85041257339015,2.778,130.61,on_peak,150.1,58.07241257339015
2025-06-20 18:00:00,59.73961600751624,1.2501,128.2,mid_peak,116.6,58.48951600751624
2025-06-20 19:00:00,58.919502422942195,0.41669999999999996,125.21,mid_peak,116.6,58.502802422942196
2025-06-20 20:00:00,57.40407514709886,0.1389,125.21,mid_peak,116.6,57.26517514709886
2025-06-20 21:00:00,55.15922737684704,0.0,124.95,mid_peak,116.6,55.15922737684704
2025-06-20 22:00:00,53.642249791770105,0.0,124.77,off_peak,90.8,53.642249791770105
2025-06-20 23:00:00,51.416780886938284,0.0,124.71,off_peak,90.8,51.416780886938284
2025-06-21 00:00:00,48.23244572112528,0.0,120.96,off_peak,90.8,48.23244572112528
2025-06-21 01:00:00,46.139528255766194,0.0,105.56,off_peak,90.8,46.139528255766194
2025-06-21 02:00:00,44.90160633273714,0.0,106.05,off_peak,90.8,44.90160633273714
2025-06-21 03:00:00,44.01560460573512,0.0,102.06,off_peak,90.8,44.01560460573512
2025-06-21 04:00:00,43.672211110492874,0.0,102.06,off_peak,90.8,43.672211110492874
2025-06-21 05:00:00,43.687714202828865,0.0,100.73,off_peak,90.8,43.687714202828865
2025-06-21 06:00:00,44.68146242156603,0.0,102.06,off_peak,90.8,44.68146242156603
2025-06-21 07:00:00,46.124800318047,1.5279,105.64,off_peak,90.8,44.596900318047
2025-06-21 08:00:00,48.046408613093355,2.9169,105.84,mid_peak,116.6,45.12950861309336
2025-06-21 09:00:00,50.34629236113795,4.4448,126.48,mid_peak,116.6,45.90149236113795
2025-06-21 10:00:00,51.694286239752564,3.7502999999999997,127.07,mid_peak,116.6,47.94398623975256
2025-06-21 11:00:00,52.02140148804202,8.1951,127.23,mid_peak,116.6,43.82630148804202
2025-06-21 12:00:00,51.3849995476495,10.0008,127.22,mid_peak,116.6,41.3841995476495
2025-06-21 13:00:00,51.74002036214374,8.4729,127.21,mid_peak,116.6,43.26712036214374
2025-06-21 14:00:00,51.22686800582237,8.1951,127.04,mid_peak,116.6,43.03176800582237
2025-06-21 15:00:00,50.66565606325941,12.501,127.15,mid_peak,116.6,38.164656063259415
2025-06-21 16:00:00,50.49589720218029,13.6122,126.74,mid_peak,116.6,36.88369720218029
2025-06-21 17:00:00,50.26722659022439,12.639899999999999,126.55,mid_peak,116.6,37.62732659022439
2025-06-21 18:00:00,50.62922379626983,8.056199999999999,126.59,mid_peak,116.6,42.57302379626983
2025-06-21 19:00:00,50.796657193498554,2.3613,126.68,mid_peak,116.6,48.435357193498554
2025-06-21 20:00:00,50.268001744841186,0.5556,126.61,mid_peak,116.6,49.71240174484119
2025-06-21 21:00:00,48.80683529217382,0.0,109.0,mid_peak,116.6,48.80683529217382
2025-06-21 22:00:00,47.68131078858072,0.0,109.01,off_peak,90.8,47.68131078858072
2025-06-21 23:00:00,45.962017848519075,0.0,107.86,off_peak,90.8,45.962017848519075
2025-06-22 00:00:00,43.18231339267549,0.0,103.79,off_peak,90.8,43.18231339267549
2025-06-22 01:00:00,41.33977086854269,0.0,97.3,off_peak,90.8,41.33977086854269
2025-06-22 02:00:00,40.090221626261645,0.0,86.54,off_peak,90.8,40.090221626261645
2025-06-22 03:00:00,39.34684834875077,0.0,83.24,off_peak,90.8,39.34684834875077
2025-06-22 04:00:00,39.08097031518849,0.0,83.24,off_peak,90.8,39.08097031518849
2025-06-22 05:00:00,38.960821349584535,0.0,83.24,off_peak,90.8,38.960821349584535
2025-06-22 06:00:00,39.06934299593649,0.8333999999999999,83.24,off_peak,90.8,38.23594299593649
2025-06-22 07:00:00,38.60812599894069,7.0839,81.27,off_peak,90.8,31.524225998940693
2025-06-22 08:00:00,37.58414675014834,17.9181,81.27,off_peak,90.8,19.666046750148343
2025-06-22 09:00:00,36.73457729013591,27.918899999999994,105.62,off_peak,90.8,8.815677290135916
2025-06-22 10:00:00,36.13150699826578,37.2252,105.62,off_peak,90.8,0.0
2025-06-22 11:00:00,35.818344533078715,43.475699999999996,105.62,off_peak,90.8,0.0
2025-06-22 12:00:00,36.17336534757296,48.198299999999996,105.62,off_peak,90.8,0.0
2025-06-22 13:00:00,37.207421606383704,50.0,106.77,off_peak,90.8,0.0
2025-06-22 14:00:00,38.88873197022217,49.3095,104.96,off_peak,90.8,0.0
2025-06-22 15:00:00,40.26695687889197,44.7258,107.51,off_peak,90.8,0.0
2025-06-22 16:00:00,42.35754888040065,38.1975,106.98,off_peak,90.8,4.160048880400652
2025-06-22 17:00:00,45.355846938181735,29.5857,107.42,off_peak,90.8,15.770146938181735
2025-06-22 18:00:00,47.951064595227,19.445999999999998,112.39,off_peak,90.8,28.505064595227005
2025-06-22 19:00:00,49.239371568348034,8.6118,112.39,off_peak,90.8,40.62757156834803
2025-06-22 20:00:00,49.414556511744756,1.9446,112.39,off_peak,90.8,47.469956511744755
2025-06-22 21:00:00,48.053385004644554,0.0,110.93,off_peak,90.8,48.053385004644554
2025-06-22 22:00:00,46.192238769708574,0.0,106.67,off_peak,90.8,46.192238769708574
2025-06-22 23:00:00,44.14117965365667,0.0,96.88,off_peak,90.8,44.14117965365667
2025-06-23 00:00:00,41.799437556304895,0.0,105.54,off_peak,90.8,41.799437556304895
2025-06-23 01:00:00,40.12587873863443,0.0,94.83,off_peak,90.8,40.12587873863443
2025-06-23 02:00:00,39.10965103601007,0.0,94.78,off_peak,90.8,39.10965103601007
2025-06-23 03:00:00,38.68176568753666,0.0,94.64,off_peak,90.8,38.68176568753666
2025-06-23 04:00:00,38.84764877553179,0.0,94.7,off_peak,90.8,38.84764877553179
2025-06-23 05:00:00,39.9599956506393,0.0,94.9,off_peak,90.8,39.9599956506393
2025-06-23 06:00:00,42.15290806156554,0.8333999999999999,98.44,off_peak,90.8,41.31950806156554
2025-06-23 07:00:00,44.96051808361391,5.9727,107.63,off_peak,90.8,38.98781808361392
2025-06-23 08:00:00,48.085166343933345,16.5291,128.91,mid_peak,116.6,31.556066343933345
2025-06-23 09:00:00,49.67733392683984,26.529899999999998,133.99,mid_peak,116.6,23.147433926839845
2025-06-23 10:00:00,49.88895113722615,35.8362,164.63,mid_peak,116.6,14.052751137226153
2025-06-23 11:00:00,48.94791343243136,42.5034,133.92,on_peak,150.1,6.444513432431364
2025-06-23 12:00:00,47.90378016360222,46.8093,128.87,mid_peak,116.6,1.0944801636022206
2025-06-23 13:00:00,50.89742729368251,47.7816,132.28,on_peak,150.1,3.115827293682514
2025-06-23 14:00:00,52.9802677490232,44.0313,128.9,on_peak,150.1,8.948967749023197
2025-06-23 15:00:00,54.76467367689602,33.1971,130.34,on_peak,150.1,21.567573676896018
2025-06-23 16:00:00,57.21648772983334,27.918899999999994,127.34,on_peak,150.1,29.297587729833346
2025-06-23 17:00:00,58.52649903222477,27.0855,127.34,on_peak,150.1,31.44099903222477
2025-06-23 18:00:00,59.68690549357386,17.5014,127.44,mid_peak,116.6,42.18550549357386
2025-06-23 19:00:00,59.41405106846038,10.278599999999999,127.14,mid_peak,116.6,49.135451068460384
2025-06-23 20:00:00,57.987766573549,1.9446,127.14,mid_peak,116.6,56.043166573549
2025-06-23 21:00:00,55.45766190431491,0.0,121.75,mid_peak,116.6,55.45766190431491
2025-06-23 22:00:00,53.47791701300858,0.0,114.72,off_peak,90.8,53.47791701300858
2025-06-23 23:00:00,50.82998884202094,0.0,107.04,off_peak,90.8,50.82998884202094
2025-06-24 00:00:00,47.420858837336034,0.0,105.69,off_peak,90.8,47.420858837336034
2025-06-24 01:00:00,45.68993857802239,0.0,105.35,off_peak,90.8,45.68993857802239
2025-06-24 02:00:00,44.437288717274136,0.0,95.06,off_peak,90.8,44.437288717274136
2025-06-24 03:00:00,43.74275018062164,0.0,94.95,off_peak,90.8,43.74275018062164
2025-06-24 04:00:00,43.731898015986445,0.0,94.95,off_peak,90.8,43.731898015986445
2025-06-24 05:00:00,44.25435222770942,0.0,95.12,off_peak,90.8,44.25435222770942
2025-06-24 06:00:00,46.088368051057415,0.6945,99.39,off_peak,90.8,45.39386805105742
2025-06-24 07:00:00,49.69516248302624,3.6113999999999997,106.48,off_peak,90.8,46.083762483026234
2025-06-24 08:00:00,54.64142409282487,5.8338,123.86,mid_peak,116.6,48.80762409282487
2025-06-24 09:00:00,57.60639050208357,6.667199999999999,130.89,mid_peak,116.6,50.93919050208357
2025-06-24 10:00:00,58.54045181532716,8.4729,130.96,mid_peak,116.6,50.067551815327164
2025-06-24 11:00:00,58.382320273500035,18.057,130.96,on_peak,150.1,40.32532027350004
2025-06-24 12:00:00,57.05913134262301,19.7238,130.94,mid_peak,116.6,37.33533134262301
2025-06-24 13:00:00,59.15825004491649,24.3075,154.28,on_peak,150.1,34.850750044916495
2025-06-24 14:00:00,59.72566322441384,17.7792,151.35,on_peak,150.1,41.94646322441385
2025-06-24 15:00:00,59.46366096393556,10.8342,130.96,on_peak,150.1,48.62946096393556
2025-06-24 16:00:00,59.44970818083316,7.639500000000001,130.92,on_peak,150.1,51.810208180833165
2025-06-24 17:00:00,58.70168397562149,6.944999999999999,130.91,on_peak,150.1,51.75668397562149
2025-06-24 18:00:00,58.393172438135224,7.7784,125.55,mid_peak,116.6,50.614772438135226
2025-06-24 19:00:00,57.739717096173116,2.6391,130.88,mid_peak,116.6,55.10061709617312
2025-06-24 20:00:00,56.12196941091222,0.41669999999999996,127.45,mid_peak,116.6,55.70526941091222
2025-06-24 21:00:00,53.71278886189888,0.0,124.33,mid_peak,116.6,53.71278886189888
2025-06-24 22:00:00,51.92140654247486,0.0,125.64,off_peak,90.8,51.92140654247486
2025-06-24 23:00:00,49.64245196908386,0.0,107.02,off_peak,90.8,49.64245196908386
2025-06-25 00:00:00,46.577490614258004,0.0,107.52,off_peak,90.8,46.577490614258004
2025-06-25 01:00:00,44.9845478767347,0.0,104.58,off_peak,90.8,44.9845478767347
2025-06-25 02:00:00,44.00010151339913,0.0,95.04,off_peak,90.8,44.00010151339913
2025-06-25 03:00:00,43.32184122369943,0.0,95.04,off_peak,90.8,43.32184122369943
2025-06-25 04:00:00,43.275331946691445,0.0,94.88,off_peak,90.8,43.275331946691445
2025-06-25 05:00:00,43.94894130869035,0.0,95.04,off_peak,90.8,43.94894130869035
2025-06-25 06:00:00,46.60152040737879,0.1389,104.05,off_peak,90.8,46.46262040737879
2025-06-25 07:00:00,50.35404390730595,0.9723,106.71,off_peak,90.8,49.38174390730595
2025-06-25 08:00:00,54.64219924744167,2.2224,124.02,mid_peak,116.6,52.41979924744167
2025-06-25 09:00:00,56.67620496192398,4.3059,140.85,mid_peak,116.6,52.37030496192398
2025-06-25 10:00:00,56.73511671280075,4.4448,140.85,mid_peak,116.6,52.29031671280075
2025-06-25 11:00:00,55.06698397744788,7.222799999999999,140.84,on_peak,150.1,47.844183977447884
2025-06-25 12:00:00,52.64075002686495,6.3894,127.77,mid_peak,116.6,46.25135002686495
2025-06-25 13:00:00,54.08796369642991,13.334399999999999,140.88,on_peak,150.1,40.75356369642991
2025-06-25 14:00:00,54.27400080446183,9.0285,140.85,on_peak,150.1,45.24550080446183
2025-06-25 15:00:00,54.633672546656875,5.556,140.85,on_peak,150.1,49.07767254665688
2025-06-25 16:00:00,55.811132409575556,7.3617,127.58,on_peak,150.1,48.44943240957556
2025-06-25 17:00:00,55.826635501911554,5.1392999999999995,127.66,on_peak,150.1,50.687335501911555
2025-06-25 18:00:00,56.4064511552777,3.6113999999999997,127.73,mid_peak,116.6,52.795051155277704
2025-06-25 19:00:00,56.19250848104099,0.9723,127.75,mid_peak,116.6,55.22020848104099
2025-06-25 20:00:00,55.15922737684704,0.2778,127.66,mid_peak,116.6,54.88142737684704
2025-06-25 21:00:00,53.03452857219917,0.0,125.64,mid_peak,116.6,53.03452857219917
2025-06-25 22:00:00,51.56095964566302,0.0,114.08,off_peak,90.8,51.56095964566302
2025-06-25 23:00:00,49.472693108004734,0.0,106.95,off_peak,90.8,49.472693108004734
2025-06-26 00:00:00,46.38912804237568,0.0,108.93,off_peak,90.8,46.38912804237568
2025-06-26 01:00:00,44.703166750836424,0.0,94.63,off_peak,90.8,44.703166750836424
2025-06-26 02:00:00,43.72337131520165,0.0,94.32,off_peak,90.8,43.72337131520165
2025-06-26 03:00:00,43.104797930995524,0.0,86.89,off_peak,90.8,43.104797930995524
2025-06-26 04:00:00,43.21409473196427,0.0,94.85,off_peak,90.8,43.21409473196427
2025-06-26 05:00:00,43.74817626293924,0.0,95.5,off_peak,90.8,43.74817626293924
2025-06-26 06:00:00,46.089918360291016,0.1389,104.13,off_peak,90.8,45.951018360291016
2025-06-26 07:00:00,49.00605002869134,1.1112,106.62,off_peak,90.8,47.894850028691344
2025-06-26 08:00:00,52.40742848720825,3.3335999999999997,115.59,mid_peak,116.6,49.07382848720825
2025-06-26 09:00:00,53.72829195423487,15.001199999999999,124.61,mid_peak,116.6,38.72709195423487
2025-06-26 10:00:00,53.46241392067259,8.4729,153.26,mid_peak,116.6,44.98951392067259
2025-06-26 11:00:00,52.19891189528914,15.973499999999998,125.7,on_peak,150.1,36.22541189528914
2025-06-26 12:00:00,50.56256049922506,8.7507,124.23,mid_peak,116.6,41.811860499225055
2025-06-26 13:00:00,52.78027785788888,8.056199999999999,170.26,on_peak,150.1,44.72407785788889
2025-06-26 14:00:00,54.07633637717792,9.4452,137.53,on_peak,150.1,44.63113637717792
2025-06-26 15:00:00,55.34138871179496,4.8614999999999995,148.57,on_peak,150.1,50.47988871179496
2025-06-26 16:00:00,56.76069681515514,2.3613,129.43,on_peak,150.1,54.39939681515514
2025-06-26 17:00:00,56.97929041709265,9.722999999999999,129.3,on_peak,150.1,47.25629041709265
2025-06-26 18:00:00,57.5343011227212,7.222799999999999,129.11,mid_peak,116.6,50.311501122721204
2025-06-26 19:00:00,57.51879803038521,4.3059,129.16,mid_peak,116.6,53.21289803038521
2025-06-26 20:00:00,56.48009084387367,1.6667999999999998,129.26,mid_peak,116.6,54.813290843873666
2025-06-26 21:00:00,54.342989565357,0.0,126.5,mid_peak,116.6,54.342989565357
2025-06-26 22:00:00,52.481843330421015,0.0,115.59,off_peak,90.8,52.481843330421015
2025-06-26 23:00:00,50.15327886155484,0.0,107.04,off_peak,90.8,50.15327886155484
2025-06-27 00:00:00,46.86584813170747,0.0,108.93,off_peak,90.8,46.86584813170747
2025-06-27 01:00:00,45.10779746080585,0.0,94.59,off_peak,90.8,45.10779746080585
2025-06-27 02:00:00,44.03963439885592,0.0,88.99,off_peak,90.8,44.03963439885592
2025-06-27 03:00:00,43.48384853861056,0.0,86.62,off_peak,90.8,43.48384853861056
2025-06-27 04:00:00,43.399356685379395,0.0,94.74,off_peak,90.8,43.399356685379395
2025-06-27 05:00:00,43.99157481261433,0.0,95.46,off_peak,90.8,43.99157481261433
2025-06-27 06:00:00,45.6651336302848,0.41669999999999996,95.66,off_peak,90.8,45.2484336302848
2025-06-27 07:00:00,48.31461211050604,2.5002,106.62,off_peak,90.8,45.81441211050604
2025-06-27 08:00:00,51.92063138785806,4.7226,114.82,mid_peak,116.6,47.19803138785806
2025-06-27 09:00:00,53.69418515109569,6.3894,125.7,mid_peak,116.6,47.304785151095686
2025-06-27 10:00:00,53.550006392370946,5.6949,126.48,mid_peak,116.6,47.85510639237095
2025-06-27 11:00:00,52.27022612003471,4.3059,126.48,on_peak,150.1,47.964326120034706
2025-06-27 12:00:00,50.97416760074567,10.6953,126.48,mid_peak,116.6,40.27886760074567
2025-06-27 13:00:00,52.87794733960564,10.6953,150.22,on_peak,150.1,42.18264733960564
2025-06-27 14:00:00,54.23214245515465,22.0851,131.82,on_peak,150.1,32.14704245515465
2025-06-27 15:00:00,55.39564953497094,35.2806,131.82,on_peak,150.1,20.115049534970943
2025-06-27 16:00:00,57.506395556516416,32.3637,126.75,on_peak,150.1,25.142695556516415
2025-06-27 17:00:00,58.21023594857051,21.2517,126.75,on_peak,150.1,36.95853594857051
2025-06-27 18:00:00,58.99856819385576,14.8623,126.32,mid_peak,116.6,44.13626819385576
2025-06-27 19:00:00,59.084610356320525,7.0839,126.26,mid_peak,116.6,52.000710356320525
2025-06-27 20:00:00,58.082335436798566,1.1112,126.31,mid_peak,116.6,56.97113543679857
2025-06-27 21:00:00,55.593313962254854,0.0,125.36,mid_peak,116.6,55.593313962254854
2025-06-27 22:00:00,53.76937514892525,0.0,123.63,off_peak,90.8,53.76937514892525
2025-06-27 23:00:00,51.44778707161027,0.0,107.06,off_peak,90.8,51.44778707161027
2025-06-28 00:00:00,48.08129057084934,0.0,108.91,off_peak,90.8,48.08129057084934
2025-06-28 01:00:00,45.98527248702306,0.0,108.87,off_peak,90.8,45.98527248702306
2025-06-28 02:00:00,44.586893558316476,0.0,105.87,off_peak,90.8,44.586893558316476
2025-06-28 03:00:00,43.71717007826725,0.0,95.89,off_peak,90.8,43.71717007826725
2025-06-28 04:00:00,43.40168214922979,0.0,95.71,off_peak,90.8,43.40168214922979
2025-06-28 05:00:00,43.399356685379395,0.0,95.8,off_peak,90.8,43.399356685379395
2025-06-28 06:00:00,43.86057368237519,0.1389,105.03,off_peak,90.8,43.72167368237519
2025-06-28 07:00:00,44.41325892415335,0.6945,105.66,off_peak,90.8,43.71875892415335
2025-06-28 08:00:00,45.29460972345456,2.5002,107.14,mid_peak,116.6,42.794409723454564
2025-06-28 09:00:00,46.861972358623476,2.778,108.55,mid_peak,116.6,44.08397235862348
2025-06-28 10:00:00,48.1696581971645,8.4729,126.34,mid_peak,116.6,39.6967581971645
2025-06-28 11:00:00,48.33786674901003,7.5005999999999995,126.34,mid_peak,116.6,40.837266749010034
2025-06-28 12:00:00,47.691387798599116,5.4171,116.78,mid_peak,116.6,42.27428779859912
2025-06-28 13:00:00,48.77815457135224,7.222799999999999,126.33,mid_peak,116.6,41.55535457135224
2025-06-28 14:00:00,49.44401238718314,12.7788,126.28,mid_peak,116.6,36.665212387183146
2025-06-28 15:00:00,50.239321024019596,10.4175,126.35,mid_peak,116.6,39.8218210240196
2025-06-28 16:00:00,51.67413221971577,15.140100000000002,116.32,mid_peak,116.6,36.53403221971577
2025-06-28 17:00:00,53.224441453315094,11.112,116.47,mid_peak,116.6,42.11244145331509
2025-06-28 18:00:00,54.91040274485435,10.4175,116.47,mid_peak,116.6,44.49290274485435
2025-06-28 19:00:00,55.53052643829408,3.6113999999999997,133.14,mid_peak,116.6,51.919126438294086
2025-06-28 20:00:00,55.18480747920143,0.8333999999999999,133.13,mid_peak,116.6,54.351407479201434
2025-06-28 21:00:00,53.03142795373198,0.0,132.34,mid_peak,116.6,53.03142795373198
2025-06-28 22:00:00,51.453988308544666,0.0,107.13,off_peak,90.8,51.453988308544666
2025-06-28 23:00:00,49.0843406449881,0.0,106.28,off_peak,90.8,49.0843406449881
2025-06-29 00:00:00,45.88682785068951,0.0,106.65,off_peak,90.8,45.88682785068951
2025-06-29 01:00:00,43.789259457629626,0.0,96.07,off_peak,90.8,43.789259457629626
2025-06-29 02:00:00,42.39165568353984,0.0,95.54,off_peak,90.8,42.39165568353984
2025-06-29 03:00:00,41.61107498442258,0.0,84.77,off_peak,90.8,41.61107498442258
2025-06-29 04:00:00,41.20101819213556,0.0,84.77,off_peak,90.8,41.20101819213556
2025-06-29 05:00:00,40.97699850788045,0.0,84.77,off_peak,90.8,40.97699850788045
2025-06-29 06:00:00,41.29248643691792,0.2778,84.98,off_peak,90.8,41.01468643691792
2025-06-29 07:00:00,41.23745045912514,0.9723,96.03,off_peak,90.8,40.265150459125145
2025-06-29 08:00:00,41.17001200746357,6.2505,96.59,off_peak,90.8,34.91951200746357
2025-06-29 09:00:00,41.58782034591859,8.334,96.95,off_peak,90.8,33.253820345918584
2025-06-29 10:00:00,42.31103960339267,10.5564,126.2,off_peak,90.8,31.754639603392672
2025-06-29 11:00:00,42.50947918529339,18.334799999999998,106.94,off_peak,90.8,24.17467918529339
2025-06-29 12:00:00,42.833493815115645,11.6676,106.44,off_peak,90.8,31.165893815115645
2025-06-29 13:00:00,43.88227801164558,14.5845,106.44,off_peak,90.8,29.297778011645583
2025-06-29 14:00:00,44.85199643726196,15.140100000000002,103.43,off_peak,90.8,29.711896437261956
2025-06-29 15:00:00,46.38215165082449,26.529899999999998,126.18,off_peak,90.8,19.852251650824492
2025-06-29 16:00:00,49.19751321904086,21.1128,107.61,off_peak,90.8,28.084713219040857
2025-06-29 17:00:00,52.60896868757616,18.195899999999998,107.82,off_peak,90.8,34.41306868757616
2025-06-29 18:00:00,55.21968943695742,9.167399999999999,113.99,off_peak,90.8,46.052289436957416
2025-06-29 19:00:00,56.03127632074666,8.8896,133.07,off_peak,90.8,47.14167632074666
2025-06-29 20:00:00,55.661527568533224,2.3613,154.55,off_peak,90.8,53.300227568533224
2025-06-29 21:00:00,53.73526834578607,0.0,133.03,off_peak,90.8,53.73526834578607
2025-06-29 22:00:00,51.20128790346798,0.0,112.95,off_peak,90.8,51.20128790346798
2025-06-29 23:00:00,48.38127540755081,0.0,111.69,off_peak,90.8,48.38127540755081
2025-06-30 00:00:00,45.39227920517132,0.0,105.55,off_peak,90.8,45.39227920517132
2025-06-30 01:00:00,43.35439771760501,0.0,95.1,off_peak,90.8,43.35439771760501
2025-06-30 02:00:00,42.208719193975114,0.0,94.65,off_peak,90.8,42.208719193975114
2025-06-30 03:00:00,41.60564890210498,0.0,94.8,off_peak,90.8,41.60564890210498
2025-06-30 04:00:00,41.80718910247289,0.0,94.84,off_peak,90.8,41.80718910247289
2025-06-30 05:00:00,42.924962059898,0.0,94.79,off_peak,90.8,42.924962059898
2025-06-30 06:00:00,45.87365022220391,0.6945,95.53,off_peak,90.8,45.179150222203916
2025-06-30 07:00:00,50.13932607845244,3.7502999999999997,106.44,off_peak,90.8,46.38902607845244
2025-06-30 08:00:00,55.405726544989335,4.8614999999999995,125.67,mid_peak,116.6,50.544226544989336
2025-06-30 09:00:00,58.520297795290375,8.8896,171.07,mid_peak,116.6,49.630697795290374
2025-06-30 10:00:00,59.221037568877264,12.084299999999999,128.93,mid_peak,116.6,47.136737568877265
2025-06-30 11:00:00,58.689281501752696,24.8631,131.87,on_peak,150.1,33.8261815017527
2025-06-30 12:00:00,57.82653441325468,27.3633,129.0,mid_peak,116.6,30.46323441325468
2025-06-30 13:00:00,60.573682375192675,21.6684,137.19,on_peak,150.1,38.90528237519268
2025-06-30 14:00:00,62.19375552430396,35.2806,156.39,on_peak,150.1,26.91315552430396
2025-06-30 15:00:00,63.189829206891524,19.445999999999998,156.39,on_peak,150.1,43.743829206891526
2025-06-30 16:00:00,64.855636478394,22.918499999999998,156.39,on_peak,150.1,41.93713647839401
2025-06-30 17:00:00,65.57497996278408,13.6122,128.99,on_peak,150.1,51.96277996278408
2025-06-30 18:00:00,66.35246004343414,8.334,128.98,mid_peak,116.6,58.01846004343413
2025-06-30 19:00:00,66.02611994976148,11.112,128.99,mid_peak,116.6,54.91411994976148
2025-06-30 20:00:00,64.02854650226875,1.9446,126.56,mid_peak,116.6,62.08394650226875
2025-06-30 21:00:00,60.98141370362929,0.0,125.73,mid_peak,116.6,60.98141370362929
2025-06-30 22:00:00,58.13969687844174,0.0,125.69,off_peak,90.8,58.13969687844174
2025-06-30 23:00:00,54.72824140990643,0.0,114.87,off_peak,90.8,54.72824140990643
2025-07-01 00:00:00,50.82766337817054,0.0,131.98,off_peak,90.8,50.82766337817054
2025-07-01 01:00:00,48.737846531278656,0.0,98.24,off_peak,90.8,48.737846531278656
2025-07-01 02:00:00,47.38752718881365,0.0,105.04,off_peak,90.8,47.38752718881365
2025-07-01 03:00:00,46.509277007979634,0.0,92.69,off_peak,90.8,46.509277007979634
2025-07-01 04:00:00,46.47206958637325,0.0,91.37,off_peak,90.8,46.47206958637325
2025-07-01 05:00:00,47.35187007644086,0.0,92.69,off_peak,90.8,47.35187007644086
2025-07-01 06:00:00,49.94243680578533,0.2778,116.94,off_peak,90.8,49.66463680578533
2025-07-01 07:00:00,54.242219465173044,1.8056999999999999,118.33,off_peak,90.8,52.43651946517304
2025-07-01 08:00:00,59.32955921522922,4.3059,121.02,mid_peak,116.6,55.023659215229216
2025-07-01 09:00:00,62.821630763911685,9.0285,122.54,mid_peak,116.6,53.793130763911684
2025-07-01 10:00:00,63.91459877359921,14.0289,129.22,mid_peak,116.6,49.88569877359921
2025-07-01 11:00:00,63.2564925039363,22.918499999999998,147.6,on_peak,150.1,40.337992503936306
2025-07-01 12:00:00,61.50851884305306,24.4464,141.85,mid_peak,116.6,37.06211884305306
2025-07-01 13:00:00,63.727786510950494,34.3083,141.85,on_peak,150.1,29.41948651095049
2025-07-01 14:00:00,65.36723852548177,39.3087,129.22,on_peak,150.1,26.058538525481765
2025-07-01 15:00:00,66.27106880867018,24.8631,129.22,on_peak,150.1,41.40796880867018
2025-07-01 16:00:00,67.73223526133754,25.002,122.54,on_peak,150.1,42.73023526133754
2025-07-01 17:00:00,68.34615771784287,19.5849,124.67,on_peak,150.1,48.76125771784287
2025-07-01 18:00:00,69.15076821008091,15.695699999999997,124.64,mid_peak,116.6,53.45506821008092
2025-07-01 19:00:00,68.61668667910595,4.7226,125.66,mid_peak,116.6,63.89408667910595
2025-07-01 20:00:00,66.78499631960835,1.1112,125.15,mid_peak,116.6,65.67379631960836
2025-07-01 21:00:00,63.33323281099946,0.0,121.04,mid_peak,116.6,63.33323281099946
2025-07-01 22:00:00,60.35818939172237,0.0,121.01,off_peak,90.8,60.35818939172237
2025-07-01 23:00:00,56.66612795190559,0.0,120.97,off_peak,90.8,56.66612795190559
2025-07-02 00:00:00,52.440760135730635,0.0,131.98,off_peak,90.8,52.440760135730635
2025-07-02 01:00:00,50.12614844996685,0.0,98.88,off_peak,90.8,50.12614844996685
2025-07-02 02:00:00,48.73552106742826,0.0,98.28,off_peak,90.8,48.73552106742826
2025-07-02 03:00:00,47.730920684055896,0.0,92.8,off_peak,90.8,47.730920684055896
2025-07-02 04:00:00,47.56348728682717,0.0,92.8,off_peak,90.8,47.56348728682717
2025-07-02 05:00:00,48.31926303820684,0.0,92.8,off_peak,90.8,48.31926303820684
2025-07-02 06:00:00,51.00904955850166,0.5556,109.67,off_peak,90.8,50.45344955850166
2025-07-02 07:00:00,55.07396036899908,3.8892,118.92,off_peak,90.8,51.18476036899908
2025-07-02 08:00:00,59.88146930239058,5.556,121.35,mid_peak,116.6,54.32546930239058
2025-07-02 09:00:00,62.77589664152051,10.0008,121.48,mid_peak,116.6,52.77509664152051
2025-07-02 10:00:00,63.22936209234831,17.3625,128.53,mid_peak,116.6,45.86686209234831
2025-07-02 11:00:00,62.58753406963819,14.1678,129.28,on_peak,150.1,48.41973406963819
2025-07-02 12:00:00,61.37364193972992,26.2521,128.8,mid_peak,116.6,35.12154193972992
2025-07-02 13:00:00,64.38434247137981,27.779999999999998,145.12,on_peak,150.1,36.60434247137981
2025-07-02 14:00:00,65.62226439440886,15.140100000000002,156.17,on_peak,150.1,50.482164394408855
2025-07-02 15:00:00,66.24858932478298,18.057,147.8,on_peak,150.1,48.19158932478298
2025-07-02 16:00:00,67.85393453617509,19.3071,147.8,on_peak,150.1,48.54683453617509
2025-07-02 17:00:00,68.5182420427724,19.1682,128.37,on_peak,150.1,49.3500420427724
2025-07-02 18:00:00,69.04224656372897,15.001199999999999,128.37,mid_peak,116.6,54.04104656372897
2025-07-02 19:00:00,68.7205573977571,6.3894,128.37,mid_peak,116.6,62.3311573977571
2025-07-02 20:00:00,66.9221986867819,1.389,122.62,mid_peak,116.6,65.5331986867819
2025-07-02 21:00:00,63.77119516949127,0.0,121.54,mid_peak,116.6,63.77119516949127
2025-07-02 22:00:00,60.61941649758385,0.0,121.48,off_peak,90.8,60.61941649758385
2025-07-02 23:00:00,57.096338764229394,0.0,121.48,off_peak,90.8,57.096338764229394
2025-07-03 00:00:00,52.851592082634454,0.0,115.69,off_peak,90.8,52.851592082634454
2025-07-03 01:00:00,50.4548140074899,0.0,115.86,off_peak,90.8,50.4548140074899
2025-07-03 02:00:00,49.04790837799852,0.0,115.86,off_peak,90.8,49.04790837799852
2025-07-03 03:00:00,48.15725572329571,0.0,115.86,off_peak,90.8,48.15725572329571
2025-07-03 04:00:00,47.93168572980701,0.0,115.86,off_peak,90.8,47.93168572980701
2025-07-03 05:00:00,48.59444292717072,0.0,115.86,off_peak,90.8,48.59444292717072
2025-07-03 06:00:00,51.1501276987592,0.1389,117.43,off_peak,90.8,51.0112276987592
2025-07-03 07:00:00,55.449910358146916,1.2501,118.31,off_peak,90.8,54.19981035814691
2025-07-03 08:00:00,60.40779928719755,2.5002,120.07,mid_peak,116.6,57.90759928719755
2025-07-03 09:00:00,62.86426426783567,5.4171,120.91,mid_peak,116.6,57.447164267835674
2025-07-03 10:00:00,63.21463415462912,9.8619,123.07,mid_peak,116.6,53.35273415462912
2025-07-03 11:00:00,62.144920783445585,11.8065,127.6,on_peak,150.1,50.338420783445585
2025-07-03 12:00:00,60.18145413909205,10.9731,127.43,mid_peak,116.6,49.208354139092044
2025-07-03 13:00:00,62.810778599276496,12.639899999999999,129.88,on_peak,150.1,50.1708785992765
2025-07-03 14:00:00,64.40914741911739,31.8081,132.43,on_peak,150.1,32.60104741911739
2025-07-03 15:00:00,65.65249542446405,36.114,147.22,on_peak,150.1,29.538495424464053
2025-07-03 16:00:00,67.68960175741356,26.668799999999997,147.22,on_peak,150.1,41.02080175741356
2025-07-03 17:00:00,68.42057256105564,22.5018,147.21,on_peak,150.1,45.91877256105563
2025-07-03 18:00:00,69.06860182070015,10.5564,130.46,mid_peak,116.6,58.512201820700156
2025-07-03 19:00:00,68.54924822744438,4.8614999999999995,130.46,mid_peak,116.6,63.68774822744438
2025-07-03 20:00:00,66.6826759101908,1.8056999999999999,128.37,mid_peak,116.6,64.8769759101908
2025-07-03 21:00:00,63.29059930707548,0.0,120.6,mid_peak,116.6,63.29059930707548
2025-07-03 22:00:00,60.2760230023416,0.0,120.6,off_peak,90.8,60.2760230023416
2025-07-03 23:00:00,56.61341743796321,0.0,120.54,off_peak,90.8,56.61341743796321
2025-07-04 00:00:00,52.45548807344983,0.0,131.98,off_peak,90.8,52.45548807344983
2025-07-04 01:00:00,50.14397700615324,0.0,115.75,off_peak,90.8,50.14397700615324
2025-07-04 02:00:00,48.49909890930436,0.0,115.75,off_peak,90.8,48.49909890930436
2025-07-04 03:00:00,47.7254946017383,0.0,115.75,off_peak,90.8,47.7254946017383
2025-07-04 04:00:00,47.44566378507362,0.0,115.75,off_peak,90.8,47.44566378507362
2025-07-04 05:00:00,48.00765088225337,0.0,115.75,off_peak,90.8,48.00765088225337
2025-07-04 06:00:00,50.25017318865479,0.5556,115.9,off_peak,90.8,49.69457318865479
2025-07-04 07:00:00,53.99261967856356,3.3335999999999997,118.43,off_peak,90.8,50.65901967856356
2025-07-04 08:00:00,58.63502067857672,8.334,121.44,mid_peak,116.6,50.30102067857672
2025-07-04 09:00:00,61.23023833562198,6.8061,128.61,mid_peak,116.6,54.42413833562198
2025-07-04 10:00:00,61.98523893238485,8.1951,128.68,mid_peak,116.6,53.79013893238485
2025-07-04 11:00:00,61.49146544148347,7.917299999999999,128.68,on_peak,150.1,53.57416544148347
2025-07-04 12:00:00,60.14812249056966,3.4724999999999997,123.35,mid_peak,116.6,56.675622490569666
2025-07-04 13:00:00,62.3363839737951,5.8338,130.99,on_peak,150.1,56.5025839737951
2025-07-04 14:00:00,64.00916763684877,21.807299999999998,132.68,on_peak,150.1,42.201867636848775
2025-07-04 15:00:00,64.81145266523642,29.7246,132.37,on_peak,150.1,35.08685266523642
2025-07-04 16:00:00,65.82613005862717,4.4448,132.37,on_peak,150.1,61.38133005862717
2025-07-04 17:00:00,65.50521604727211,2.9169,132.37,on_peak,150.1,62.588316047272116
2025-07-04 18:00:00,65.56180233429849,2.3613,143.28,mid_peak,116.6,63.20050233429849
2025-07-04 19:00:00,65.59745944667127,1.1112,143.29,mid_peak,116.6,64.48625944667127
2025-07-04 20:00:00,64.1727252609935,0.41669999999999996,132.39,mid_peak,116.6,63.7560252609935
2025-07-04 21:00:00,61.22016132560359,0.0,121.51,mid_peak,116.6,61.22016132560359
2025-07-04 22:00:00,58.717962222574286,0.0,121.44,off_peak,90.8,58.717962222574286
2025-07-04 23:00:00,55.657651795449226,0.0,121.44,off_peak,90.8,55.657651795449226
2025-07-05 00:00:00,51.92450716094206,0.0,117.69,off_peak,90.8,51.92450716094206
2025-07-05 01:00:00,49.552534033535096,0.0,113.97,off_peak,90.8,49.552534033535096
2025-07-05 02:00:00,47.86037150506144,0.0,117.69,off_peak,90.8,47.86037150506144
2025-07-05 03:00:00,46.78755751541071,0.0,92.76,off_peak,90.8,46.78755751541071
2025-07-05 04:00:00,46.22246979976376,0.0,92.45,off_peak,90.8,46.22246979976376
2025-07-05 05:00:00,46.06511341255343,0.0,92.77,off_peak,90.8,46.06511341255343
2025-07-05 06:00:00,46.69918988909555,0.2778,112.11,off_peak,90.8,46.42138988909555
2025-07-05 07:00:00,47.2650527593593,2.5002,117.69,off_peak,90.8,44.7648527593593
2025-07-05 08:00:00,48.74017199512905,4.7226,120.08,mid_peak,116.6,44.01757199512905
2025-07-05 09:00:00,50.38349978274434,10.6953,120.87,mid_peak,116.6,39.688199782744334
2025-07-05 10:00:00,51.1447016164416,10.5564,120.82,mid_peak,116.6,40.5883016164416
2025-07-05 11:00:00,50.88579997443051,9.8619,120.65,mid_peak,116.6,41.02389997443051
2025-07-05 12:00:00,50.2385458694028,16.668,120.53,mid_peak,116.6,33.5705458694028
2025-07-05 13:00:00,51.25709903587755,23.1963,120.53,mid_peak,116.6,28.06079903587755
2025-07-05 14:00:00,52.35316766403227,27.0855,120.53,mid_peak,116.6,25.26766766403227
2025-07-05 15:00:00,53.78255277741085,37.3641,120.53,mid_peak,116.6,16.41845277741085
2025-07-05 16:00:00,55.75687158639958,30.558000000000003,120.65,mid_peak,116.6,25.19887158639958
2025-07-05 17:00:00,57.80948101168509,13.6122,131.75,mid_peak,116.6,44.197281011685085
2025-07-05 18:00:00,59.8264333245978,12.2232,131.74,mid_peak,116.6,47.6032333245978
2025-07-05 19:00:00,60.38531980331035,5.2782,137.63,mid_peak,116.6,55.107119803310354
2025-07-05 20:00:00,59.95278352713614,0.5556,137.65,mid_peak,116.6,59.39718352713614
2025-07-05 21:00:00,57.683905963763536,0.0,131.75,mid_peak,116.6,57.683905963763536
2025-07-05 22:00:00,55.37317005108375,0.0,131.75,off_peak,90.8,55.37317005108375
2025-07-05 23:00:00,52.561684255951384,0.0,117.69,off_peak,90.8,52.561684255951384
2025-07-06 00:00:00,49.106044974258495,0.0,118.03,off_peak,90.8,49.106044974258495
2025-07-06 01:00:00,46.71391782681474,0.0,118.03,off_peak,90.8,46.71391782681474
2025-07-06 02:00:00,45.086093131535456,0.0,93.0,off_peak,90.8,45.086093131535456
2025-07-06 03:00:00,44.14195480827347,0.0,88.67,off_peak,90.8,44.14195480827347
2025-07-06 04:00:00,43.716394923650455,0.0,87.99,off_peak,90.8,43.716394923650455
2025-07-06 05:00:00,43.64585585352169,0.0,88.3,off_peak,90.8,43.64585585352169
2025-07-06 06:00:00,44.00010151339913,0.0,91.99,off_peak,90.8,44.00010151339913
2025-07-06 07:00:00,44.464419128862126,0.9723,114.3,off_peak,90.8,43.49211912886213
2025-07-06 08:00:00,45.23182219949379,2.2224,118.03,off_peak,90.8,43.00942219949379
2025-07-06 09:00:00,46.19068846047497,2.778,121.23,off_peak,90.8,43.412688460474975
2025-07-06 10:00:00,46.8170133908491,7.222799999999999,121.0,off_peak,90.8,39.5942133908491
2025-07-06 11:00:00,46.95266544878904,14.445599999999999,120.71,off_peak,90.8,32.50706544878904
2025-07-06 12:00:00,47.77742996106387,35.41949999999999,120.65,off_peak,90.8,12.357929961063881
2025-07-06 13:00:00,49.29905847384161,37.0863,120.65,off_peak,90.8,12.21275847384161
2025-07-06 14:00:00,50.75479884419137,33.752700000000004,120.48,off_peak,90.8,17.002098844191366
2025-07-06 15:00:00,52.45083714574903,24.7242,120.48,off_peak,90.8,27.726637145749027
2025-07-06 16:00:00,54.904976662536754,16.3902,120.65,off_peak,90.8,38.514776662536754
2025-07-06 17:00:00,57.689332046081134,10.9731,135.31,off_peak,90.8,46.71623204608113
2025-07-06 18:00:00,59.98689033027533,10.1397,135.31,off_peak,90.8,49.84719033027533
2025-07-06 19:00:00,61.00854411521728,6.5283,135.34,off_peak,90.8,54.48024411521728
2025-07-06 20:00:00,60.69925742311422,1.5279,135.31,off_peak,90.8,59.171357423114216
2025-07-06 21:00:00,58.33426068725845,0.0,121.23,off_peak,90.8,58.33426068725845
2025-07-06 22:00:00,55.44138365736212,0.0,120.73,off_peak,90.8,55.44138365736212
2025-07-06 23:00:00,52.263249728483515,0.0,121.0,off_peak,90.8,52.263249728483515
2025-07-07 00:00:00,48.81071106525783,0.0,118.34,off_peak,90.8,48.81071106525783
2025-07-07 01:00:00,46.561987521922006,0.0,114.82,off_peak,90.8,46.561987521922006
2025-07-07 02:00:00,45.12485086237544,0.0,112.96,off_peak,90.8,45.12485086237544
2025-07-07 03:00:00,44.51015325125331,0.0,92.88,off_peak,90.8,44.51015325125331
2025-07-07 04:00:00,44.66130840152924,0.0,92.88,off_peak,90.8,44.66130840152924
2025-07-07 05:00:00,45.78605775050555,0.0,92.88,off_peak,90.8,45.78605775050555
2025-07-07 06:00:00,49.13627600431368,0.1389,114.82,off_peak,90.8,48.99737600431368
2025-07-07 07:00:00,54.608092444302486,0.8333999999999999,118.36,off_peak,90.8,53.77469244430249
2025-07-07 08:00:00,61.155048337792415,2.5002,121.11,mid_peak,116.6,58.654848337792416
2025-07-07 09:00:00,64.30062577276544,3.4724999999999997,125.93,mid_peak,116.6,60.828125772765446
2025-07-07 10:00:00,64.69207885424927,4.583699999999999,127.6,mid_peak,116.6,60.108378854249274
2025-07-07 11:00:00,63.78359764336007,4.583699999999999,130.48,on_peak,150.1,59.19989764336007
2025-07-07 12:00:00,62.5619539672838,6.2505,127.54,mid_peak,116.6,56.311453967283796
2025-07-07 13:00:00,65.67730037220164,19.8627,134.39,on_peak,150.1,45.81460037220164
2025-07-07 14:00:00,67.51829258710083,28.752299999999995,134.39,on_peak,150.1,38.76599258710084
2025-07-07 15:00:00,68.87403801188344,23.7519,151.58,on_peak,150.1,45.12213801188344
2025-07-07 16:00:00,71.0157902181009,19.3071,134.33,on_peak,150.1,51.708690218100905
2025-07-07 17:00:00,71.80412246338615,21.6684,134.3,on_peak,150.1,50.13572246338615
2025-07-07 18:00:00,72.3792871890515,13.889999999999999,129.54,mid_peak,116.6,58.489287189051495
2025-07-07 19:00:00,71.82195101957255,4.8614999999999995,128.29,mid_peak,116.6,66.96045101957256
2025-07-07 20:00:00,69.45772943833359,1.2501,122.61,mid_peak,116.6,68.20762943833358
2025-07-07 21:00:00,65.81372758475838,0.0,121.12,mid_peak,116.6,65.81372758475838
2025-07-07 22:00:00,62.46428448556704,0.0,121.07,off_peak,90.8,62.46428448556704
2025-07-07 23:00:00,58.58773624695194,0.0,121.05,off_peak,90.8,58.58773624695194
2025-07-08 00:00:00,54.15540214809148,0.0,131.98,off_peak,90.8,54.15540214809148
2025-07-08 01:00:00,51.70513840438775,0.0,115.01,off_peak,90.8,51.70513840438775
2025-07-08 02:00:00,50.164131026190034,0.0,118.13,off_peak,90.8,50.164131026190034
2025-07-08 03:00:00,49.11844744812729,0.0,111.29,off_peak,90.8,49.11844744812729
2025-07-08 04:00:00,48.83629116761221,0.0,111.29,off_peak,90.8,48.83629116761221
2025-07-08 05:00:00,49.57346320818869,0.0,113.15,off_peak,90.8,49.57346320818869
2025-07-08 06:00:00,52.19968704990594,0.5556,115.62,off_peak,90.8,51.64408704990594
2025-07-08 07:00:00,56.590162799459215,5.4171,121.05,off_peak,90.8,51.17306279945922
2025-07-08 08:00:00,61.68525409568338,13.889999999999999,126.94,mid_peak,116.6,47.79525409568338
2025-07-08 09:00:00,65.00911709252033,24.4464,127.15,mid_peak,116.6,40.56271709252033
2025-07-08 10:00:00,66.39586870197492,33.4749,127.56,mid_peak,116.6,32.92096870197492
2025-07-08 11:00:00,66.2106067485598,40.4199,127.53,on_peak,150.1,25.7907067485598
2025-07-08 12:00:00,65.28352182686741,45.0036,126.18,mid_peak,116.6,20.279921826867415
2025-07-08 13:00:00,68.44305204494283,25.9743,142.79,on_peak,150.1,42.46875204494283
2025-07-08 14:00:00,69.98716004160775,36.9474,152.78,on_peak,150.1,33.03976004160775
2025-07-08 15:00:00,71.35918371334314,33.6138,153.06,on_peak,150.1,37.745383713343145
2025-07-08 16:00:00,73.61488364823016,18.6126,141.46,on_peak,150.1,55.00228364823016
2025-07-08 17:00:00,74.16291796230752,19.5849,135.41,on_peak,150.1,54.57801796230751
2025-07-08 18:00:00,73.40946767477826,11.528699999999999,135.41,mid_peak,116.6,61.880767674778255
2025-07-08 19:00:00,72.10798307317162,3.7502999999999997,135.41,mid_peak,116.6,68.35768307317163
2025-07-08 20:00:00,69.62671314479591,1.2501,132.44,mid_peak,116.6,68.37661314479591
2025-07-08 21:00:00,66.06642798983506,0.0,123.54,mid_peak,116.6,66.06642798983506
2025-07-08 22:00:00,62.88751890633966,0.0,122.8,off_peak,90.8,62.88751890633966
2025-07-08 23:00:00,59.045077470863745,0.0,122.24,off_peak,90.8,59.045077470863745
2025-07-09 00:00:00,54.68095697828165,0.0,131.98,off_peak,90.8,54.68095697828165
2025-07-09 01:00:00,52.055508291181205,0.0,114.03,off_peak,90.8,52.055508291181205
2025-07-09 02:00:00,50.378848855043536,0.0,117.21,off_peak,90.8,50.378848855043536
2025-07-09 03:00:00,49.33859135929839,0.0,112.17,off_peak,90.8,49.33859135929839
2025-07-09 04:00:00,49.11069590195929,0.0,110.31,off_peak,90.8,49.11069590195929
2025-07-09 05:00:00,49.86569649872216,0.0,114.03,off_peak,90.8,49.86569649872216
2025-07-09 06:00:00,52.40277755950745,0.5556,117.73,off_peak,90.8,51.84717755950745
2025-07-09 07:00:00,56.29482889045855,4.4448,120.78,off_peak,90.8,51.850028890458546
2025-07-09 08:00:00,60.68220402154463,14.8623,127.9,mid_peak,116.6,45.81990402154463
2025-07-09 09:00:00,63.18905405227473,28.0578,127.61,mid_peak,116.6,35.13125405227473
2025-07-09 10:00:00,63.656472286204924,31.946999999999996,128.8,mid_peak,116.6,31.709472286204928
2025-07-09 11:00:00,63.0146442634948,42.3645,128.46,on_peak,150.1,20.650144263494802
2025-07-09 12:00:00,61.54107533695865,41.114399999999996,128.29,mid_peak,116.6,20.426675336958652
2025-07-09 13:00:00,64.32853133897022,28.196699999999996,143.81,on_peak,150.1,36.13183133897023
2025-07-09 14:00:00,66.16332231693502,44.7258,142.47,on_peak,150.1,21.437522316935024
2025-07-09 15:00:00,67.5996838218648,34.0305,159.98,on_peak,150.1,33.5691838218648
2025-07-09 16:00:00,69.84840736520061,22.224,134.4,on_peak,150.1,47.62440736520061
2025-07-09 17:00:00,70.75998919455701,17.5014,134.39,on_peak,150.1,53.258589194557004
2025-07-09 18:00:00,71.84520565807654,12.501,134.39,mid_peak,116.6,59.34420565807654
2025-07-09 19:00:00,71.61265927303664,3.8892,134.39,mid_peak,116.6,67.72345927303664
2025-07-09 20:00:00,69.59725726935753,0.6945,129.57,mid_peak,116.6,68.90275726935752
2025-07-09 21:00:00,66.07417953600306,0.0,123.15,mid_peak,116.6,66.07417953600306
2025-07-09 22:00:00,62.76116870380132,0.0,122.14,off_peak,90.8,62.76116870380132
2025-07-09 23:00:00,58.87376830055101,0.0,122.14,off_peak,90.8,58.87376830055101
2025-07-10 00:00:00,54.42128018165376,0.0,131.98,off_peak,90.8,54.42128018165376
2025-07-10 01:00:00,51.74312098061094,0.0,113.74,off_peak,90.8,51.74312098061094
2025-07-10 02:00:00,49.997472783578104,0.0,117.09,off_peak,90.8,49.997472783578104
2025-07-10 03:00:00,48.82233838450982,0.0,111.88,off_peak,90.8,48.82233838450982
2025-07-10 04:00:00,48.487471590052365,0.0,110.02,off_peak,90.8,48.487471590052365
2025-07-10 05:00:00,49.198288373657654,0.0,113.74,off_peak,90.8,49.198288373657654
2025-07-10 06:00:00,51.5927409849518,0.5556,117.09,off_peak,90.8,51.037140984951805
2025-07-10 07:00:00,55.328986237926166,5.4171,120.73,off_peak,90.8,49.91188623792617
2025-07-10 08:00:00,59.771397346805024,16.112399999999997,123.39,mid_peak,116.6,43.65899734680502
2025-07-10 09:00:00,61.89919676992009,27.641099999999998,127.31,mid_peak,116.6,34.25809676992009
2025-07-10 10:00:00,62.08600903256881,35.14169999999999,127.13,mid_peak,116.6,26.944309032568817
2025-07-10 11:00:00,61.00079256904929,42.6423,143.51,on_peak,150.1,18.35849256904929
2025-07-10 12:00:00,59.57683353798831,47.6427,126.4,mid_peak,116.6,11.93413353798831
2025-07-10 13:00:00,62.610013553525384,49.3095,128.45,on_peak,150.1,13.300513553525384
2025-07-10 14:00:00,64.67890122576368,48.337199999999996,134.05,on_peak,150.1,16.341701225763686
2025-07-10 15:00:00,66.25401540710058,44.3091,156.91,on_peak,150.1,21.94491540710058
2025-07-10 16:00:00,68.53529544434198,37.9197,134.03,on_peak,150.1,30.615595444341984
2025-07-10 17:00:00,69.57012685776954,29.5857,133.98,on_peak,150.1,39.984426857769535
2025-07-10 18:00:00,70.31970137221481,19.7238,127.06,mid_peak,116.6,50.59590137221481
2025-07-10 19:00:00,69.69105097799029,9.5841,133.9,mid_peak,116.6,60.10695097799029
2025-07-10 20:00:00,67.44077712542087,2.0835,126.52,mid_peak,116.6,65.35727712542086
2025-07-10 21:00:00,63.84328454885364,0.0,121.15,mid_peak,116.6,63.84328454885364
2025-07-10 22:00:00,60.58686000367827,0.0,121.09,off_peak,90.8,60.58686000367827
2025-07-10 23:00:00,56.98626680864384,0.0,121.09,off_peak,90.8,56.98626680864384
2025-07-11 00:00:00,52.57951281213777,0.0,118.36,off_peak,90.8,52.57951281213777
2025-07-11 01:00:00,50.02770381363329,0.0,115.01,off_peak,90.8,50.02770381363329
2025-07-11 02:00:00,48.37739963446681,0.0,109.44,off_peak,90.8,48.37739963446681
2025-07-11 03:00:00,47.30923657251688,0.0,92.84,off_peak,90.8,47.30923657251688
2025-07-11 04:00:00,47.05653616744019,0.0,107.74,off_peak,90.8,47.05653616744019
2025-07-11 05:00:00,47.62084872847034,0.0,109.44,off_peak,90.8,47.62084872847034
2025-07-11 06:00:00,49.82073753094778,0.41669999999999996,111.29,off_peak,90.8,49.40403753094778
2025-07-11 07:00:00,52.880272803456045,6.667199999999999,121.8,off_peak,90.8,46.21307280345604
2025-07-11 08:00:00,56.60101496409441,17.084699999999998,120.52,mid_peak,116.6,39.51631496409441
2025-07-11 09:00:00,58.82028263199184,26.9466,121.38,mid_peak,116.6,31.873682631991837
2025-07-11 10:00:00,59.496992612457944,35.8362,121.23,mid_peak,116.6,23.660792612457946
2025-07-11 11:00:00,58.63424552395992,42.9201,121.68,on_peak,150.1,15.714145523959921
2025-07-11 12:00:00,57.03355124026862,48.198299999999996,121.68,mid_peak,116.6,8.835251240268626
2025-07-11 13:00:00,60.10083805894488,49.8651,144.2,on_peak,150.1,10.235738058944882
2025-07-11 14:00:00,62.27514675906793,49.0317,121.68,on_peak,150.1,13.243446759067929
2025-07-11 15:00:00,63.973510524475984,44.8647,125.89,on_peak,150.1,19.108810524475984
2025-07-11 16:00:00,66.46330715363649,38.4753,125.89,on_peak,150.1,27.988007153636495
2025-07-11 17:00:00,67.31365176826571,29.7246,125.71,on_peak,150.1,37.58905176826572
2025-07-11 18:00:00,67.5981335126312,19.8627,122.95,mid_peak,116.6,47.73543351263119
2025-07-11 19:00:00,67.10125940326262,9.5841,132.92,mid_peak,116.6,57.51715940326262
2025-07-11 20:00:00,65.56645326199929,2.0835,122.78,mid_peak,116.6,63.482953261999285
2025-07-11 21:00:00,62.23561387361114,0.0,121.65,mid_peak,116.6,62.23561387361114
2025-07-11 22:00:00,59.3597902452844,0.0,121.61,off_peak,90.8,59.3597902452844
2025-07-11 23:00:00,55.995619208373874,0.0,121.62,off_peak,90.8,55.995619208373874
2025-07-12 00:00:00,51.917530769390865,0.0,125.92,off_peak,90.8,51.917530769390865
2025-07-12 01:00:00,49.25720012453443,0.0,122.2,off_peak,90.8,49.25720012453443
2025-07-12 02:00:00,47.372799251094456,0.0,92.99,off_peak,90.8,47.372799251094456
2025-07-12 03:00:00,46.206191552810964,0.0,89.84,off_peak,90.8,46.206191552810964
2025-07-12 04:00:00,45.71241806190958,0.0,89.16,off_peak,90.8,45.71241806190958
2025-07-12 05:00:00,45.47212013070168,0.0,92.58,off_peak,90.8,45.47212013070168
2025-07-12 06:00:00,45.800010533607946,0.41669999999999996,120.34,off_peak,90.8,45.38331053360795
2025-07-12 07:00:00,45.85969743910152,6.2505,122.47,off_peak,90.8,39.609197439101514
2025-07-12 08:00:00,46.124800318047,17.2236,128.57,mid_peak,116.6,28.901200318047
2025-07-12 09:00:00,47.47589481512881,27.0855,118.07,mid_peak,116.6,20.39039481512881
2025-07-12 10:00:00,48.50142437315476,36.391799999999996,120.22,mid_peak,116.6,12.109624373154766
2025-07-12 11:00:00,48.43011014840919,43.614599999999996,120.22,mid_peak,116.6,4.815510148409196
2025-07-12 12:00:00,48.07896510699894,48.7539,120.22,mid_peak,116.6,0.0
2025-07-12 13:00:00,49.68663578224144,50.0,123.33,mid_peak,116.6,0.0
2025-07-12 14:00:00,51.00517378541766,49.1706,123.33,mid_peak,116.6,1.8345737854176605
2025-07-12 15:00:00,52.45161230036583,44.0313,123.33,mid_peak,116.6,8.42031230036583
2025-07-12 16:00:00,54.96311325879673,37.7808,123.33,mid_peak,116.6,17.182313258796732
2025-07-12 17:00:00,57.252919996822925,28.891199999999998,135.27,mid_peak,116.6,28.361719996822927
2025-07-12 18:00:00,59.27142261896924,17.2236,135.28,mid_peak,116.6,42.047822618969235
2025-07-12 19:00:00,59.798527758393014,7.7784,136.3,mid_peak,116.6,52.020127758393016
2025-07-12 20:00:00,59.149723344131694,1.6667999999999998,136.32,mid_peak,116.6,57.48292334413169
2025-07-12 21:00:00,56.80488062831272,0.0,136.12,mid_peak,116.6,56.80488062831272
2025-07-12 22:00:00,54.54995584804251,0.0,120.24,off_peak,90.8,54.54995584804251
2025-07-12 23:00:00,51.78420417530132,0.0,119.91,off_peak,90.8,51.78420417530132
2025-07-13 00:00:00,48.4122815922228,0.0,118.84,off_peak,90.8,48.4122815922228
2025-07-13 01:00:00,46.09922021569261,0.0,93.42,off_peak,90.8,46.09922021569261
2025-07-13 02:00:00,44.542709745158895,0.0,92.9,off_peak,90.8,44.542709745158895
2025-07-13 03:00:00,43.42803740620098,0.0,90.81,off_peak,90.8,43.42803740620098
2025-07-13 04:00:00,42.97922288307398,0.0,90.67,off_peak,90.8,42.97922288307398
2025-07-13 05:00:00,42.736599488015685,0.0,90.81,off_peak,90.8,42.736599488015685
2025-07-13 06:00:00,42.918760822963606,0.41669999999999996,92.96,off_peak,90.8,42.50206082296361
2025-07-13 07:00:00,43.22262143274907,5.1392999999999995,114.52,off_peak,90.8,38.083321432749074
2025-07-13 08:00:00,44.15513243675906,10.1397,121.97,off_peak,90.8,34.01543243675906
2025-07-13 09:00:00,46.09301897875822,20.9739,121.8,off_peak,90.8,25.119118978758216
2025-07-13 10:00:00,48.056485623111755,16.8069,121.68,off_peak,90.8,31.249585623111756
2025-07-13 11:00:00,50.44473699747151,22.7796,121.51,off_peak,90.8,27.66513699747151
2025-07-13 12:00:00,52.31518508780909,16.112399999999997,121.46,off_peak,90.8,36.20278508780909
2025-07-13 13:00:00,53.39265000516062,19.1682,128.74,off_peak,90.8,34.22445000516062
2025-07-13 14:00:00,53.541479691586154,6.1116,126.83,off_peak,90.8,47.42987969158615
2025-07-13 15:00:00,53.56938525779094,5.8338,127.0,off_peak,90.8,47.735585257790945
2025-07-13 16:00:00,54.01897493553474,7.917299999999999,121.46,off_peak,90.8,46.101674935534746
2025-07-13 17:00:00,54.89412449790156,6.3894,131.78,off_peak,90.8,48.504724497901556
2025-07-13 18:00:00,55.73361694789559,2.6391,131.81,off_peak,90.8,53.09451694789559
2025-07-13 19:00:00,55.79175354415557,2.6391,121.97,off_peak,90.8,53.15265354415557
2025-07-13 20:00:00,55.2584471677974,1.2501,122.03,off_peak,90.8,54.008347167797396
2025-07-13 21:00:00,53.081037849207156,0.0,122.2,off_peak,90.8,53.081037849207156
2025-07-13 22:00:00,50.644726888605824,0.0,131.81,off_peak,90.8,50.644726888605824
2025-07-13 23:00:00,48.15725572329571,0.0,118.84,off_peak,90.8,48.15725572329571
2025-07-14 00:00:00,45.39615497825532,0.0,118.62,off_peak,90.8,45.39615497825532
2025-07-14 01:00:00,43.53190812485214,0.0,113.98,off_peak,90.8,43.53190812485214
2025-07-14 02:00:00,42.40250784817503,0.0,93.12,off_peak,90.8,42.40250784817503
2025-07-14 03:00:00,41.84827229716327,0.0,92.67,off_peak,90.8,41.84827229716327
2025-07-14 04:00:00,42.07926837296957,0.0,82.78,off_peak,90.8,42.07926837296957
2025-07-14 05:00:00,43.31719029599863,0.0,92.62,off_peak,90.8,43.31719029599863
2025-07-14 06:00:00,46.10929722571101,0.1389,110.26,off_peak,90.8,45.97039722571101
2025-07-14 07:00:00,50.56876173615945,2.9169,115.84,off_peak,90.8,47.651861736159454
2025-07-14 08:00:00,55.596414580722055,9.167399999999999,121.19,mid_peak,116.6,46.429014580722054
2025-07-14 09:00:00,58.62416851394153,5.6949,121.83,mid_peak,116.6,52.92926851394153
2025-07-14 10:00:00,59.384595193021994,10.1397,123.13,mid_peak,116.6,49.244895193021996
2025-07-14 11:00:00,58.44123202437681,19.0293,123.0,on_peak,150.1,39.41193202437681
2025-07-14 12:00:00,56.58473671714162,14.445599999999999,121.8,mid_peak,116.6,42.13913671714162
2025-07-14 13:00:00,58.63967160627752,8.334,123.05,on_peak,150.1,50.305671606277514
2025-07-14 14:00:00,59.999292804144126,10.6953,132.55,on_peak,150.1,49.30399280414413
2025-07-14 15:00:00,60.99149071364769,5.8338,132.55,on_peak,150.1,55.157690713647696
2025-07-14 16:00:00,62.102287279521605,3.7502999999999997,132.55,on_peak,150.1,58.3519872795216
2025-07-14 17:00:00,61.923226563040885,4.7226,132.97,on_peak,150.1,57.200626563040885
2025-07-14 18:00:00,61.35658853816033,2.2224,133.17,mid_peak,116.6,59.13418853816033
2025-07-14 19:00:00,60.57910845751027,2.5002,135.28,mid_peak,116.6,58.07890845751027
2025-07-14 20:00:00,59.08228489247013,0.2778,122.87,mid_peak,116.6,58.80448489247013
2025-07-14 21:00:00,56.344438785933725,0.0,121.65,mid_peak,116.6,56.344438785933725
2025-07-14 22:00:00,54.32361069993701,0.0,121.59,off_peak,90.8,54.32361069993701
2025-07-14 23:00:00,51.769476237582126,0.0,121.58,off_peak,90.8,51.769476237582126
2025-07-15 00:00:00,48.47972004388437,0.0,118.2,off_peak,90.8,48.47972004388437
2025-07-15 01:00:00,46.772054423074714,0.0,92.0,off_peak,90.8,46.772054423074714
2025-07-15 02:00:00,45.684512495704794,0.0,89.49,off_peak,90.8,45.684512495704794
2025-07-15 03:00:00,45.06981488458266,0.0,90.04,off_peak,90.8,45.06981488458266
2025-07-15 04:00:00,45.33724322737854,0.0,89.57,off_peak,90.8,45.33724322737854
2025-07-15 05:00:00,46.16820897658778,0.0,89.4,off_peak,90.8,46.16820897658778
2025-07-15 06:00:00,48.8618712699666,0.1389,114.94,off_peak,90.8,48.7229712699666
2025-07-15 07:00:00,52.739194663198504,2.0835,122.41,off_peak,90.8,50.6556946631985
2025-07-15 08:00:00,57.356790715474084,4.583699999999999,125.39,mid_peak,116.6,52.77309071547408
2025-07-15 09:00:00,59.652023535817875,7.639500000000001,127.79,mid_peak,116.6,52.01252353581788
2025-07-15 10:00:00,60.0551039365537,7.222799999999999,131.16,mid_peak,116.6,52.8323039365537
2025-07-15 11:00:00,59.43265477926357,7.3617,128.8,on_peak,150.1,52.07095477926357
2025-07-15 12:00:00,58.285425946400075,11.8065,128.6,mid_peak,116.6,46.478925946400075
2025-07-15 13:00:00,60.14037094440166,17.5014,130.22,on_peak,150.1,42.63897094440166
2025-07-15 14:00:00,60.330283825517576,16.5291,127.72,on_peak,150.1,43.801183825517576
2025-07-15 15:00:00,60.0520033180865,28.3356,127.72,on_peak,150.1,31.7164033180865
2025-07-15 16:00:00,61.10156266923324,18.057,125.36,on_peak,150.1,43.044562669233244
2025-07-15 17:00:00,60.9635851474429,7.7784,125.35,on_peak,150.1,53.1851851474429
2025-07-15 18:00:00,61.071331639178055,5.2782,125.39,mid_peak,116.6,55.79313163917806
2025-07-15 19:00:00,60.90389824194933,3.8892,133.41,mid_peak,116.6,57.014698241949326
2025-07-15 20:00:00,59.41637653231078,1.1112,125.39,mid_peak,116.6,58.30517653231078
2025-07-15 21:00:00,56.96533763399025,0.0,125.39,mid_peak,116.6,56.96533763399025
2025-07-15 22:00:00,55.22899129235901,0.0,125.38,off_peak,90.8,55.22899129235901
2025-07-15 23:00:00,52.68415868540573,0.0,121.05,off_peak,90.8,52.68415868540573
2025-07-16 00:00:00,49.0944176550065,0.0,119.51,off_peak,90.8,49.0944176550065
2025-07-16 01:00:00,47.12940070141936,0.0,92.62,off_peak,90.8,47.12940070141936
2025-07-16 02:00:00,46.20309093434376,0.0,84.76,off_peak,90.8,46.20309093434376
2025-07-16 03:00:00,45.63877837331361,0.0,85.32,off_peak,90.8,45.63877837331361
2025-07-16 04:00:00,45.4325872452449,0.0,84.76,off_peak,90.8,45.4325872452449
2025-07-16 05:00:00,46.23952320133335,0.0,85.57,off_peak,90.8,46.23952320133335
2025-07-16 06:00:00,49.11767229351049,0.0,113.9,off_peak,90.8,49.11767229351049
2025-07-16 07:00:00,53.50969835229736,2.0835,117.61,off_peak,90.8,51.42619835229736
2025-07-16 08:00:00,59.23499035197966,2.9169,127.64,mid_peak,116.6,56.31809035197966
2025-07-16 09:00:00,62.988289006523615,5.4171,133.62,mid_peak,116.6,57.57118900652362
2025-07-16 10:00:00,64.27427051579426,3.4724999999999997,133.58,mid_peak,116.6,60.80177051579426
2025-07-16 11:00:00,63.37741662415704,3.7502999999999997,133.58,on_peak,150.1,59.62711662415704
2025-07-16 12:00:00,61.21861101636999,3.1947,123.18,mid_peak,116.6,58.02391101636999
2025-07-16 13:00:00,63.20068137152672,2.9169,133.58,on_peak,150.1,60.28378137152672
2025-07-16 14:00:00,62.986738697290015,2.0835,133.6,on_peak,150.1,60.903238697290014
2025-07-16 15:00:00,62.830157464696484,2.5002,133.6,on_peak,150.1,60.329957464696484
2025-07-16 16:00:00,62.46738510403424,1.2501,127.81,on_peak,150.1,61.21728510403424
2025-07-16 17:00:00,60.97986339439569,1.5279,127.81,on_peak,150.1,59.45196339439569
2025-07-16 18:00:00,60.0636306373385,1.1112,127.81,mid_peak,116.6,58.9524306373385
2025-07-16 19:00:00,59.241191588914056,0.2778,135.45,mid_peak,116.6,58.96339158891406
2025-07-16 20:00:00,57.939706987307424,0.0,127.83,mid_peak,116.6,57.939706987307424
2025-07-16 21:00:00,55.664628187000424,0.0,127.81,mid_peak,116.6,55.664628187000424
2025-07-16 22:00:00,53.95773772080757,0.0,127.73,off_peak,90.8,53.95773772080757
2025-07-16 23:00:00,51.62994840655819,0.0,115.76,off_peak,90.8,51.62994840655819
2025-07-17 00:00:00,48.54405787707874,0.0,100.71,off_peak,90.8,48.54405787707874
2025-07-17 01:00:00,46.87825060557627,0.0,92.94,off_peak,90.8,46.87825060557627
2025-07-17 02:00:00,46.1232500088134,0.0,92.55,off_peak,90.8,46.1232500088134
2025-07-17 03:00:00,45.78528259588875,0.0,92.64,off_peak,90.8,45.78528259588875
2025-07-17 04:00:00,45.658932393350405,0.0,92.61,off_peak,90.8,45.658932393350405
2025-07-17 05:00:00,46.359672166937294,0.0,92.64,off_peak,90.8,46.359672166937294
2025-07-17 06:00:00,49.0882164180721,0.0,98.51,off_peak,90.8,49.0882164180721
2025-07-17 07:00:00,53.723641026534075,0.1389,100.71,off_peak,90.8,53.584741026534076
2025-07-17 08:00:00,59.44195663466517,0.1389,125.07,mid_peak,116.6,59.30305663466517
2025-07-17 09:00:00,62.51699499950942,0.41669999999999996,125.07,mid_peak,116.6,62.10029499950942
2025-07-17 10:00:00,63.63476795693453,0.41669999999999996,134.21,mid_peak,116.6,63.21806795693453
2025-07-17 11:00:00,62.97588653265482,5.556,134.21,on_peak,150.1,57.41988653265482
2025-07-17 12:00:00,61.523246780772254,20.1405,123.69,mid_peak,116.6,41.38274678077225
2025-07-17 13:00:00,63.347960748718656,12.084299999999999,134.21,on_peak,150.1,51.26366074871866
2025-07-17 14:00:00,63.95413165905599,5.2782,134.21,on_peak,150.1,58.67593165905599
2025-07-17 15:00:00,63.947930422121594,9.722999999999999,134.21,on_peak,150.1,54.224930422121595
2025-07-17 16:00:00,63.951031040588795,7.5005999999999995,125.22,on_peak,150.1,56.450431040588796
2025-07-17 17:00:00,62.61233901737578,1.9446,125.38,on_peak,150.1,60.66773901737578
2025-07-17 18:00:00,61.48836482301627,1.9446,125.29,mid_peak,116.6,59.54376482301627
2025-07-17 19:00:00,60.38687011254395,0.5556,135.51,mid_peak,116.6,59.831270112543955
2025-07-17 20:00:00,58.76989758189986,0.41669999999999996,125.07,mid_peak,116.6,58.35319758189986
2025-07-17 21:00:00,56.33203631206493,0.0,125.03,mid_peak,116.6,56.33203631206493
2025-07-17 22:00:00,54.43833358322336,0.0,125.2,off_peak,90.8,54.43833358322336
2025-07-17 23:00:00,52.19503612220514,0.0,109.54,off_peak,90.8,52.19503612220514
2025-07-18 00:00:00,48.94171219549697,0.0,94.15,off_peak,90.8,48.94171219549697
2025-07-18 01:00:00,47.11699822755057,0.0,93.08,off_peak,90.8,47.11699822755057
2025-07-18 02:00:00,45.91860918997829,0.0,83.48,off_peak,90.8,45.91860918997829
2025-07-18 03:00:00,45.15353158319702,0.0,83.48,off_peak,90.8,45.15353158319702
2025-07-18 04:00:00,45.07911673998426,0.0,83.48,off_peak,90.8,45.07911673998426
2025-07-18 05:00:00,45.704666515741586,0.0,92.61,off_peak,90.8,45.704666515741586
2025-07-18 06:00:00,48.015402428421375,0.1389,98.97,off_peak,90.8,47.876502428421375
2025-07-18 07:00:00,51.3795734653319,0.8333999999999999,99.93,off_peak,90.8,50.546173465331904
2025-07-18 08:00:00,55.10186593520387,2.0835,126.63,mid_peak,116.6,53.01836593520387
2025-07-18 09:00:00,57.237416904486935,1.389,134.74,mid_peak,116.6,55.84841690448693
2025-07-18 10:00:00,58.77222304575026,3.1947,135.64,mid_peak,116.6,55.57752304575026
2025-07-18 11:00:00,58.4427823336104,8.1951,134.61,on_peak,150.1,50.2476823336104
2025-07-18 12:00:00,57.20641071981495,7.3617,126.68,mid_peak,116.6,49.84471071981495
2025-07-18 13:00:00,59.539626116381925,12.084299999999999,134.66,on_peak,150.1,47.455326116381926
2025-07-18 14:00:00,61.61238956170422,16.2513,134.66,on_peak,150.1,45.36108956170422
2025-07-18 15:00:00,62.40459758007347,15.140100000000002,134.4,on_peak,150.1,47.26449758007347
2025-07-18 16:00:00,63.2433148754507,17.084699999999998,131.25,on_peak,150.1,46.1586148754507
2025-07-18 17:00:00,62.47823726866944,7.5005999999999995,131.25,on_peak,150.1,54.97763726866944
2025-07-18 18:00:00,61.591460387050624,7.917299999999999,118.11,mid_peak,116.6,53.67416038705063
2025-07-18 19:00:00,61.09458627768205,3.7502999999999997,118.09,mid_peak,116.6,57.344286277682045
2025-07-18 20:00:00,59.68923095742426,0.41669999999999996,118.07,mid_peak,116.6,59.27253095742426
2025-07-18 21:00:00,56.988592272494245,0.0,118.07,mid_peak,116.6,56.988592272494245
2025-07-18 22:00:00,55.117369027539866,0.0,107.9,off_peak,90.8,55.117369027539866
2025-07-18 23:00:00,52.622921470678556,0.0,93.44,off_peak,90.8,52.622921470678556
2025-07-19 00:00:00,49.25332435145043,0.0,94.2,off_peak,90.8,49.25332435145043
2025-07-19 01:00:00,47.21156709080012,0.0,83.45,off_peak,90.8,47.21156709080012
2025-07-19 02:00:00,45.80311115207514,0.0,81.01,off_peak,90.8,45.80311115207514
2025-07-19 03:00:00,44.955092001296315,0.0,81.01,off_peak,90.8,44.955092001296315
2025-07-19 04:00:00,44.532632735140496,0.0,81.01,off_peak,90.8,44.532632735140496
2025-07-19 05:00:00,44.510928405870104,0.0,81.01,off_peak,90.8,44.510928405870104
2025-07-19 06:00:00,45.778306204337554,0.0,81.01,off_peak,90.8,45.778306204337554
2025-07-19 07:00:00,47.371248941860856,0.8333999999999999,81.01,off_peak,90.8,46.53784894186086
2025-07-19 08:00:00,49.743222069267816,1.389,93.11,mid_peak,116.6,48.35422206926781
2025-07-19 09:00:00,52.18573426680354,3.0558,99.99,mid_peak,116.6,49.129934266803545
2025-07-19 10:00:00,53.93138246383638,4.167,120.72,mid_peak,116.6,49.76438246383638
2025-07-19 11:00:00,54.01587431706754,4.4448,120.73,mid_peak,116.6,49.57107431706754
2025-07-19 12:00:00,52.59501590447377,4.8614999999999995,123.62,mid_peak,116.6,47.73351590447377
2025-07-19 13:00:00,52.467890547318625,6.1116,123.81,mid_peak,116.6,46.35629054731862
2025-07-19 14:00:00,52.03923004422841,5.9727,123.26,mid_peak,116.6,46.066530044228415
2025-07-19 15:00:00,51.8322637615429,6.2505,120.73,mid_peak,116.6,45.581763761542895
2025-07-19 16:00:00,52.54773147284899,6.3894,120.71,mid_peak,116.6,46.158331472848985
2025-07-19 17:00:00,52.93220816278162,4.4448,111.58,mid_peak,116.6,48.48740816278162
2025-07-19 18:00:00,53.972465658526765,3.4724999999999997,111.61,mid_peak,116.6,50.49996565852677
2025-07-19 19:00:00,54.5716601773129,0.9723,111.97,mid_peak,116.6,53.5993601773129
2025-07-19 20:00:00,54.185633178146674,0.2778,111.17,mid_peak,116.6,53.907833178146674
2025-07-19 21:00:00,52.464789928851424,0.0,100.0,mid_peak,116.6,52.464789928851424
2025-07-19 22:00:00,51.08191409248083,0.0,99.57,off_peak,90.8,51.08191409248083
2025-07-19 23:00:00,49.0843406449881,0.0,93.76,off_peak,90.8,49.0843406449881
2025-07-20 00:00:00,46.069764340254224,0.0,100.05,off_peak,90.8,46.069764340254224
2025-07-20 01:00:00,44.17761192064625,0.0,81.64,off_peak,90.8,44.17761192064625
2025-07-20 02:00:00,42.86682546363803,0.0,79.27,off_peak,90.8,42.86682546363803
2025-07-20 03:00:00,42.03896033289599,0.0,77.73,off_peak,90.8,42.03896033289599
2025-07-20 04:00:00,41.65215817911296,0.0,79.38,off_peak,90.8,41.65215817911296
2025-07-20 05:00:00,41.63045384984257,0.0,79.38,off_peak,90.8,41.63045384984257
2025-07-20 06:00:00,42.11725094919276,0.1389,79.38,off_peak,90.8,41.97835094919276
2025-07-20 07:00:00,42.64048031553253,0.9723,79.38,off_peak,90.8,41.66818031553253
2025-07-20 08:00:00,43.050537107819544,3.1947,93.33,off_peak,90.8,39.855837107819546
2025-07-20 09:00:00,43.75825327295764,9.722999999999999,93.97,off_peak,90.8,34.03525327295764
2025-07-20 10:00:00,44.774480975581994,8.056199999999999,101.44,off_peak,90.8,36.718280975582
2025-07-20 11:00:00,45.22639611717619,31.669199999999996,118.41,off_peak,90.8,13.557196117176197
2025-07-20 12:00:00,45.64652991948161,29.5857,118.43,off_peak,90.8,16.06082991948161
2025-07-20 13:00:00,46.53020618263322,18.195899999999998,121.92,off_peak,90.8,28.334306182633224
2025-07-20 14:00:00,47.281331006312094,23.057399999999998,121.92,off_peak,90.8,24.223931006312096
2025-07-20 15:00:00,48.49987406392116,23.613,121.92,off_peak,90.8,24.886874063921162
2025-07-20 16:00:00,50.902078221383306,28.196699999999996,121.9,off_peak,90.8,22.70537822138331
2025-07-20 17:00:00,53.6755814402925,26.529899999999998,121.86,off_peak,90.8,27.1456814402925
2025-07-20 18:00:00,55.983216734505085,19.5849,121.86,off_peak,90.8,36.39831673450509
2025-07-20 19:00:00,57.03510154950222,7.7784,136.05,off_peak,90.8,49.256701549502225
2025-07-20 20:00:00,56.78860238135993,1.5279,136.21,off_peak,90.8,55.26070238135993
2025-07-20 21:00:00,54.62824646433928,0.0,135.94,off_peak,90.8,54.62824646433928
2025-07-20 22:00:00,51.98884499413643,0.0,101.48,off_peak,90.8,51.98884499413643
2025-07-20 23:00:00,49.225418785245644,0.0,100.54,off_peak,90.8,49.225418785245644
2025-07-21 00:00:00,46.09611959722541,0.0,118.53,off_peak,90.8,46.09611959722541
2025-07-21 01:00:00,44.21016841455184,0.0,81.37,off_peak,90.8,44.21016841455184
2025-07-21 02:00:00,42.95751855380359,0.0,80.72,off_peak,90.8,42.95751855380359
2025-07-21 03:00:00,42.38235382813824,0.0,79.9,off_peak,90.8,42.38235382813824
2025-07-21 04:00:00,42.638154851682124,0.0,79.9,off_peak,90.8,42.638154851682124
2025-07-21 05:00:00,43.921035742485564,0.0,79.9,off_peak,90.8,43.921035742485564
2025-07-21 06:00:00,47.07281441439299,0.1389,93.11,off_peak,90.8,46.93391441439299
2025-07-21 07:00:00,51.98031829335164,1.2501,118.53,off_peak,90.8,50.73021829335163
2025-07-21 08:00:00,58.0040448205018,3.6113999999999997,121.48,mid_peak,116.6,54.3926448205018
2025-07-21 09:00:00,61.16745081166121,5.8338,122.91,mid_peak,116.6,55.333650811661215
2025-07-21 10:00:00,62.27824737753512,13.7511,124.24,mid_peak,116.6,48.52714737753512
2025-07-21 11:00:00,61.517820698454656,30.280200000000004,125.48,on_peak,150.1,31.237620698454652
2025-07-21 12:00:00,60.596161859079864,44.8647,124.24,mid_peak,116.6,15.731461859079864
2025-07-21 13:00:00,63.234013020049105,28.196699999999996,131.39,on_peak,150.1,35.03731302004911
2025-07-21 14:00:00,64.70603163735166,25.8354,155.93,on_peak,150.1,38.87063163735166
2025-07-21 15:00:00,65.5284706857761,35.14169999999999,131.33,on_peak,150.1,30.386770685776106
2025-07-21 16:00:00,66.92064837754829,24.5853,124.24,on_peak,150.1,42.335348377548286
2025-07-21 17:00:00,66.8997192028947,20.557199999999998,131.33,on_peak,150.1,46.34251920289471
2025-07-21 18:00:00,67.1159873409818,19.3071,124.24,mid_peak,116.6,47.808887340981805
2025-07-21 19:00:00,66.74003735183398,6.5283,135.23,mid_peak,116.6,60.211737351833975
2025-07-21 20:00:00,64.93237678545717,1.389,121.97,mid_peak,116.6,63.54337678545716
2025-07-21 21:00:00,61.671301312580994,0.0,121.78,mid_peak,116.6,61.671301312580994
2025-07-21 22:00:00,58.87066768208382,0.0,121.78,off_peak,90.8,58.87066768208382
2025-07-21 23:00:00,55.61579344614204,0.0,121.75,off_peak,90.8,55.61579344614204
2025-07-22 00:00:00,51.70901417747176,0.0,125.12,off_peak,90.8,51.70901417747176
2025-07-22 01:00:00,49.57578867203909,0.0,114.68,off_peak,90.8,49.57578867203909
2025-07-22 02:00:00,48.1727588156317,0.0,92.69,off_peak,90.8,48.1727588156317
2025-07-22 03:00:00,47.13715224758736,0.0,91.62,off_peak,90.8,47.13715224758736
2025-07-22 04:00:00,47.01080204504901,0.0,90.53,off_peak,90.8,47.01080204504901
2025-07-22 05:00:00,47.78285604338147,0.0,91.62,off_peak,90.8,47.78285604338147
2025-07-22 06:00:00,50.30288370259717,0.2778,110.96,off_peak,90.8,50.02508370259717
2025-07-22 07:00:00,54.110443180317105,3.0558,118.4,off_peak,90.8,51.05464318031711
2025-07-22 08:00:00,58.53967666071036,6.8061,119.89,mid_peak,116.6,51.73357666071036
2025-07-22 09:00:00,61.192255759398805,17.9181,121.17,mid_peak,116.6,43.27415575939881
2025-07-22 10:00:00,62.31855541760871,19.7238,125.83,mid_peak,116.6,42.59475541760871
2025-07-22 11:00:00,61.70773357957058,20.1405,127.06,on_peak,150.1,41.56723357957058
2025-07-22 12:00:00,60.31865650626558,26.9466,121.84,mid_peak,116.6,33.37205650626558
2025-07-22 13:00:00,62.95185673953403,29.4468,125.88,on_peak,150.1,33.50505673953403
2025-07-22 14:00:00,64.45565669612537,48.0594,126.03,on_peak,150.1,16.396256696125377
2025-07-22 15:00:00,65.66877367141684,41.114399999999996,147.3,on_peak,150.1,24.554373671416847
2025-07-22 16:00:00,67.37256351914249,29.5857,132.44,on_peak,150.1,37.786863519142486
2025-07-22 17:00:00,68.10741009586857,9.722999999999999,147.3,on_peak,150.1,58.384410095868574
2025-07-22 18:00:00,68.90349388732183,19.3071,147.3,mid_peak,116.6,49.59639388732183
2025-07-22 19:00:00,68.55699977361238,9.8619,136.12,mid_peak,116.6,58.69509977361238
2025-07-22 20:00:00,66.51446735834527,1.8056999999999999,132.43,mid_peak,116.6,64.70876735834527
2025-07-22 21:00:00,63.04565044816679,0.0,121.33,mid_peak,116.6,63.04565044816679
2025-07-22 22:00:00,59.84038610770019,0.0,121.15,off_peak,90.8,59.84038610770019
2025-07-22 23:00:00,56.31188229202814,0.0,121.15,off_peak,90.8,56.31188229202814
2025-07-23 00:00:00,52.236119316895525,0.0,100.65,off_peak,90.8,52.236119316895525
2025-07-23 01:00:00,49.81608660324699,0.0,93.05,off_peak,90.8,49.81608660324699
2025-07-23 02:00:00,48.393677881419606,0.0,93.05,off_peak,90.8,48.393677881419606
2025-07-23 03:00:00,47.572789142228764,0.0,92.45,off_peak,90.8,47.572789142228764
2025-07-23 04:00:00,47.35729615875846,0.0,83.48,off_peak,90.8,47.35729615875846
2025-07-23 05:00:00,48.11539737398853,0.0,92.84,off_peak,90.8,48.11539737398853
2025-07-23 06:00:00,50.516826376833876,0.2778,93.04,off_peak,90.8,50.23902637683388
2025-07-23 07:00:00,54.13912390113869,3.7502999999999997,99.57,off_peak,90.8,50.388823901138686
2025-07-23 08:00:00,58.70866036717269,8.4729,119.01,mid_peak,116.6,50.23576036717269
2025-07-23 09:00:00,61.4372046183075,18.6126,120.57,mid_peak,116.6,42.8246046183075
2025-07-23 10:00:00,62.48288819637023,26.2521,121.29,mid_peak,116.6,36.230788196370234
2025-07-23 11:00:00,61.94648120154487,34.3083,128.1,on_peak,150.1,27.638181201544867
2025-07-23 12:00:00,60.49616691351271,49.1706,123.38,mid_peak,116.6,11.32556691351271
2025-07-23 13:00:00,63.34020920255066,40.8366,124.73,on_peak,150.1,22.503609202550663
2025-07-23 14:00:00,64.99128853633394,46.5315,151.6,on_peak,150.1,18.45978853633394
2025-07-23 15:00:00,66.16952355386942,28.6134,151.61,on_peak,150.1,37.556123553869426
2025-07-23 16:00:00,68.01051576876861,15.417900000000001,135.71,on_peak,150.1,52.59261576876861
2025-07-23 17:00:00,68.57482832979876,14.7234,125.31,on_peak,150.1,53.851428329798765
2025-07-23 18:00:00,69.38796552282162,11.3898,124.94,mid_peak,116.6,57.998165522821616
2025-07-23 19:00:00,68.91357089734022,7.7784,124.94,mid_peak,116.6,61.135170897340224
2025-07-23 20:00:00,66.81367704042994,1.389,121.18,mid_peak,116.6,65.42467704042994
2025-07-23 21:00:00,63.358037758737055,0.0,121.18,mid_peak,116.6,63.358037758737055
2025-07-23 22:00:00,60.203933622979235,0.0,117.12,off_peak,90.8,60.203933622979235
2025-07-23 23:00:00,56.6366720764672,0.0,116.26,off_peak,90.8,56.6366720764672
2025-07-24 00:00:00,52.39425085872266,0.0,100.78,off_peak,90.8,52.39425085872266
2025-07-24 01:00:00,50.058709998305275,0.0,93.06,off_peak,90.8,50.058709998305275
2025-07-24 02:00:00,48.530105093976346,0.0,92.97,off_peak,90.8,48.530105093976346
2025-07-24 03:00:00,47.47511966051201,0.0,82.17,off_peak,90.8,47.47511966051201
2025-07-24 04:00:00,47.33326636563767,0.0,82.17,off_peak,90.8,47.33326636563767
2025-07-24 05:00:00,48.05571046849496,0.0,92.57,off_peak,90.8,48.05571046849496
2025-07-24 06:00:00,50.54473194303866,0.41669999999999996,93.22,off_peak,90.8,50.128031943038664
2025-07-24 07:00:00,54.1026916341491,3.1947,100.31,off_peak,90.8,50.907991634149106
2025-07-24 08:00:00,58.55905552613036,10.4175,119.36,mid_peak,116.6,48.14155552613036
2025-07-24 09:00:00,61.38061833128112,26.668799999999997,121.21,mid_peak,116.6,34.71181833128112
2025-07-24 10:00:00,62.50149190717343,25.279799999999998,124.27,mid_peak,116.6,37.22169190717344
2025-07-24 11:00:00,61.982913468534456,24.4464,124.17,on_peak,150.1,37.53651346853445
2025-07-24 12:00:00,60.863590201875745,46.3926,120.31,mid_peak,116.6,14.470990201875743
2025-07-24 13:00:00,63.55492703140417,50.0,124.06,on_peak,150.1,13.55492703140417
2025-07-24 14:00:00,65.03469719487472,50.0,124.81,on_peak,150.1,15.034697194874724
2025-07-24 15:00:00,66.41292210354452,21.3906,136.91,on_peak,150.1,45.02232210354452
2025-07-24 16:00:00,68.79419708635307,29.5857,136.91,on_peak,150.1,39.20849708635306
2025-07-24 17:00:00,70.05924942097012,27.641099999999998,124.21,on_peak,150.1,42.418149420970124
2025-07-24 18:00:00,70.83285372853618,17.6403,124.21,mid_peak,116.6,53.19255372853618
2025-07-24 19:00:00,70.20342817969485,7.639500000000001,124.03,mid_peak,116.6,62.563928179694855
2025-07-24 20:00:00,68.00198906798381,1.5279,123.31,mid_peak,116.6,66.47408906798381
2025-07-24 21:00:00,64.36186298749261,0.0,121.88,mid_peak,116.6,64.36186298749261
2025-07-24 22:00:00,61.045751536823666,0.0,117.56,off_peak,90.8,61.045751536823666
2025-07-24 23:00:00,57.44980926949004,0.0,116.7,off_peak,90.8,57.44980926949004
2025-07-25 00:00:00,53.13994960008393,0.0,100.34,off_peak,90.8,53.13994960008393
2025-07-25 01:00:00,50.72534296875298,0.0,93.13,off_peak,90.8,50.72534296875298
2025-07-25 02:00:00,48.97891961710335,0.0,88.18,off_peak,90.8,48.97891961710335
2025-07-25 03:00:00,48.040982530775764,0.0,86.07,off_peak,90.8,48.040982530775764
2025-07-25 04:00:00,47.70766604555191,0.0,83.18,off_peak,90.8,47.70766604555191
2025-07-25 05:00:00,48.470418188482775,0.0,85.41,off_peak,90.8,48.470418188482775
2025-07-25 06:00:00,50.801308121199355,0.2778,93.36,off_peak,90.8,50.523508121199356
2025-07-25 07:00:00,54.08563823257951,5.556,99.3,off_peak,90.8,48.529638232579515
2025-07-25 08:00:00,58.629594596259125,14.0289,116.91,mid_peak,116.6,44.600694596259125
2025-07-25 09:00:00,61.51859585307146,24.7242,122.02,mid_peak,116.6,36.794395853071464
2025-07-25 10:00:00,62.741014683764526,33.1971,123.82,mid_peak,116.6,29.543914683764527
2025-07-25 11:00:00,62.45188201169825,37.503,127.6,on_peak,150.1,24.948882011698252
2025-07-25 12:00:00,61.45735863834429,42.3645,122.49,mid_peak,116.6,19.09285863834429
2025-07-25 13:00:00,64.1727252609935,44.8647,126.48,on_peak,150.1,19.308025260993503
2025-07-25 14:00:00,65.80830150244078,35.41949999999999,130.7,on_peak,150.1,30.388801502440792
2025-07-25 15:00:00,67.01676755003145,44.5869,134.25,on_peak,150.1,22.429867550031446
2025-07-25 16:00:00,68.87868893958424,31.252499999999998,133.14,on_peak,150.1,37.62618893958424
2025-07-25 17:00:00,69.74996272886706,27.2244,133.02,on_peak,150.1,42.52556272886706
2025-07-25 18:00:00,70.17319714963966,17.9181,124.08,mid_peak,116.6,52.25509714963967
2025-07-25 19:00:00,69.6515180925335,7.639500000000001,133.18,mid_peak,116.6,62.012018092533495
2025-07-25 20:00:00,67.79967371299911,1.2501,122.14,mid_peak,116.6,66.5495737129991
2025-07-25 21:00:00,64.29674999968144,0.0,121.72,mid_peak,116.6,64.29674999968144
2025-07-25 22:00:00,61.15349802855882,0.0,121.34,off_peak,90.8,61.15349802855882
2025-07-25 23:00:00,57.67227864451154,0.0,121.34,off_peak,90.8,57.67227864451154
2025-07-26 00:00:00,53.61511938018212,0.0,116.27,off_peak,90.8,53.61511938018212
2025-07-26 01:00:00,50.88037389211292,0.0,118.25,off_peak,90.8,50.88037389211292
2025-07-26 02:00:00,48.952564360132165,0.0,114.99,off_peak,90.8,48.952564360132165
2025-07-26 03:00:00,47.7270449109719,0.0,92.56,off_peak,90.8,47.7270449109719
2025-07-26 04:00:00,47.01467781813301,0.0,92.65,off_peak,90.8,47.01467781813301
2025-07-26 05:00:00,46.960416994957036,0.0,112.54,off_peak,90.8,46.960416994957036
2025-07-26 06:00:00,47.489072443614404,0.41669999999999996,116.27,off_peak,90.8,47.072372443614405
2025-07-26 07:00:00,48.19911407260289,5.4171,119.39,off_peak,90.8,42.78201407260289
2025-07-26 08:00:00,49.346342905466386,13.6122,119.11,mid_peak,116.6,35.734142905466385
2025-07-26 09:00:00,51.281903983615145,22.5018,118.94,mid_peak,116.6,28.780103983615145
2025-07-26 10:00:00,52.81981074334567,35.2806,120.32,mid_peak,116.6,17.53921074334567
2025-07-26 11:00:00,53.29885629652786,41.114399999999996,120.72,mid_peak,116.6,12.184456296527863
2025-07-26 12:00:00,53.24227000950148,45.4203,120.72,mid_peak,116.6,7.821970009501484
2025-07-26 13:00:00,54.5778614142473,38.1975,123.96,mid_peak,116.6,16.380361414247304
2025-07-26 14:00:00,55.639048084646035,31.391399999999994,123.96,mid_peak,116.6,24.24764808464604
2025-07-26 15:00:00,56.94828423242066,26.668799999999997,123.96,mid_peak,116.6,30.279484232420664
2025-07-26 16:00:00,59.1489481895149,24.5853,123.96,mid_peak,116.6,34.56364818951489
2025-07-26 17:00:00,61.61781564402182,25.002,138.6,mid_peak,116.6,36.61581564402182
2025-07-26 18:00:00,63.73398774788489,20.4183,138.34,mid_peak,116.6,43.315687747884894
2025-07-26 19:00:00,64.19908051796469,6.8061,123.9,mid_peak,116.6,57.39298051796469
2025-07-26 20:00:00,63.29757569862668,0.9723,123.92,mid_peak,116.6,62.32527569862668
2025-07-26 21:00:00,60.57833330289347,0.0,120.32,mid_peak,116.6,60.57833330289347
2025-07-26 22:00:00,58.050554097509774,0.0,130.99,off_peak,90.8,58.050554097509774
2025-07-26 23:00:00,54.928231301040746,0.0,130.67,off_peak,90.8,54.928231301040746
2025-07-27 00:00:00,51.188110274982385,0.0,117.57,off_peak,90.8,51.188110274982385
2025-07-27 01:00:00,48.55491004171394,0.0,117.57,off_peak,90.8,48.55491004171394
2025-07-27 02:00:00,46.8123624631483,0.0,93.31,off_peak,90.8,46.8123624631483
2025-07-27 03:00:00,45.61397342557603,0.0,91.17,off_peak,90.8,45.61397342557603
2025-07-27 04:00:00,45.047335400695474,0.0,88.49,off_peak,90.8,45.047335400695474
2025-07-27 05:00:00,44.876801384999546,0.0,90.97,off_peak,90.8,44.876801384999546
2025-07-27 06:00:00,45.428711472160906,0.1389,93.32,off_peak,90.8,45.289811472160906
2025-07-27 07:00:00,45.65118084718241,5.6949,117.57,off_peak,90.8,39.95628084718241
2025-07-27 08:00:00,46.141078564999795,14.7234,120.42,off_peak,90.8,31.417678564999797
2025-07-27 09:00:00,47.21931863696812,25.418699999999998,120.25,off_peak,90.8,21.80061863696812
2025-07-27 10:00:00,48.373523861382814,33.752700000000004,127.79,off_peak,90.8,14.62082386138281
2025-07-27 11:00:00,48.737846531278656,42.0867,120.02,off_peak,90.8,6.6511465312786555
2025-07-27 12:00:00,49.24789826913283,46.8093,120.02,off_peak,90.8,2.4385982691328323
2025-07-27 13:00:00,50.76642616344337,48.7539,123.71,off_peak,90.8,2.0125261634433684
2025-07-27 14:00:00,52.22526715226033,48.0594,123.71,off_peak,90.8,4.165867152260333
2025-07-27 15:00:00,54.195710188165066,44.3091,131.11,off_peak,90.8,9.886610188165065
2025-07-27 16:00:00,57.10564061963099,38.753099999999996,123.7,off_peak,90.8,18.352540619630993
2025-07-27 17:00:00,60.711659896983015,18.195899999999998,123.69,off_peak,90.8,42.51575989698301
2025-07-27 18:00:00,63.53942393906817,16.8069,130.45,off_peak,90.8,46.73252393906817
2025-07-27 19:00:00,64.10218619086473,10.0008,145.68,off_peak,90.8,54.10138619086473
2025-07-27 20:00:00,63.31772971866347,1.2501,124.94,off_peak,90.8,62.06762971866347
2025-07-27 21:00:00,60.434154544168734,0.0,120.54,off_peak,90.8,60.434154544168734
2025-07-27 22:00:00,57.25834607914052,0.0,120.71,off_peak,90.8,57.25834607914052
2025-07-27 23:00:00,53.84301483752122,0.0,120.71,off_peak,90.8,53.84301483752122
2025-07-28 00:00:00,50.2245930863004,0.0,97.13,off_peak,90.8,50.2245930863004
2025-07-28 01:00:00,47.7316958386727,0.0,96.44,off_peak,90.8,47.7316958386727
2025-07-28 02:00:00,46.16200773965338,0.0,81.17,off_peak,90.8,46.16200773965338
2025-07-28 03:00:00,45.23957374566179,0.0,81.17,off_peak,90.8,45.23957374566179
2025-07-28 04:00:00,45.01942983449069,0.0,81.17,off_peak,90.8,45.01942983449069
2025-07-28 05:00:00,46.00542650705985,0.0,91.55,off_peak,90.8,46.00542650705985
2025-07-28 06:00:00,48.811486219874624,0.1389,98.74,off_peak,90.8,48.672586219874624
2025-07-28 07:00:00,52.88104795807284,4.8614999999999995,99.66,off_peak,90.8,48.01954795807284
2025-07-28 08:00:00,57.966837398895414,10.0008,120.62,mid_peak,116.6,47.966037398895416
2025-07-28 09:00:00,61.26201967491077,20.0016,121.22,mid_peak,116.6,41.260419674910764
2025-07-28 10:00:00,62.63714396511337,30.002399999999998,122.51,mid_peak,116.6,32.63474396511337
2025-07-28 11:00:00,62.48366335098704,35.41949999999999,123.32,on_peak,150.1,27.064163350987045
2025-07-28 12:00:00,61.68215347721619,45.2814,123.24,mid_peak,116.6,16.400753477216192
2025-07-28 13:00:00,63.91924970130001,44.3091,123.26,on_peak,150.1,19.61014970130001
2025-07-28 14:00:00,65.27964605378341,49.3095,132.33,on_peak,150.1,15.97014605378341
2025-07-28 15:00:00,66.6842262194244,41.392199999999995,132.78,on_peak,150.1,25.292026219424407
2025-07-28 16:00:00,68.71048038773871,36.669599999999996,132.78,on_peak,150.1,32.04088038773872
2025-07-28 17:00:00,69.94762715615097,29.8635,133.21,on_peak,150.1,40.08412715615097
2025-07-28 18:00:00,70.52744280951711,16.8069,133.21,mid_peak,116.6,53.72054280951711
2025-07-28 19:00:00,69.99491158777575,9.4452,133.21,mid_peak,116.6,60.54971158777575
2025-07-28 20:00:00,67.64231732578878,1.5279,132.33,mid_peak,116.6,66.11441732578878
2025-07-28 21:00:00,63.68825362549371,0.0,122.82,mid_peak,116.6,63.68825362549371
2025-07-28 22:00:00,60.17912867524164,0.0,122.73,off_peak,90.8,60.17912867524164
2025-07-28 23:00:00,56.47854053464007,0.0,122.71,off_peak,90.8,56.47854053464007
2025-07-29 00:00:00,52.47951786657062,0.0,108.83,off_peak,90.8,52.47951786657062
2025-07-29 01:00:00,49.89825299262775,0.0,96.44,off_peak,90.8,49.89825299262775
2025-07-29 02:00:00,48.29368293585245,0.0,92.0,off_peak,90.8,48.29368293585245
2025-07-29 03:00:00,47.24567389393931,0.0,91.07,off_peak,90.8,47.24567389393931
2025-07-29 04:00:00,46.97126915959223,0.0,92.0,off_peak,90.8,46.97126915959223
2025-07-29 05:00:00,47.60922140921835,0.0,93.98,off_peak,90.8,47.60922140921835
2025-07-29 06:00:00,49.91220577573014,0.1389,98.82,off_peak,90.8,49.773305775730144
2025-07-29 07:00:00,53.34691588276944,4.8614999999999995,120.91,off_peak,90.8,48.48541588276944
2025-07-29 08:00:00,57.80095431090029,13.889999999999999,120.66,mid_peak,116.6,43.91095431090029
2025-07-29 09:00:00,61.06202978377646,24.3075,121.23,mid_peak,116.6,36.75452978377646
2025-07-29 10:00:00,62.46118386709985,30.835800000000003,125.21,mid_peak,116.6,31.625383867099846
2025-07-29 11:00:00,62.26196913058234,19.445999999999998,128.65,on_peak,150.1,42.81596913058234
2025-07-29 12:00:00,61.44030523677469,32.7804,128.57,mid_peak,116.6,28.65990523677469
2025-07-29 13:00:00,63.58593321607616,40.8366,128.65,on_peak,150.1,22.74933321607616
2025-07-29 14:00:00,65.0626027610795,38.6142,132.56,on_peak,150.1,26.448402761079507
2025-07-29 15:00:00,66.33308117801415,28.474499999999995,147.25,on_peak,150.1,37.85858117801416
2025-07-29 16:00:00,68.56785193824757,10.9731,147.25,on_peak,150.1,57.59475193824757
2025-07-29 17:00:00,70.03134385476532,18.057,132.14,on_peak,150.1,51.97434385476532
2025-07-29 18:00:00,70.5320937372179,12.9177,132.13,mid_peak,116.6,57.61439373721791
2025-07-29 19:00:00,70.03676993708292,6.667199999999999,132.19,mid_peak,116.6,63.36956993708292
2025-07-29 20:00:00,67.85858546387588,0.6945,122.96,mid_peak,116.6,67.16408546387588
2025-07-29 21:00:00,64.09133402622953,0.0,121.43,mid_peak,116.6,64.09133402622953
2025-07-29 22:00:00,60.69383134079662,0.0,120.67,off_peak,90.8,60.69383134079662
2025-07-29 23:00:00,56.938982377019066,0.0,120.34,off_peak,90.8,56.938982377019066
2025-07-30 00:00:00,52.86632002035365,0.0,132.02,off_peak,90.8,52.86632002035365
2025-07-30 01:00:00,50.21219061243161,0.0,113.0,off_peak,90.8,50.21219061243161
2025-07-30 02:00:00,48.49289767236996,0.0,114.86,off_peak,90.8,48.49289767236996
2025-07-30 03:00:00,47.308461417900084,0.0,109.28,off_peak,90.8,47.308461417900084
2025-07-30 04:00:00,46.98909771577862,0.0,109.28,off_peak,90.8,46.98909771577862
2025-07-30 05:00:00,47.67045862394552,0.0,111.14,off_peak,90.8,47.67045862394552
2025-07-30 06:00:00,49.59826815592628,0.1389,121.18,off_peak,90.8,49.45936815592628
2025-07-30 07:00:00,52.58803951292257,4.167,120.66,off_peak,90.8,48.42103951292257
2025-07-30 08:00:00,56.37854558907291,11.112,119.39,mid_peak,116.6,45.266545589072905
2025-07-30 09:00:00,59.130344478711706,24.5853,125.4,mid_peak,116.6,34.5450444787117
2025-07-30 10:00:00,60.26517083770641,28.891199999999998,128.22,mid_peak,116.6,31.37397083770641
2025-07-30 11:00:00,60.15587403673766,27.0855,130.06,on_peak,150.1,33.07037403673766
2025-07-30 12:00:00,59.64194652579948,33.4749,127.34,mid_peak,116.6,26.167046525799485
2025-07-30 13:00:00,61.635644200208205,27.641099999999998,128.47,on_peak,150.1,33.99454420020821
2025-07-30 14:00:00,63.35416198565306,35.2806,133.95,on_peak,150.1,28.073561985653058
2025-07-30 15:00:00,64.82075452063802,31.252499999999998,133.95,on_peak,150.1,33.56825452063802
2025-07-30 16:00:00,67.10823579481381,17.9181,133.94,on_peak,150.1,49.19013579481381
2025-07-30 17:00:00,68.06322628271099,17.3625,133.89,on_peak,150.1,50.70072628271099
2025-07-30 18:00:00,68.01284123261901,8.1951,128.82,mid_peak,116.6,59.817741232619014
2025-07-30 19:00:00,67.89734319471586,3.4724999999999997,128.97,mid_peak,116.6,64.42484319471586
2025-07-30 20:00:00,66.05247520673268,0.41669999999999996,125.99,mid_peak,116.6,65.63577520673267
2025-07-30 21:00:00,62.615439635842975,0.0,122.59,mid_peak,116.6,62.615439635842975
2025-07-30 22:00:00,59.69078126665786,0.0,121.08,off_peak,90.8,59.69078126665786
2025-07-30 23:00:00,56.28785249890735,0.0,119.1,off_peak,90.8,56.28785249890735
2025-07-31 00:00:00,52.416730342609846,0.0,117.02,off_peak,90.8,52.416730342609846
2025-07-31 01:00:00,50.0036740205125,0.0,115.16,off_peak,90.8,50.0036740205125
2025-07-31 02:00:00,48.289807162768454,0.0,92.82,off_peak,90.8,48.289807162768454
2025-07-31 03:00:00,47.15808142224095,0.0,92.82,off_peak,90.8,47.15808142224095
2025-07-31 04:00:00,46.85499596707228,0.0,92.82,off_peak,90.8,46.85499596707228
2025-07-31 05:00:00,47.40535574500004,0.0,92.78,off_peak,90.8,47.40535574500004
2025-07-31 06:00:00,49.495947746508726,0.0,121.05,off_peak,90.8,49.495947746508726
2025-07-31 07:00:00,52.65237734611694,1.5279,120.54,off_peak,90.8,51.12447734611694
2025-07-31 08:00:00,56.1839817802562,4.8614999999999995,119.86,mid_peak,116.6,51.3224817802562
2025-07-31 09:00:00,58.33891161495925,8.334,122.42,mid_peak,116.6,50.004911614959255
2025-07-31 10:00:00,59.11484138637571,20.557199999999998,126.92,mid_peak,116.6,38.55764138637571
2025-07-31 11:00:00,58.73811624261108,23.057399999999998,126.92,on_peak,150.1,35.68071624261108
2025-07-31 12:00:00,57.823433794787476,20.2794,121.92,mid_peak,116.6,37.54403379478748
2025-07-31 13:00:00,59.34118653448121,26.668799999999997,128.14,on_peak,150.1,32.67238653448121
2025-07-31 14:00:00,60.89614669578133,27.0855,128.14,on_peak,150.1,33.81064669578133
2025-07-31 15:00:00,62.37359139540148,21.1128,131.7,on_peak,150.1,41.26079139540148
2025-07-31 16:00:00,64.55255102322533,7.7784,130.93,on_peak,150.1,56.774151023225336
2025-07-31 17:00:00,65.9695336627351,10.6953,130.25,on_peak,150.1,55.2742336627351
2025-07-31 18:00:00,66.78112054652435,7.0839,130.25,mid_peak,116.6,59.69722054652435
2025-07-31 19:00:00,66.82065343198114,3.4724999999999997,128.07,mid_peak,116.6,63.348153431981146
2025-07-31 20:00:00,65.04167358642592,0.41669999999999996,128.06,mid_peak,116.6,64.62497358642591
2025-07-31 21:00:00,61.792225432801736,0.0,119.77,mid_peak,116.6,61.792225432801736
2025-07-31 22:00:00,58.82415840507584,0.0,119.86,off_peak,90.8,58.82415840507584
2025-07-31 23:00:00,55.56385808681647,0.0,119.97,off_peak,90.8,55.56385808681647
2025-08-01 00:00:00,51.73226881597574,0.0,116.19,off_peak,90.8,51.73226881597574
2025-08-01 01:00:00,49.16960765283606,0.0,113.1,off_peak,90.8,49.16960765283606
2025-08-01 02:00:00,47.514652545968794,0.0,113.1,off_peak,90.8,47.514652545968794
2025-08-01 03:00:00,46.44028824708446,0.0,109.42,off_peak,90.8,46.44028824708446
2025-08-01 04:00:00,46.086817741823815,0.0,111.26,off_peak,90.8,46.086817741823815
2025-08-01 05:00:00,46.5883427788932,0.0,113.1,off_peak,90.8,46.5883427788932
2025-08-01 06:00:00,48.461891487697976,0.1389,113.1,off_peak,90.8,48.322991487697976
2025-08-01 07:00:00,50.9284334783545,2.9169,119.33,off_peak,90.8,48.0115334783545
2025-08-01 08:00:00,53.70426216111408,10.5564,119.15,mid_peak,116.6,43.14786216111408
2025-08-01 09:00:00,56.08863776238984,20.1405,119.04,mid_peak,116.6,35.948137762389834
2025-08-01 10:00:00,57.34206277775489,30.4191,118.97,mid_peak,116.6,26.92296277775489
2025-08-01 11:00:00,57.325784530802096,38.0586,120.34,on_peak,150.1,19.267184530802098
2025-08-01 12:00:00,57.345163396222084,38.891999999999996,120.34,mid_peak,116.6,18.453163396222088
2025-08-01 13:00:00,59.1396463341133,23.057399999999998,120.34,on_peak,150.1,36.08224633411331
2025-08-01 14:00:00,60.563605365174276,16.3902,126.65,on_peak,150.1,44.173405365174276
2025-08-01 15:00:00,61.896096151452895,11.9454,129.98,on_peak,150.1,49.950696151452895
2025-08-01 16:00:00,64.13784330323752,9.5841,124.89,on_peak,150.1,54.55374330323752
2025-08-01 17:00:00,65.57342965355048,9.5841,125.41,on_peak,150.1,55.98932965355048
2025-08-01 18:00:00,66.39974447505892,7.0839,124.76,mid_peak,116.6,59.315844475058924
2025-08-01 19:00:00,66.41369725816132,4.167,124.76,mid_peak,116.6,62.24669725816132
2025-08-01 20:00:00,64.76649369746204,0.5556,121.6,mid_peak,116.6,64.21089369746204
2025-08-01 21:00:00,61.524797090005855,0.0,117.0,mid_peak,116.6,61.524797090005855
2025-08-01 22:00:00,58.700908821004695,0.0,116.94,off_peak,90.8,58.700908821004695
2025-08-01 23:00:00,55.55068045833087,0.0,116.92,off_peak,90.8,55.55068045833087
2025-08-02 00:00:00,51.81986128767411,0.0,115.5,off_peak,90.8,51.81986128767411
2025-08-02 01:00:00,49.189761672872855,0.0,115.5,off_peak,90.8,49.189761672872855
2025-08-02 02:00:00,47.28830739786329,0.0,113.48,off_peak,90.8,47.28830739786329
2025-08-02 03:00:00,46.118599081112606,0.0,111.64,off_peak,90.8,46.118599081112606
2025-08-02 04:00:00,45.58839332322164,0.0,111.64,off_peak,90.8,45.58839332322164
2025-08-02 05:00:00,45.61242311634243,0.0,111.64,off_peak,90.8,45.61242311634243
2025-08-02 06:00:00,46.19688969740937,0.1389,113.48,off_peak,90.8,46.05798969740937
2025-08-02 07:00:00,46.94723936647144,3.7502999999999997,115.32,off_peak,90.8,43.19693936647144
2025-08-02 08:00:00,47.865797587379035,8.1951,116.29,mid_peak,116.6,39.67069758737904
2025-08-02 09:00:00,49.83081454096618,16.2513,116.93,mid_peak,116.6,33.57951454096618
2025-08-02 10:00:00,51.314460477520726,20.835,122.45,mid_peak,116.6,30.479460477520725
2025-08-02 11:00:00,51.726842733658145,27.5022,122.55,mid_peak,116.6,24.224642733658147
2025-08-02 12:00:00,52.25782364616592,37.3641,123.5,mid_peak,116.6,14.893723646165917
2025-08-02 13:00:00,53.24924640105268,17.2236,123.5,mid_peak,116.6,36.02564640105268
2025-08-02 14:00:00,54.3414392561234,34.725,123.41,mid_peak,116.6,19.6164392561234
2025-08-02 15:00:00,56.028950856896266,37.9197,122.41,mid_peak,116.6,18.109250856896267
2025-08-02 16:00:00,58.2218632678225,36.8085,118.12,mid_peak,116.6,21.413363267822497
2025-08-02 17:00:00,60.5085693873815,24.5853,118.29,mid_peak,116.6,35.923269387381495
2025-08-02 18:00:00,61.98911470546885,17.084699999999998,122.11,mid_peak,116.6,44.90441470546885
2025-08-02 19:00:00,62.42475160011026,7.0839,147.41,mid_peak,116.6,55.34085160011026
2025-08-02 20:00:00,61.439530082157894,0.5556,140.05,mid_peak,116.6,60.883930082157896
2025-08-02 21:00:00,58.655174698613514,0.0,120.06,mid_peak,116.6,58.655174698613514
2025-08-02 22:00:00,56.24986992268417,0.0,116.93,off_peak,90.8,56.24986992268417
2025-08-02 23:00:00,53.58333804089333,0.0,116.87,off_peak,90.8,53.58333804089333
2025-08-03 00:00:00,50.16645649004043,0.0,115.93,off_peak,90.8,50.16645649004043
2025-08-03 01:00:00,47.696813880916714,0.0,116.11,off_peak,90.8,47.696813880916714
2025-08-03 02:00:00,46.124025163430204,0.0,115.93,off_peak,90.8,46.124025163430204
2025-08-03 03:00:00,44.96826962978191,0.0,108.55,off_peak,90.8,44.96826962978191
2025-08-03 04:00:00,44.600846341418865,0.0,76.5,off_peak,90.8,44.600846341418865
2025-08-03 05:00:00,44.62332582530606,0.0,108.95,off_peak,90.8,44.62332582530606
2025-08-03 06:00:00,45.376000958218526,0.1389,115.93,off_peak,90.8,45.23710095821853
2025-08-03 07:00:00,46.62089927279878,2.0835,114.09,off_peak,90.8,44.53739927279878
2025-08-03 08:00:00,48.77505395288504,4.7226,115.93,off_peak,90.8,44.05245395288504
2025-08-03 09:00:00,50.89432667521531,7.7784,116.9,off_peak,90.8,43.11592667521531
2025-08-03 10:00:00,52.9678652751544,9.3063,116.73,off_peak,90.8,43.6615652751544
2025-08-03 11:00:00,54.62824646433928,21.6684,118.18,off_peak,90.8,32.95984646433928
2025-08-03 12:00:00,55.206511808471824,10.6953,125.37,off_peak,90.8,44.51121180847183
2025-08-03 13:00:00,55.57936117915246,16.5291,125.89,off_peak,90.8,39.05026117915246
2025-08-03 14:00:00,56.11421786474423,15.5568,122.95,off_peak,90.8,40.557417864744224
2025-08-03 15:00:00,57.46608751644283,11.2509,122.4,off_peak,90.8,46.21518751644283
2025-08-03 16:00:00,58.11101615762015,4.583699999999999,120.45,off_peak,90.8,53.52731615762015
2025-08-03 17:00:00,58.9078751036902,3.0558,120.51,off_peak,90.8,55.852075103690204
2025-08-03 18:00:00,59.16677674570129,1.9446,139.25,off_peak,90.8,57.22217674570129
2025-08-03 19:00:00,59.08073458323653,1.8056999999999999,132.62,off_peak,90.8,57.275034583236526
2025-08-03 20:00:00,57.97536409968021,1.1112,132.0,off_peak,90.8,56.86416409968022
2025-08-03 21:00:00,55.10186593520387,0.0,122.38,off_peak,90.8,55.10186593520387
2025-08-03 22:00:00,52.26945096541791,0.0,156.78,off_peak,90.8,52.26945096541791
2025-08-03 23:00:00,49.769577326239,0.0,117.41,off_peak,90.8,49.769577326239
2025-08-04 00:00:00,46.86662328632428,0.0,116.43,off_peak,90.8,46.86662328632428
2025-08-04 01:00:00,44.84036911800996,0.0,114.79,off_peak,90.8,44.84036911800996
2025-08-04 02:00:00,43.63500368888649,0.0,112.95,off_peak,90.8,43.63500368888649
2025-08-04 03:00:00,43.050537107819544,0.0,107.44,off_peak,90.8,43.050537107819544
2025-08-04 04:00:00,43.162934527255494,0.0,88.57,off_peak,90.8,43.162934527255494
2025-08-04 05:00:00,44.31481428781979,0.0,107.44,off_peak,90.8,44.31481428781979
2025-08-04 06:00:00,47.29915956249849,0.0,118.82,off_peak,90.8,47.29915956249849
2025-08-04 07:00:00,51.6090192319046,0.8333999999999999,118.82,off_peak,90.8,50.7756192319046
2025-08-04 08:00:00,56.53822744013364,3.6113999999999997,119.09,mid_peak,116.6,52.926827440133636
2025-08-04 09:00:00,60.48376443964391,11.8065,120.23,mid_peak,116.6,48.67726443964391
2025-08-04 10:00:00,62.28367345985272,24.8631,150.33,mid_peak,116.6,37.42057345985272
2025-08-04 11:00:00,62.02322150860804,27.779999999999998,128.82,on_peak,150.1,34.243221508608045
2025-08-04 12:00:00,60.94808205510691,22.6407,122.33,mid_peak,116.6,38.30738205510691
2025-08-04 13:00:00,62.186003978135965,28.752299999999995,128.76,on_peak,150.1,33.433703978135966
2025-08-04 14:00:00,63.31617940942987,20.1405,130.31,on_peak,150.1,43.175679409429875
2025-08-04 15:00:00,64.89361905461718,23.1963,130.31,on_peak,150.1,41.697319054617175
2025-08-04 16:00:00,66.42920035049731,25.279799999999998,130.36,on_peak,150.1,41.14940035049732
2025-08-04 17:00:00,66.61601261314603,25.418699999999998,130.66,on_peak,150.1,41.197312613146025
2025-08-04 18:00:00,66.72065848641398,9.8619,131.69,mid_peak,116.6,56.85875848641398
2025-08-04 19:00:00,66.43772705128211,2.2224,131.69,mid_peak,116.6,64.21532705128212
2025-08-04 20:00:00,64.27969659811185,0.6945,128.76,mid_peak,116.6,63.58519659811186
2025-08-04 21:00:00,61.069781329944455,0.0,119.08,mid_peak,116.6,61.069781329944455
2025-08-04 22:00:00,58.346663161127246,0.0,119.08,off_peak,90.8,58.346663161127246
2025-08-04 23:00:00,55.23054160159261,0.0,118.77,off_peak,90.8,55.23054160159261
2025-08-05 00:00:00,51.52297706943984,0.0,115.29,off_peak,90.8,51.52297706943984
2025-08-05 01:00:00,49.18511074517206,0.0,76.29,off_peak,90.8,49.18511074517206
2025-08-05 02:00:00,47.81696284652066,0.0,75.82,off_peak,90.8,47.81696284652066
2025-08-05 03:00:00,46.88522699712747,0.0,75.82,off_peak,90.8,46.88522699712747
2025-08-05 04:00:00,46.69298865216115,0.0,75.82,off_peak,90.8,46.69298865216115
2025-08-05 05:00:00,47.55418543142557,0.0,75.82,off_peak,90.8,47.55418543142557
2025-08-05 06:00:00,50.057159689071675,0.0,115.29,off_peak,90.8,50.057159689071675
2025-08-05 07:00:00,53.31668485271425,3.8892,118.44,off_peak,90.8,49.42748485271425
2025-08-05 08:00:00,57.27617463532692,8.056199999999999,118.38,mid_peak,116.6,49.21997463532692
2025-08-05 09:00:00,60.14502187210246,24.0297,118.38,mid_peak,116.6,36.11532187210246
2025-08-05 10:00:00,61.53642440925785,33.336,118.21,mid_peak,116.6,28.20042440925785
2025-08-05 11:00:00,61.28449915879796,36.8085,119.75,on_peak,150.1,24.47599915879796
2025-08-05 12:00:00,60.53492464435269,39.1698,118.61,mid_peak,116.6,21.36512464435269
2025-08-05 13:00:00,62.22476170897595,41.114399999999996,118.13,on_peak,150.1,21.11036170897595
2025-08-05 14:00:00,63.34175951178426,35.8362,120.77,on_peak,150.1,27.505559511784263
2025-08-05 15:00:00,64.52852123010454,38.6142,124.83,on_peak,150.1,25.914321230104548
2025-08-05 16:00:00,66.9051452852123,30.558000000000003,125.05,on_peak,150.1,36.34714528521229
2025-08-05 17:00:00,67.91594690551906,15.417900000000001,125.18,on_peak,150.1,52.49804690551906
2025-08-05 18:00:00,68.12911442513897,10.5564,125.12,mid_peak,116.6,57.57271442513897
2025-08-05 19:00:00,67.99346236719903,3.3335999999999997,125.04,mid_peak,116.6,64.65986236719903
2025-08-05 20:00:00,65.91294737570874,0.2778,119.21,mid_peak,116.6,65.63514737570874
2025-08-05 21:00:00,62.47823726866944,0.0,118.44,mid_peak,116.6,62.47823726866944
2025-08-05 22:00:00,59.56908199182031,0.0,118.61,off_peak,90.8,59.56908199182031
2025-08-05 23:00:00,56.33358662129853,0.0,118.61,off_peak,90.8,56.33358662129853
2025-08-06 00:00:00,52.498896731990605,0.0,114.95,off_peak,90.8,52.498896731990605
2025-08-06 01:00:00,50.21606638551561,0.0,84.4,off_peak,90.8,50.21606638551561
2025-08-06 02:00:00,48.882800444620194,0.0,84.38,off_peak,90.8,48.882800444620194
2025-08-06 03:00:00,48.06656263313015,0.0,84.37,off_peak,90.8,48.06656263313015
2025-08-06 04:00:00,47.991372635300586,0.0,84.38,off_peak,90.8,47.991372635300586
2025-08-06 05:00:00,48.96884260708495,0.0,84.36,off_peak,90.8,48.96884260708495
2025-08-06 06:00:00,51.712889950555756,0.0,116.04,off_peak,90.8,51.712889950555756
2025-08-06 07:00:00,56.089412917006634,1.1112,118.27,off_peak,90.8,54.97821291700664
2025-08-06 08:00:00,61.71626028035537,3.4724999999999997,127.74,mid_peak,116.6,58.243760280355374
2025-08-06 09:00:00,65.82302944015997,5.1392999999999995,118.97,mid_peak,116.6,60.68372944015997
2025-08-06 10:00:00,67.47410877394326,10.5564,118.97,mid_peak,116.6,56.91770877394326
2025-08-06 11:00:00,67.22915991503456,17.6403,118.97,on_peak,150.1,49.58885991503456
2025-08-06 12:00:00,66.04007273286388,5.0004,118.1,mid_peak,116.6,61.03967273286388
2025-08-06 13:00:00,67.78262031142951,8.4729,120.38,on_peak,150.1,59.309720311429516
2025-08-06 14:00:00,68.059350509627,3.3335999999999997,125.52,on_peak,150.1,64.72575050962699
2025-08-06 15:00:00,67.51751743248403,2.5002,135.43,on_peak,150.1,65.01731743248402
2025-08-06 16:00:00,67.78727123913032,2.9169,123.62,on_peak,150.1,64.87037123913032
2025-08-06 17:00:00,66.99118744767706,3.0558,119.69,on_peak,150.1,63.935387447677066
2025-08-06 18:00:00,66.8888670382595,6.8061,119.64,mid_peak,116.6,60.082767038259504
2025-08-06 19:00:00,66.53384622376527,6.5283,119.64,mid_peak,116.6,60.005546223765265
2025-08-06 20:00:00,64.4044964914166,0.8333999999999999,119.21,mid_peak,116.6,63.5710964914166
2025-08-06 21:00:00,61.28915008649876,0.0,119.6,mid_peak,116.6,61.28915008649876
2025-08-06 22:00:00,58.71021067640629,0.0,118.27,off_peak,90.8,58.71021067640629
2025-08-06 23:00:00,55.611917673058045,0.0,118.43,off_peak,90.8,55.611917673058045
2025-08-07 00:00:00,51.755523454479736,0.0,114.5,off_peak,90.8,51.755523454479736
2025-08-07 01:00:00,49.48199496340633,0.0,85.47,off_peak,90.8,49.48199496340633
2025-08-07 02:00:00,48.08904211701734,0.0,81.87,off_peak,90.8,48.08904211701734
2025-08-07 03:00:00,47.31543780945128,0.0,81.87,off_peak,90.8,47.31543780945128
2025-08-07 04:00:00,47.16970874149294,0.0,81.87,off_peak,90.8,47.16970874149294
2025-08-07 05:00:00,47.93246088442381,0.0,81.87,off_peak,90.8,47.93246088442381
2025-08-07 06:00:00,50.436985451303514,0.0,114.5,off_peak,90.8,50.436985451303514
2025-08-07 07:00:00,54.216639362818654,2.2224,120.01,off_peak,90.8,51.994239362818654
2025-08-07 08:00:00,59.086160665554125,9.167399999999999,123.19,mid_peak,116.6,49.918760665554125
2025-08-07 09:00:00,62.68985447905575,24.7242,121.26,mid_peak,116.6,37.96565447905574
2025-08-07 10:00:00,64.4075971098838,34.0305,124.25,mid_peak,116.6,30.377097109883792
2025-08-07 11:00:00,62.8038022077253,40.4199,124.25,on_peak,150.1,22.3839022077253
2025-08-07 12:00:00,60.80700391484937,45.836999999999996,120.98,mid_peak,116.6,14.970003914849372
2025-08-07 13:00:00,62.5619539672838,48.615,124.25,on_peak,150.1,13.946953967283797
2025-08-07 14:00:00,63.28904899784188,42.6423,124.25,on_peak,150.1,20.646748997841883
2025-08-07 15:00:00,64.08513278929513,42.0867,124.25,on_peak,150.1,21.99843278929513
2025-08-07 16:00:00,66.20983159394301,37.7808,120.98,on_peak,150.1,28.42903159394301
2025-08-07 17:00:00,66.9252993052491,26.668799999999997,121.09,on_peak,150.1,40.2564993052491
2025-08-07 18:00:00,67.47953485626086,16.112399999999997,121.26,mid_peak,116.6,51.36713485626086
2025-08-07 19:00:00,67.16869785492419,6.1116,121.32,mid_peak,116.6,61.05709785492419
2025-08-07 20:00:00,64.72851112123885,1.1112,121.49,mid_peak,116.6,63.617311121238856
2025-08-07 21:00:00,61.28527431341476,0.0,121.49,mid_peak,116.6,61.28527431341476
2025-08-07 22:00:00,58.4536344982456,0.0,121.66,off_peak,90.8,58.4536344982456
2025-08-07 23:00:00,55.310382527122975,0.0,118.18,off_peak,90.8,55.310382527122975
2025-08-08 00:00:00,51.62219686039019,0.0,115.07,off_peak,90.8,51.62219686039019
2025-08-08 01:00:00,49.15332940588328,0.0,113.24,off_peak,90.8,49.15332940588328
2025-08-08 02:00:00,47.621623883087146,0.0,109.56,off_peak,90.8,47.621623883087146
2025-08-08 03:00:00,46.71236751758114,0.0,84.37,off_peak,90.8,46.71236751758114
2025-08-08 04:00:00,46.544934120352416,0.0,84.37,off_peak,90.8,46.544934120352416
2025-08-08 05:00:00,47.247224203172905,0.0,84.37,off_peak,90.8,47.247224203172905
2025-08-08 06:00:00,49.27657898995442,0.1389,109.9,off_peak,90.8,49.13767898995442
2025-08-08 07:00:00,52.56711033826898,2.9169,117.54,off_peak,90.8,49.650210338268984
2025-08-08 08:00:00,56.6227192933648,7.7784,118.39,mid_peak,116.6,48.844319293364805
2025-08-08 09:00:00,59.34506230756521,10.9731,118.22,mid_peak,116.6,48.371962307565205
2025-08-08 10:00:00,60.48221413041031,7.917299999999999,118.16,mid_peak,116.6,52.564914130410315
2025-08-08 11:00:00,60.289200630827196,9.167399999999999,117.99,on_peak,150.1,51.121800630827195
2025-08-08 12:00:00,59.1411966433469,14.7234,117.88,mid_peak,116.6,44.417796643346904
2025-08-08 13:00:00,61.35193761045953,19.5849,117.88,on_peak,150.1,41.767037610459525
2025-08-08 14:00:00,62.51156891719182,15.973499999999998,119.92,on_peak,150.1,46.53806891719182
2025-08-08 15:00:00,63.689028780110505,8.334,120.17,on_peak,150.1,55.3550287801105
2025-08-08 16:00:00,65.7486145969472,3.3335999999999997,120.17,on_peak,150.1,62.41501459694721
2025-08-08 17:00:00,65.5400980050281,7.5005999999999995,120.17,on_peak,150.1,58.0394980050281
2025-08-08 18:00:00,64.79052349058283,7.639500000000001,120.77,mid_peak,116.6,57.15102349058283
2025-08-08 19:00:00,64.43240205762139,5.4171,120.79,mid_peak,116.6,59.01530205762139
2025-08-08 20:00:00,62.50536768025743,0.2778,119.67,mid_peak,116.6,62.22756768025743
2025-08-08 21:00:00,59.39312189380679,0.0,118.56,mid_peak,116.6,59.39312189380679
2025-08-08 22:00:00,57.0816108265102,0.0,118.56,off_peak,90.8,57.0816108265102
2025-08-08 23:00:00,54.43135719167216,0.0,118.56,off_peak,90.8,54.43135719167216
2025-08-09 00:00:00,50.956339044559286,0.0,117.4,off_peak,90.8,50.956339044559286
2025-08-09 01:00:00,48.845593023013805,0.0,115.99,off_peak,90.8,48.845593023013805
2025-08-09 02:00:00,47.33481667487127,0.0,113.28,off_peak,90.8,47.33481667487127
2025-08-09 03:00:00,46.3573467030869,0.0,78.56,off_peak,90.8,46.3573467030869
2025-08-09 04:00:00,46.001550733975854,0.0,78.56,off_peak,90.8,46.001550733975854
2025-08-09 05:00:00,46.1162736172622,0.0,78.56,off_peak,90.8,46.1162736172622
2025-08-09 06:00:00,46.892203388678666,0.0,78.56,off_peak,90.8,46.892203388678666
2025-08-09 07:00:00,48.65568014189789,1.389,116.56,off_peak,90.8,47.266680141897886
2025-08-09 08:00:00,50.98269430153047,2.9169,118.82,mid_peak,116.6,48.065794301530474
2025-08-09 09:00:00,53.34304010968544,4.3059,121.37,mid_peak,116.6,49.03714010968544
2025-08-09 10:00:00,55.034427483542295,5.4171,121.24,mid_peak,116.6,49.6173274835423
2025-08-09 11:00:00,56.08243652545544,5.8338,121.24,mid_peak,116.6,50.24863652545544
2025-08-09 12:00:00,55.73981818482999,3.0558,121.24,mid_peak,116.6,52.684018184829995
2025-08-09 13:00:00,56.02972601151306,8.6118,121.24,mid_peak,116.6,47.41792601151306
2025-08-09 14:00:00,55.59408911687165,6.1116,154.75,mid_peak,116.6,49.48248911687165
2025-08-09 15:00:00,55.165428613781444,8.056199999999999,121.37,mid_peak,116.6,47.10922861378145
2025-08-09 16:00:00,54.72359048220564,7.7784,121.5,mid_peak,116.6,46.94519048220564
2025-08-09 17:00:00,54.511198117202525,7.0839,118.82,mid_peak,116.6,47.427298117202525
2025-08-09 18:00:00,54.90032573483596,9.5841,121.5,mid_peak,116.6,45.31622573483596
2025-08-09 19:00:00,55.160002531463846,3.8892,121.55,mid_peak,116.6,51.27080253146384
2025-08-09 20:00:00,54.38562306928098,0.5556,121.55,mid_peak,116.6,53.83002306928098
2025-08-09 21:00:00,52.45238745498263,0.0,118.82,mid_peak,116.6,52.45238745498263
2025-08-09 22:00:00,50.84161616127293,0.0,119.5,off_peak,90.8,50.84161616127293
2025-08-09 23:00:00,48.76110116978265,0.0,118.82,off_peak,90.8,48.76110116978265
2025-08-10 00:00:00,45.96279300313587,0.0,119.26,off_peak,90.8,45.96279300313587
2025-08-10 01:00:00,44.01870522420232,0.0,79.57,off_peak,90.8,44.01870522420232
2025-08-10 02:00:00,42.632728769364526,0.0,77.29,off_peak,90.8,42.632728769364526
2025-08-10 03:00:00,41.79478662860409,0.0,76.5,off_peak,90.8,41.79478662860409
2025-08-10 04:00:00,41.5529383881626,0.0,76.5,off_peak,90.8,41.5529383881626
2025-08-10 05:00:00,41.64518178756176,0.0,76.5,off_peak,90.8,41.64518178756176
2025-08-10 06:00:00,41.988575282804014,0.1389,76.5,off_peak,90.8,41.849675282804014
2025-08-10 07:00:00,42.18701486470472,4.167,76.5,off_peak,90.8,38.02001486470472
2025-08-10 08:00:00,42.48157361908859,14.0289,76.5,off_peak,90.8,28.452673619088593
2025-08-10 09:00:00,42.63350392398133,22.6407,119.47,off_peak,90.8,19.99280392398133
2025-08-10 10:00:00,42.580018255422154,29.7246,120.89,off_peak,90.8,12.855418255422155
2025-08-10 11:00:00,42.39630661124063,38.891999999999996,123.06,off_peak,90.8,3.5043066112406365
2025-08-10 12:00:00,42.707918767194094,46.5315,122.93,off_peak,90.8,0.0
2025-08-10 13:00:00,43.803212240732016,46.8093,122.93,off_peak,90.8,0.0
2025-08-10 14:00:00,45.19151415942021,42.5034,122.88,off_peak,90.8,2.688114159420209
2025-08-10 15:00:00,47.10071998059777,42.9201,122.88,off_peak,90.8,4.1806199805977755
2025-08-10 16:00:00,49.676558772223046,39.030899999999995,122.93,off_peak,90.8,10.645658772223051
2025-08-10 17:00:00,53.18103279477431,24.5853,159.63,off_peak,90.8,28.59573279477431
2025-08-10 18:00:00,55.843688903481144,18.334799999999998,123.14,off_peak,90.8,37.50888890348115
2025-08-10 19:00:00,56.66690310652238,7.222799999999999,123.32,off_peak,90.8,49.444103106522384
2025-08-10 20:00:00,55.88864787125552,0.5556,123.32,off_peak,90.8,55.33304787125552
2025-08-10 21:00:00,53.74689566503806,0.0,121.86,off_peak,90.8,53.74689566503806
2025-08-10 22:00:00,51.27570274668074,0.0,120.89,off_peak,90.8,51.27570274668074
2025-08-10 23:00:00,48.77505395288504,0.0,120.89,off_peak,90.8,48.77505395288504
2025-08-11 00:00:00,45.78450744127195,0.0,117.09,off_peak,90.8,45.78450744127195
2025-08-11 01:00:00,43.895455640131175,0.0,75.19,off_peak,90.8,43.895455640131175
2025-08-11 02:00:00,42.615675367794935,0.0,75.19,off_peak,90.8,42.615675367794935
2025-08-11 03:00:00,42.0203566220928,0.0,75.19,off_peak,90.8,42.0203566220928
2025-08-11 04:00:00,42.20251795704072,0.0,75.19,off_peak,90.8,42.20251795704072
2025-08-11 05:00:00,43.51252925943214,0.0,75.12,off_peak,90.8,43.51252925943214
2025-08-11 06:00:00,46.3581218577037,0.0,75.19,off_peak,90.8,46.3581218577037
2025-08-11 07:00:00,51.03928058855685,1.5279,118.5,off_peak,90.8,49.51138058855685
2025-08-11 08:00:00,56.97463948939185,3.3335999999999997,118.5,mid_peak,116.6,53.64103948939185
2025-08-11 09:00:00,61.33488420888994,7.917299999999999,120.92,mid_peak,116.6,53.41758420888994
2025-08-11 10:00:00,62.99991632577561,7.639500000000001,120.92,mid_peak,116.6,55.36041632577561
2025-08-11 11:00:00,63.148746012201144,14.7234,120.92,on_peak,150.1,48.425346012201146
2025-08-11 12:00:00,62.439479537829456,15.140100000000002,120.48,mid_peak,116.6,47.29937953782945
2025-08-11 13:00:00,64.98431214478273,15.5568,120.48,on_peak,150.1,49.42751214478273
2025-08-11 14:00:00,65.94317840576392,15.417900000000001,149.52,on_peak,150.1,50.52527840576391
2025-08-11 15:00:00,65.74008789616241,15.834599999999998,120.48,on_peak,150.1,49.90548789616241
2025-08-11 16:00:00,65.59745944667127,13.0566,122.04,on_peak,150.1,52.54085944667126
2025-08-11 17:00:00,64.30062577276544,14.3067,122.04,on_peak,150.1,49.993925772765444
2025-08-11 18:00:00,63.29214961630908,8.8896,122.04,mid_peak,116.6,54.40254961630908
2025-08-11 19:00:00,62.49994159793983,3.0558,122.04,mid_peak,116.6,59.44414159793983
2025-08-11 20:00:00,60.33493475321838,0.2778,120.92,mid_peak,116.6,60.05713475321838
2025-08-11 21:00:00,57.39167267323007,0.0,120.92,mid_peak,116.6,57.39167267323007
2025-08-11 22:00:00,55.14062366604385,0.0,120.92,off_peak,90.8,55.14062366604385
2025-08-11 23:00:00,52.61749538836096,0.0,118.5,off_peak,90.8,52.61749538836096
2025-08-12 00:00:00,49.23859641373124,0.0,118.26,off_peak,90.8,49.23859641373124
2025-08-12 01:00:00,47.32163904638568,0.0,84.35,off_peak,90.8,47.32163904638568
2025-08-12 02:00:00,46.24649959288455,0.0,84.34,off_peak,90.8,46.24649959288455
2025-08-12 03:00:00,45.55118590161525,0.0,84.33,off_peak,90.8,45.55118590161525
2025-08-12 04:00:00,45.53723311851286,0.0,84.34,off_peak,90.8,45.53723311851286
2025-08-12 05:00:00,46.502300616428435,0.0,84.35,off_peak,90.8,46.502300616428435
2025-08-12 06:00:00,48.908380546974584,0.1389,95.63,off_peak,90.8,48.769480546974584
2025-08-12 07:00:00,52.70896363314332,3.6113999999999997,118.33,off_peak,90.8,49.097563633143324
2025-08-12 08:00:00,57.525774421936404,12.2232,119.27,mid_peak,116.6,45.302574421936406
2025-08-12 09:00:00,60.54035072667029,23.4741,125.52,mid_peak,116.6,37.06625072667029
2025-08-12 10:00:00,61.793775742035336,32.224799999999995,125.59,mid_peak,116.6,29.56897574203534
2025-08-12 11:00:00,61.507743688436264,40.5588,125.59,on_peak,150.1,20.948943688436266
2025-08-12 12:00:00,60.131069089000064,45.6981,125.5,mid_peak,116.6,14.432969089000068
2025-08-12 13:00:00,62.034073673243235,46.3926,125.51,on_peak,150.1,15.641473673243233
2025-08-12 14:00:00,63.289824152458685,43.753499999999995,119.52,on_peak,150.1,19.53632415245869
2025-08-12 15:00:00,64.59130875406531,39.5865,128.39,on_peak,150.1,25.00480875406531
2025-08-12 16:00:00,66.06100190751746,34.863899999999994,119.56,on_peak,150.1,31.19710190751747
2025-08-12 17:00:00,65.80907665705757,24.4464,119.56,on_peak,150.1,41.36267665705758
2025-08-12 18:00:00,64.97423513476434,16.5291,120.26,mid_peak,116.6,48.44513513476434
2025-08-12 19:00:00,64.25179103190706,5.556,120.28,mid_peak,116.6,58.69579103190706
2025-08-12 20:00:00,61.94105511922727,0.41669999999999996,119.27,mid_peak,116.6,61.52435511922727
2025-08-12 21:00:00,58.90167386675581,0.0,119.27,mid_peak,116.6,58.90167386675581
2025-08-12 22:00:00,56.64984970495279,0.0,119.4,off_peak,90.8,56.64984970495279
2025-08-12 23:00:00,54.016649471684346,0.0,116.85,off_peak,90.8,54.016649471684346
2025-08-13 00:00:00,50.58969091081305,0.0,109.8,off_peak,90.8,50.58969091081305
2025-08-13 01:00:00,48.530105093976346,0.0,97.86,off_peak,90.8,48.530105093976346
2025-08-13 02:00:00,47.27978069707849,0.0,96.02,off_peak,90.8,47.27978069707849
2025-08-13 03:00:00,46.68213648752596,0.0,90.51,off_peak,90.8,46.68213648752596
2025-08-13 04:00:00,46.54105834726842,0.0,84.24,off_peak,90.8,46.54105834726842
2025-08-13 05:00:00,47.45031471277442,0.0,84.24,off_peak,90.8,47.45031471277442
2025-08-13 06:00:00,50.196687520095615,0.0,109.29,off_peak,90.8,50.196687520095615
2025-08-13 07:00:00,54.32283554532021,0.1389,116.93,off_peak,90.8,54.18393554532021
2025-08-13 08:00:00,59.31018034980922,0.5556,115.1,mid_peak,116.6,58.754580349809224
2025-08-13 09:00:00,62.233288409760746,0.5556,131.69,mid_peak,116.6,61.67768840976075
2025-08-13 10:00:00,62.52474654567742,0.41669999999999996,131.69,mid_peak,116.6,62.10804654567742
2025-08-13 11:00:00,61.4232518352051,0.41669999999999996,120.83,on_peak,150.1,61.0065518352051
2025-08-13 12:00:00,60.10626414126248,0.5556,120.68,mid_peak,116.6,59.55066414126248
2025-08-13 13:00:00,62.64954643898216,2.2224,120.68,on_peak,150.1,60.42714643898216
2025-08-13 14:00:00,63.633992802317735,8.334,117.91,on_peak,150.1,55.29999280231773
2025-08-13 15:00:00,64.20295629104868,5.0004,117.91,on_peak,150.1,59.20255629104868
2025-08-13 16:00:00,65.2819715176338,2.5002,119.4,on_peak,150.1,62.78177151763381
2025-08-13 17:00:00,65.81837851245918,4.167,117.91,on_peak,150.1,61.651378512459175
2025-08-13 18:00:00,66.10441056605825,1.5279,117.91,mid_peak,116.6,64.57651056605825
2025-08-13 19:00:00,65.41994903942415,0.1389,117.91,mid_peak,116.6,65.28104903942415
2025-08-13 20:00:00,62.858838185518074,0.1389,120.0,mid_peak,116.6,62.719938185518075
2025-08-13 21:00:00,59.548152817166724,0.0,116.65,mid_peak,116.6,59.548152817166724
2025-08-13 22:00:00,57.26377216145812,0.0,116.43,off_peak,90.8,57.26377216145812
2025-08-13 23:00:00,54.54065399264091,0.0,116.43,off_peak,90.8,54.54065399264091
2025-08-14 00:00:00,50.937735333756095,0.0,115.01,off_peak,90.8,50.937735333756095
2025-08-14 01:00:00,49.01147611100894,0.0,113.17,off_peak,90.8,49.01147611100894
2025-08-14 02:00:00,47.74874924024229,0.0,113.17,off_peak,90.8,47.74874924024229
2025-08-14 03:00:00,46.933286583369046,0.0,113.17,off_peak,90.8,46.933286583369046
2025-08-14 04:00:00,46.85809658553948,0.0,107.66,off_peak,90.8,46.85809658553948
2025-08-14 05:00:00,47.88595160741583,0.0,84.24,off_peak,90.8,47.88595160741583
2025-08-14 06:00:00,50.41683143126672,0.1389,119.66,off_peak,90.8,50.27793143126672
2025-08-14 07:00:00,54.022075554001944,0.41669999999999996,120.16,off_peak,90.8,53.605375554001945
2025-08-14 08:00:00,58.41410161278882,0.5556,116.65,mid_peak,116.6,57.85850161278882
2025-08-14 09:00:00,61.28837493188196,4.028099999999999,118.02,mid_peak,116.6,57.26027493188196
2025-08-14 10:00:00,62.325531809159905,5.6949,118.95,mid_peak,116.6,56.63063180915991
2025-08-14 11:00:00,61.39922204208431,3.1947,120.34,on_peak,150.1,58.204522042084314
2025-08-14 12:00:00,60.00239342261132,6.2505,120.34,mid_peak,116.6,53.75189342261132
2025-08-14 13:00:00,61.8829185229673,15.5568,153.99,on_peak,150.1,46.3261185229673
2025-08-14 14:00:00,62.117790371857595,14.7234,118.02,on_peak,150.1,47.3943903718576
2025-08-14 15:00:00,62.68907932443894,7.639500000000001,118.02,on_peak,150.1,55.049579324438945
2025-08-14 16:00:00,64.51534360161895,10.4175,118.95,on_peak,150.1,54.09784360161895
2025-08-14 17:00:00,65.10756172885388,10.4175,120.2,on_peak,150.1,54.69006172885388
2025-08-14 18:00:00,65.64396872367925,5.8338,120.2,mid_peak,116.6,59.810168723679254
2025-08-14 19:00:00,65.26801873453141,2.2224,120.34,mid_peak,116.6,63.04561873453141
2025-08-14 20:00:00,63.13789384756595,0.2778,117.43,mid_peak,116.6,62.86009384756595
2025-08-14 21:00:00,60.30702918701359,0.0,116.68,mid_peak,116.6,60.30702918701359
2025-08-14 22:00:00,58.15287450692733,0.0,120.16,off_peak,90.8,58.15287450692733
2025-08-14 23:00:00,55.37627066955095,0.0,116.65,off_peak,90.8,55.37627066955095
2025-08-15 00:00:00,51.52685284252384,0.0,114.99,off_peak,90.8,51.52685284252384
2025-08-15 01:00:00,49.27502868072082,0.0,114.99,off_peak,90.8,49.27502868072082
2025-08-15 02:00:00,47.68131078858072,0.0,116.83,off_peak,90.8,47.68131078858072
2025-08-15 03:00:00,46.67748555982516,0.0,111.29,off_peak,90.8,46.67748555982516
2025-08-15 04:00:00,46.24107351056695,0.0,111.29,off_peak,90.8,46.24107351056695
2025-08-15 05:00:00,46.37672556850689,0.0,111.29,off_peak,90.8,46.37672556850689
2025-08-15 06:00:00,47.17435966919374,0.1389,114.99,off_peak,90.8,47.03545966919374
2025-08-15 07:00:00,48.08129057084934,1.2501,117.35,off_peak,90.8,46.83119057084934
2025-08-15 08:00:00,49.28122991765522,4.8614999999999995,114.99,off_peak,90.8,44.41972991765522
2025-08-15 09:00:00,50.79355657503135,18.7515,118.14,off_peak,90.8,32.04205657503135
2025-08-15 10:00:00,51.97024128333324,28.474499999999995,118.09,off_peak,90.8,23.495741283333242
2025-08-15 11:00:00,52.052407672714004,11.3898,117.92,off_peak,90.8,40.662607672714
2025-08-15 12:00:00,51.51290005942144,3.7502999999999997,117.92,off_peak,90.8,47.76260005942144
2025-08-15 13:00:00,53.11436949772954,13.0566,117.82,off_peak,90.8,40.05776949772954
2025-08-15 14:00:00,54.23446791900505,18.6126,117.82,off_peak,90.8,35.62186791900505
2025-08-15 15:00:00,55.79330385338917,39.3087,117.82,off_peak,90.8,16.484603853389167
2025-08-15 16:00:00,57.91800265803703,35.14169999999999,117.8,off_peak,90.8,22.77630265803704
2025-08-15 17:00:00,59.86209043697058,19.0293,117.92,off_peak,90.8,40.83279043697058
2025-08-15 18:00:00,61.94260542846087,8.4729,125.51,off_peak,90.8,53.46970542846087
2025-08-15 19:00:00,62.45653293939905,4.167,125.88,off_peak,90.8,58.289532939399045
2025-08-15 20:00:00,61.412399670569904,0.41669999999999996,119.32,off_peak,90.8,60.995699670569905
2025-08-15 21:00:00,58.724938614125485,0.0,119.32,off_peak,90.8,58.724938614125485
2025-08-15 22:00:00,55.9452341582819,0.0,120.1,off_peak,90.8,55.9452341582819
2025-08-15 23:00:00,53.122121043897536,0.0,116.83,off_peak,90.8,53.122121043897536
2025-08-16 00:00:00,49.82461330403178,0.0,115.86,off_peak,90.8,49.82461330403178
2025-08-16 01:00:00,47.557286049892774,0.0,114.02,off_peak,90.8,47.557286049892774
2025-08-16 02:00:00,46.064338257936626,0.0,117.67,off_peak,90.8,46.064338257936626
2025-08-16 03:00:00,45.08841859538585,0.0,110.85,off_peak,90.8,45.08841859538585
2025-08-16 04:00:00,44.79696045946918,0.0,77.24,off_peak,90.8,44.79696045946918
2025-08-16 05:00:00,44.99850065983709,0.0,77.18,off_peak,90.8,44.99850065983709
2025-08-16 06:00:00,45.74885032889917,0.0,77.18,off_peak,90.8,45.74885032889917
2025-08-16 07:00:00,46.5767154596412,1.8056999999999999,115.86,off_peak,90.8,44.7710154596412
2025-08-16 08:00:00,47.57666491531276,5.8338,115.86,mid_peak,116.6,41.742864915312765
2025-08-16 09:00:00,48.690562099653874,11.2509,118.84,mid_peak,116.6,37.43966209965387
2025-08-16 10:00:00,49.49749805574233,16.2513,117.7,mid_peak,116.6,33.246198055742326
2025-08-16 11:00:00,49.86337103487176,38.3364,118.84,mid_peak,116.6,11.526971034871764
2025-08-16 12:00:00,49.7835301093414,39.8643,118.44,mid_peak,116.6,9.919230109341399
2025-08-16 13:00:00,50.801308121199355,17.2236,118.44,mid_peak,116.6,33.57770812119935
2025-08-16 14:00:00,52.031478498060416,41.5311,118.44,mid_peak,116.6,10.500378498060414
2025-08-16 15:00:00,53.34071464583504,35.2806,118.44,mid_peak,116.6,18.060114645835043
2025-08-16 16:00:00,55.53130159291088,26.1132,118.44,mid_peak,116.6,29.41810159291088
2025-08-16 17:00:00,57.995518119717005,14.445599999999999,118.44,mid_peak,116.6,43.549918119717006
2025-08-16 18:00:00,60.08533496660888,11.8065,118.84,mid_peak,116.6,48.27883496660888
2025-08-16 19:00:00,60.58298423059427,6.944999999999999,118.84,mid_peak,116.6,53.63798423059427
2025-08-16 20:00:00,59.262120763567644,0.2778,118.84,mid_peak,116.6,58.984320763567645
2025-08-16 21:00:00,56.54520383168484,0.0,117.7,mid_peak,116.6,56.54520383168484
2025-08-16 22:00:00,54.40655224393457,0.0,118.84,off_peak,90.8,54.40655224393457
2025-08-16 23:00:00,51.86714571929888,0.0,117.7,off_peak,90.8,51.86714571929888
2025-08-17 00:00:00,48.558785814797936,0.0,117.46,off_peak,90.8,48.558785814797936
2025-08-17 01:00:00,46.23874804671655,0.0,118.98,off_peak,90.8,46.23874804671655
2025-08-17 02:00:00,44.73417293550841,0.0,113.96,off_peak,90.8,44.73417293550841
2025-08-17 03:00:00,43.734998634453646,0.0,77.12,off_peak,90.8,43.734998634453646
2025-08-17 04:00:00,43.36524988224021,0.0,114.22,off_peak,90.8,43.36524988224021
2025-08-17 05:00:00,43.399356685379395,0.0,77.12,off_peak,90.8,43.399356685379395
2025-08-17 06:00:00,43.69701605823046,0.0,76.63,off_peak,90.8,43.69701605823046
2025-08-17 07:00:00,43.88770409396318,1.9446,116.06,off_peak,90.8,41.94310409396318
2025-08-17 08:00:00,44.076066665845495,4.3059,115.92,off_peak,90.8,39.770166665845494
2025-08-17 09:00:00,45.19228931403701,9.722999999999999,121.01,off_peak,90.8,35.46928931403701
2025-08-17 10:00:00,46.51160247183003,19.445999999999998,121.01,off_peak,90.8,27.065602471830033
2025-08-17 11:00:00,46.51857886338123,23.613,121.01,off_peak,90.8,22.90557886338123
2025-08-17 12:00:00,47.37745017879525,38.891999999999996,120.5,off_peak,90.8,8.485450178795254
2025-08-17 13:00:00,48.8672973522842,30.835800000000003,120.5,off_peak,90.8,18.031497352284195
2025-08-17 14:00:00,50.471092254442695,35.14169999999999,120.5,off_peak,90.8,15.329392254442702
2025-08-17 15:00:00,51.798156958403716,22.0851,120.5,off_peak,90.8,29.713056958403715
2025-08-17 16:00:00,54.29725544296582,13.334399999999999,120.5,off_peak,90.8,40.96285544296582
2025-08-17 17:00:00,57.57228369894439,17.5014,119.75,off_peak,90.8,40.070883698944385
2025-08-17 18:00:00,59.95588414560334,7.5005999999999995,121.01,off_peak,90.8,52.45528414560334
2025-08-17 19:00:00,60.84421133645576,3.3335999999999997,121.01,off_peak,90.8,57.51061133645576
2025-08-17 20:00:00,59.77759858373942,0.5556,121.01,off_peak,90.8,59.22199858373942
2025-08-17 21:00:00,57.18160577207736,0.0,121.01,off_peak,90.8,57.18160577207736
2025-08-17 22:00:00,54.26702441291064,0.0,118.43,off_peak,90.8,54.26702441291064
2025-08-17 23:00:00,51.27570274668074,0.0,116.06,off_peak,90.8,51.27570274668074
2025-08-18 00:00:00,48.099119127035735,0.0,115.59,off_peak,90.8,48.099119127035735
2025-08-18 01:00:00,45.97131970392067,0.0,76.45,off_peak,90.8,45.97131970392067
2025-08-18 02:00:00,44.81633932488917,0.0,76.45,off_peak,90.8,44.81633932488917
2025-08-18 03:00:00,44.21947026995343,0.0,76.45,off_peak,90.8,44.21947026995343
2025-08-18 04:00:00,44.518679952038106,0.0,76.45,off_peak,90.8,44.518679952038106
2025-08-18 05:00:00,46.068214031020624,0.0,76.45,off_peak,90.8,46.068214031020624
2025-08-18 06:00:00,49.5471079512175,0.0,76.45,off_peak,90.8,49.5471079512175
2025-08-18 07:00:00,54.855366767061575,1.1112,115.59,off_peak,90.8,53.74416676706158
2025-08-18 08:00:00,60.95118267357411,3.6113999999999997,118.73,mid_peak,116.6,57.339782673574106
2025-08-18 09:00:00,63.95180619520559,5.8338,118.73,mid_peak,116.6,58.118006195205595
2025-08-18 10:00:00,64.68975339039886,19.3071,118.73,mid_peak,116.6,45.382653390398865
2025-08-18 11:00:00,64.00606701838157,28.196699999999996,118.73,on_peak,150.1,35.80936701838158
2025-08-18 12:00:00,62.698381179840545,38.1975,118.22,mid_peak,116.6,24.500881179840547
2025-08-18 13:00:00,65.3075516199882,40.5588,118.22,on_peak,150.1,24.748751619988205
2025-08-18 14:00:00,66.83925714278433,45.0036,121.37,on_peak,150.1,21.835657142784335
2025-08-18 15:00:00,68.2810447300317,44.7258,135.15,on_peak,150.1,23.555244730031696
2025-08-18 16:00:00,70.7685158953418,22.0851,123.69,on_peak,150.1,48.68341589534181
2025-08-18 17:00:00,71.2452359846736,21.6684,124.48,on_peak,150.1,49.5768359846736
2025-08-18 18:00:00,71.13361371985445,5.6949,124.51,mid_peak,116.6,65.43871371985445
2025-08-18 19:00:00,70.47473229557474,0.6945,124.13,mid_peak,116.6,69.78023229557473
2025-08-18 20:00:00,67.68882660279675,0.0,119.4,mid_peak,116.6,67.68882660279675
2025-08-18 21:00:00,64.01304340993276,0.0,118.73,mid_peak,116.6,64.01304340993276
2025-08-18 22:00:00,61.03412421757167,0.0,118.73,off_peak,90.8,61.03412421757167
2025-08-18 23:00:00,57.763746889293905,0.0,118.73,off_peak,90.8,57.763746889293905
2025-08-19 00:00:00,53.810458343615636,0.0,130.16,off_peak,90.8,53.810458343615636
2025-08-19 01:00:00,51.573362119531815,0.0,111.48,off_peak,90.8,51.573362119531815
2025-08-19 02:00:00,50.15017824308764,0.0,111.48,off_peak,90.8,50.15017824308764
2025-08-19 03:00:00,49.244022496048835,0.0,110.88,off_peak,90.8,49.244022496048835
2025-08-19 04:00:00,49.1006188919409,0.0,111.48,off_peak,90.8,49.1006188919409
2025-08-19 05:00:00,50.18816081931082,0.0,111.48,off_peak,90.8,50.18816081931082
2025-08-19 06:00:00,52.988794449808,0.1389,117.11,off_peak,90.8,52.849894449808
2025-08-19 07:00:00,57.3102814384661,1.389,119.31,off_peak,90.8,55.921281438466096
2025-08-19 08:00:00,62.38289325080308,4.8614999999999995,119.09,mid_peak,116.6,57.52139325080308
2025-08-19 09:00:00,65.43932790484415,16.9458,120.22,mid_peak,116.6,48.49352790484415
2025-08-19 10:00:00,66.31447746721096,26.391,129.2,mid_peak,116.6,39.923477467210965
2025-08-19 11:00:00,65.7424133600128,31.252499999999998,121.35,on_peak,150.1,34.48991336001281
2025-08-19 12:00:00,64.1657488694423,34.3083,121.11,mid_peak,116.6,29.857448869442294
2025-08-19 13:00:00,66.56330209920365,36.669599999999996,130.49,on_peak,150.1,29.893702099203658
2025-08-19 14:00:00,68.10896040510217,30.002399999999998,130.95,on_peak,150.1,38.10656040510217
2025-08-19 15:00:00,69.00116336903858,34.5861,130.49,on_peak,150.1,34.41506336903858
2025-08-19 16:00:00,70.98245856957851,21.3906,131.85,on_peak,150.1,49.59185856957851
2025-08-19 17:00:00,72.08860420775163,19.1682,132.46,on_peak,150.1,52.92040420775163
2025-08-19 18:00:00,72.35758285978112,9.167399999999999,131.85,mid_peak,116.6,63.19018285978112
2025-08-19 19:00:00,71.7010268993518,4.028099999999999,130.24,mid_peak,116.6,67.67292689935181
2025-08-19 20:00:00,68.89186656806983,0.2778,121.2,mid_peak,116.6,68.61406656806983
2025-08-19 21:00:00,65.16569832511387,0.0,121.15,mid_peak,116.6,65.16569832511387
2025-08-19 22:00:00,62.104612743372,0.0,121.09,off_peak,90.8,62.104612743372
2025-08-19 23:00:00,58.490066765235184,0.0,118.53,off_peak,90.8,58.490066765235184
2025-08-20 00:00:00,54.43213234628896,0.0,110.18,off_peak,90.8,54.43213234628896
2025-08-20 01:00:00,52.01675056034122,0.0,99.91,off_peak,90.8,52.01675056034122
2025-08-20 02:00:00,50.48504503754509,0.0,95.34,off_peak,90.8,50.48504503754509
2025-08-20 03:00:00,49.51765207577911,0.0,90.51,off_peak,90.8,49.51765207577911
2025-08-20 04:00:00,49.334715586214394,0.0,90.51,off_peak,90.8,49.334715586214394
2025-08-20 05:00:00,50.39280163814593,0.0,84.24,off_peak,90.8,50.39280163814593
2025-08-20 06:00:00,53.06553475687116,0.0,114.7,off_peak,90.8,53.06553475687116
2025-08-20 07:00:00,57.29942927383091,1.8056999999999999,122.68,off_peak,90.8,55.49372927383091
2025-08-20 08:00:00,62.08678418718561,7.222799999999999,115.47,mid_peak,116.6,54.86398418718561
2025-08-20 09:00:00,65.0912834819011,13.7511,118.17,mid_peak,116.6,51.3401834819011
2025-08-20 10:00:00,65.91294737570874,24.7242,118.26,mid_peak,116.6,41.18874737570874
2025-08-20 11:00:00,65.1044611103867,24.8631,120.83,on_peak,150.1,40.24136111038669
2025-08-20 12:00:00,63.87506588814243,34.5861,118.22,mid_peak,116.6,29.288965888142428
2025-08-20 13:00:00,66.77104353650596,30.141299999999998,120.68,on_peak,150.1,36.629743536505956
2025-08-20 14:00:00,68.5128159604548,34.863899999999994,121.8,on_peak,150.1,33.64891596045481
2025-08-20 15:00:00,69.61121005245991,35.6973,125.84,on_peak,150.1,33.91391005245991
2025-08-20 16:00:00,70.9871094972793,20.557199999999998,126.36,on_peak,150.1,50.42990949727931
2025-08-20 17:00:00,71.4816581427975,15.695699999999997,126.36,on_peak,150.1,55.785958142797504
2025-08-20 18:00:00,72.21650471952357,5.9727,126.36,mid_peak,116.6,66.24380471952357
2025-08-20 19:00:00,71.98240802525008,1.9446,120.76,mid_peak,116.6,70.03780802525009
2025-08-20 20:00:00,69.49648716917356,0.1389,118.79,mid_peak,116.6,69.35758716917356
2025-08-20 21:00:00,65.7648928439,0.0,118.04,mid_peak,116.6,65.7648928439
2025-08-20 22:00:00,62.59373530657259,0.0,115.87,off_peak,90.8,62.59373530657259
2025-08-20 23:00:00,59.007870049257356,0.0,115.16,off_peak,90.8,59.007870049257356
2025-08-21 00:00:00,54.91195305408795,0.0,110.12,off_peak,90.8,54.91195305408795
2025-08-21 01:00:00,52.48959487658901,0.0,99.89,off_peak,90.8,52.48959487658901
2025-08-21 02:00:00,50.994321620782465,0.0,92.58,off_peak,90.8,50.994321620782465
2025-08-21 03:00:00,50.095917419911665,0.0,90.51,off_peak,90.8,50.095917419911665
2025-08-21 04:00:00,50.017626803614895,0.0,88.27,off_peak,90.8,50.017626803614895
2025-08-21 05:00:00,51.00982471311846,0.0,90.89,off_peak,90.8,51.00982471311846
2025-08-21 06:00:00,53.73836896425327,0.0,114.84,off_peak,90.8,53.73836896425327
2025-08-21 07:00:00,58.060631107528174,1.2501,119.41,off_peak,90.8,56.81053110752817
2025-08-21 08:00:00,62.785198496922106,5.6949,115.09,mid_peak,116.6,57.09029849692211
2025-08-21 09:00:00,65.74706428771361,15.140100000000002,119.74,mid_peak,116.6,50.60696428771361
2025-08-21 10:00:00,66.61756292237962,18.195899999999998,119.78,mid_peak,116.6,48.421662922379625
2025-08-21 11:00:00,65.87418964486875,25.8354,121.1,on_peak,150.1,40.03878964486875
2025-08-21 12:00:00,64.54092370397333,41.392199999999995,119.78,mid_peak,116.6,23.14872370397334
2025-08-21 13:00:00,67.21288166808176,47.5038,121.6,on_peak,150.1,19.709081668081765
2025-08-21 14:00:00,69.01201553367378,40.5588,121.96,on_peak,150.1,28.453215533673777
2025-08-21 15:00:00,70.16234498500447,29.169,121.4,on_peak,150.1,40.99334498500447
2025-08-21 16:00:00,71.67312133314701,31.5303,132.45,on_peak,150.1,40.14282133314701
2025-08-21 17:00:00,72.55059635936422,25.9743,132.45,on_peak,150.1,46.57629635936422
2025-08-21 18:00:00,73.32885159463109,14.3067,132.45,mid_peak,116.6,59.02215159463109
2025-08-21 19:00:00,72.96917985243604,4.167,132.45,mid_peak,116.6,68.80217985243604
2025-08-21 20:00:00,70.04452148325092,0.1389,122.68,mid_peak,116.6,69.90562148325091
2025-08-21 21:00:00,66.25401540710058,0.0,121.1,mid_peak,116.6,66.25401540710058
2025-08-21 22:00:00,63.03479828353159,0.0,118.94,off_peak,90.8,63.03479828353159
2025-08-21 23:00:00,59.37296787377,0.0,118.62,off_peak,90.8,59.37296787377
2025-08-22 00:00:00,55.24681984854541,0.0,124.24,off_peak,90.8,55.24681984854541
2025-08-22 01:00:00,52.743845590899305,0.0,111.99,off_peak,90.8,52.743845590899305
2025-08-22 02:00:00,51.18035872881438,0.0,110.68,off_peak,90.8,51.18035872881438
2025-08-22 03:00:00,50.154054016171635,0.0,108.31,off_peak,90.8,50.154054016171635
2025-08-22 04:00:00,49.76492639853821,0.0,108.42,off_peak,90.8,49.76492639853821
2025-08-22 05:00:00,50.73697028800498,0.0,108.84,off_peak,90.8,50.73697028800498
2025-08-22 06:00:00,53.45776299297179,0.0,111.65,off_peak,90.8,53.45776299297179
2025-08-22 07:00:00,57.7784748270131,1.389,117.45,off_peak,90.8,56.389474827013096
2025-08-22 08:00:00,62.68055262365415,10.1397,117.27,mid_peak,116.6,52.54085262365415
2025-08-22 09:00:00,65.43855275022734,11.2509,119.81,mid_peak,116.6,54.18765275022734
2025-08-22 10:00:00,66.06642798983506,19.445999999999998,119.85,mid_peak,116.6,46.620427989835065
2025-08-22 11:00:00,65.69977985608882,35.0028,121.02,on_peak,150.1,30.696979856088824
2025-08-22 12:00:00,64.71610864737006,41.114399999999996,120.24,mid_peak,116.6,23.601708647370067
2025-08-22 13:00:00,67.46558207315846,40.6977,122.26,on_peak,150.1,26.76788207315846
2025-08-22 14:00:00,68.86086038339785,37.3641,122.3,on_peak,150.1,31.49676038339785
2025-08-22 15:00:00,69.76236520273585,37.7808,128.8,on_peak,150.1,31.98156520273585
2025-08-22 16:00:00,71.86923545119733,34.3083,123.0,on_peak,150.1,37.560935451197324
2025-08-22 17:00:00,72.28549348041874,24.168599999999998,122.7,on_peak,150.1,48.11689348041874
2025-08-22 18:00:00,72.05914833231324,14.1678,140.05,mid_peak,116.6,57.89134833231324
2025-08-22 19:00:00,71.53281834750628,4.167,136.87,mid_peak,116.6,67.36581834750628
2025-08-22 20:00:00,68.92907398967621,0.2778,121.72,mid_peak,116.6,68.65127398967621
2025-08-22 21:00:00,65.33080625849219,0.0,119.86,mid_peak,116.6,65.33080625849219
2025-08-22 22:00:00,62.480562732519836,0.0,121.65,off_peak,90.8,62.480562732519836
2025-08-22 23:00:00,59.212510868092465,0.0,121.59,off_peak,90.8,59.212510868092465
2025-08-23 00:00:00,55.07396036899908,0.0,117.47,off_peak,90.8,55.07396036899908
2025-08-23 01:00:00,52.43300858956264,0.0,112.32,off_peak,90.8,52.43300858956264
2025-08-23 02:00:00,50.639300806288226,0.0,112.32,off_peak,90.8,50.639300806288226
2025-08-23 03:00:00,49.388976409390374,0.0,84.66,off_peak,90.8,49.388976409390374
2025-08-23 04:00:00,48.76807756133384,0.0,84.66,off_peak,90.8,48.76807756133384
2025-08-23 05:00:00,48.88512590847059,0.0,84.66,off_peak,90.8,48.88512590847059
2025-08-23 06:00:00,49.61144578441187,0.0,84.66,off_peak,90.8,49.61144578441187
2025-08-23 07:00:00,50.44783761593871,1.2501,114.16,off_peak,90.8,49.197737615938706
2025-08-23 08:00:00,51.69041046666856,5.0004,116.0,mid_peak,116.6,46.69001046666856
2025-08-23 09:00:00,53.91742968073399,12.2232,116.54,mid_peak,116.6,41.69422968073399
2025-08-23 10:00:00,55.656101486215626,20.4183,116.8,mid_peak,116.6,35.23780148621563
2025-08-23 11:00:00,55.84911498579874,19.445999999999998,116.8,mid_peak,116.6,36.403114985798744
2025-08-23 12:00:00,55.35069056719656,26.2521,117.31,mid_peak,116.6,29.09859056719656
2025-08-23 13:00:00,56.69403351811037,9.0285,117.31,mid_peak,116.6,47.66553351811037
2025-08-23 14:00:00,57.5536799881412,5.556,117.31,mid_peak,116.6,51.9976799881412
2025-08-23 15:00:00,58.63889645166072,8.4729,117.31,mid_peak,116.6,50.16599645166072
2025-08-23 16:00:00,60.54887742745508,25.418699999999998,116.8,mid_peak,116.6,35.13017742745508
2025-08-23 17:00:00,62.59373530657259,17.084699999999998,117.31,mid_peak,116.6,45.50903530657259
2025-08-23 18:00:00,64.19908051796469,8.334,134.48,mid_peak,116.6,55.865080517964685
2025-08-23 19:00:00,64.70138070965086,4.028099999999999,134.48,mid_peak,116.6,60.67328070965086
2025-08-23 20:00:00,63.237113638516306,0.1389,134.48,mid_peak,116.6,63.098213638516306
2025-08-23 21:00:00,60.44655701803753,0.0,121.97,mid_peak,116.6,60.44655701803753
2025-08-23 22:00:00,58.007145438969,0.0,121.97,off_peak,90.8,58.007145438969
2025-08-23 23:00:00,55.180931706117434,0.0,121.65,off_peak,90.8,55.180931706117434
2025-08-24 00:00:00,51.55398325411182,0.0,115.13,off_peak,90.8,51.55398325411182
2025-08-24 01:00:00,49.06651208880171,0.0,115.13,off_peak,90.8,49.06651208880171
2025-08-24 02:00:00,47.342568221039265,0.0,112.77,off_peak,90.8,47.342568221039265
2025-08-24 03:00:00,46.23874804671655,0.0,115.13,off_peak,90.8,46.23874804671655
2025-08-24 04:00:00,45.81318816209354,0.0,111.44,off_peak,90.8,45.81318816209354
2025-08-24 05:00:00,45.967443930836666,0.0,109.59,off_peak,90.8,45.967443930836666
2025-08-24 06:00:00,46.441063401701264,0.0,113.28,off_peak,90.8,46.441063401701264
2025-08-24 07:00:00,47.00770142658181,1.5279,115.13,off_peak,90.8,45.47980142658181
2025-08-24 08:00:00,47.971218615263794,5.9727,115.13,off_peak,90.8,41.99851861526379
2025-08-24 09:00:00,49.18898651825606,6.8061,117.94,off_peak,90.8,42.38288651825606
2025-08-24 10:00:00,50.681934310212206,10.9731,117.77,off_peak,90.8,39.708834310212204
2025-08-24 11:00:00,51.17725811034719,26.2521,117.72,off_peak,90.8,24.92515811034719
2025-08-24 12:00:00,51.81676066920691,42.2256,117.72,off_peak,90.8,9.591160669206907
2025-08-24 13:00:00,53.16397939320472,24.8631,117.72,off_peak,90.8,28.30087939320472
2025-08-24 14:00:00,54.38949884236498,40.6977,117.72,off_peak,90.8,13.691798842364982
2025-08-24 15:00:00,55.97856580680428,37.3641,117.72,off_peak,90.8,18.614465806804283
2025-08-24 16:00:00,58.59626294773674,25.9743,117.72,off_peak,90.8,32.62196294773674
2025-08-24 17:00:00,61.75424285657856,15.279000000000002,117.77,off_peak,90.8,46.475242856578554
2025-08-24 18:00:00,63.87506588814243,12.7788,127.68,off_peak,90.8,51.096265888142426
2025-08-24 19:00:00,64.391318862931,4.7226,128.78,off_peak,90.8,59.668718862931
2025-08-24 20:00:00,63.012318799644405,0.0,128.78,off_peak,90.8,63.012318799644405
2025-08-24 21:00:00,60.07835857505769,0.0,123.0,off_peak,90.8,60.07835857505769
2025-08-24 22:00:00,56.859141451488696,0.0,119.97,off_peak,90.8,56.859141451488696
2025-08-24 23:00:00,53.78797885972845,0.0,118.45,off_peak,90.8,53.78797885972845
2025-08-25 00:00:00,50.4548140074899,0.0,114.66,off_peak,90.8,50.4548140074899
2025-08-25 01:00:00,48.25337489577887,0.0,84.24,off_peak,90.8,48.25337489577887
2025-08-25 02:00:00,46.90848163563146,0.0,84.24,off_peak,90.8,46.90848163563146
2025-08-25 03:00:00,46.16355804888698,0.0,84.24,off_peak,90.8,46.16355804888698
2025-08-25 04:00:00,46.28215670525733,0.0,84.24,off_peak,90.8,46.28215670525733
2025-08-25 05:00:00,47.69603872629991,0.0,84.24,off_peak,90.8,47.69603872629991
2025-08-25 06:00:00,51.118346359470415,0.0,85.95,off_peak,90.8,51.118346359470415
2025-08-25 07:00:00,56.92270413006627,2.6391,118.93,off_peak,90.8,54.28360413006627
2025-08-25 08:00:00,63.08828395209077,9.0285,130.18,mid_peak,116.6,54.05978395209077
2025-08-25 09:00:00,66.48191086443968,4.8614999999999995,130.18,mid_peak,116.6,61.620410864439684
2025-08-25 10:00:00,67.49038702089604,5.2782,130.18,mid_peak,116.6,62.21218702089604
2025-08-25 11:00:00,66.9082459036795,11.8065,130.14,on_peak,150.1,55.1017459036795
2025-08-25 12:00:00,65.58660728203608,10.278599999999999,122.79,mid_peak,116.6,55.30800728203609
2025-08-25 13:00:00,68.2771689569477,24.4464,130.03,on_peak,150.1,43.83076895694771
2025-08-25 14:00:00,70.01506560781253,33.0582,130.14,on_peak,150.1,36.95686560781253
2025-08-25 15:00:00,71.44832649427511,16.8069,130.14,on_peak,150.1,54.64142649427511
2025-08-25 16:00:00,73.74976055155331,11.3898,130.14,on_peak,150.1,62.35996055155331
2025-08-25 17:00:00,74.37686063654422,11.528699999999999,130.46,on_peak,150.1,62.84816063654422
2025-08-25 18:00:00,74.2063266208483,6.667199999999999,131.69,mid_peak,116.6,67.53912662084831
2025-08-25 19:00:00,73.45752726101983,2.2224,131.69,mid_peak,116.6,71.23512726101984
2025-08-25 20:00:00,70.48480930559313,0.0,122.77,mid_peak,116.6,70.48480930559313
2025-08-25 21:00:00,66.65632065321961,0.0,120.81,mid_peak,116.6,66.65632065321961
2025-08-25 22:00:00,63.27354590550589,0.0,120.77,off_peak,90.8,63.27354590550589
2025-08-25 23:00:00,59.66287570045307,0.0,120.74,off_peak,90.8,59.66287570045307
2025-08-26 00:00:00,55.31658376405738,0.0,130.34,off_peak,90.8,55.31658376405738
2025-08-26 01:00:00,52.965539811304005,0.0,113.96,off_peak,90.8,52.965539811304005
2025-08-26 02:00:00,51.33151387909032,0.0,114.72,off_peak,90.8,51.33151387909032
2025-08-26 03:00:00,50.25482411635559,0.0,114.72,off_peak,90.8,50.25482411635559
2025-08-26 04:00:00,49.96956721737332,0.0,114.72,off_peak,90.8,49.96956721737332
2025-08-26 05:00:00,50.9160310044857,0.0,114.72,off_peak,90.8,50.9160310044857
2025-08-26 06:00:00,53.70891308881488,0.0,114.72,off_peak,90.8,53.70891308881488
2025-08-26 07:00:00,58.9133011860078,0.1389,116.56,off_peak,90.8,58.7744011860078
2025-08-26 08:00:00,65.34475904159459,0.6945,125.48,mid_peak,116.6,64.65025904159458
2025-08-26 09:00:00,68.60118358676996,1.9446,120.58,mid_peak,116.6,66.65658358676997
2025-08-26 10:00:00,69.78872045970704,4.3059,141.83,mid_peak,116.6,65.48282045970704
2025-08-26 11:00:00,69.32595315347764,16.668,141.82,on_peak,150.1,52.65795315347764
2025-08-26 12:00:00,67.61673722343438,17.3625,126.61,mid_peak,116.6,50.25423722343439
2025-08-26 13:00:00,68.52986936202439,22.3629,141.83,on_peak,150.1,46.16696936202439
2025-08-26 14:00:00,69.01976707984177,36.9474,141.83,on_peak,150.1,32.07236707984177
2025-08-26 15:00:00,69.22363274406008,38.3364,158.62,on_peak,150.1,30.887232744060086
2025-08-26 16:00:00,70.59953218887948,31.669199999999996,141.83,on_peak,150.1,38.93033218887948
2025-08-26 17:00:00,70.82355187313459,22.224,130.3,on_peak,150.1,48.59955187313459
2025-08-26 18:00:00,70.87548723246016,12.084299999999999,130.3,mid_peak,116.6,58.79118723246016
2025-08-26 19:00:00,70.17319714963966,3.6113999999999997,130.3,mid_peak,116.6,66.56179714963966
2025-08-26 20:00:00,67.22450898733376,0.0,129.23,mid_peak,116.6,67.22450898733376
2025-08-26 21:00:00,63.53167239290018,0.0,119.51,mid_peak,116.6,63.53167239290018
2025-08-26 22:00:00,60.62484257990145,0.0,119.51,off_peak,90.8,60.62484257990145
2025-08-26 23:00:00,57.280050408410915,0.0,120.14,off_peak,90.8,57.280050408410915
2025-08-27 00:00:00,53.23219299948309,0.0,124.21,off_peak,90.8,53.23219299948309
2025-08-27 01:00:00,50.909054612934504,0.0,110.52,off_peak,90.8,50.909054612934504
2025-08-27 02:00:00,49.52927939503111,0.0,108.68,off_peak,90.8,49.52927939503111
2025-08-27 03:00:00,48.62312364799231,0.0,90.92,off_peak,90.8,48.62312364799231
2025-08-27 04:00:00,48.55180942324674,0.0,90.94,off_peak,90.8,48.55180942324674
2025-08-27 05:00:00,49.59206691899188,0.0,108.68,off_peak,90.8,49.59206691899188
2025-08-27 06:00:00,52.12449705207637,0.0,112.36,off_peak,90.8,52.12449705207637
2025-08-27 07:00:00,56.26847363348736,2.6391,116.78,off_peak,90.8,53.62937363348736
2025-08-27 08:00:00,60.890720613463735,8.8896,119.35,mid_peak,116.6,52.00112061346373
2025-08-27 09:00:00,62.68365324212135,9.167399999999999,119.47,mid_peak,116.6,53.51625324212135
2025-08-27 10:00:00,62.858838185518074,6.944999999999999,117.53,mid_peak,116.6,55.913838185518074
2025-08-27 11:00:00,61.8798179045001,7.917299999999999,119.47,on_peak,150.1,53.9625179045001
2025-08-27 12:00:00,60.555078664389484,9.0285,117.03,mid_peak,116.6,51.52657866438948
2025-08-27 13:00:00,63.240214256983506,17.7792,120.29,on_peak,150.1,45.4610142569835
2025-08-27 14:00:00,64.94090348624196,26.9466,120.09,on_peak,150.1,37.99430348624196
2025-08-27 15:00:00,66.25634087095098,13.889999999999999,120.29,on_peak,150.1,52.36634087095098
2025-08-27 16:00:00,68.41127070565403,19.0293,130.73,on_peak,150.1,49.381970705654034
2025-08-27 17:00:00,68.60350905062036,8.056199999999999,130.73,on_peak,150.1,60.54730905062036
2025-08-27 18:00:00,68.47328307499801,4.028099999999999,130.73,mid_peak,116.6,64.44518307499801
2025-08-27 19:00:00,68.02291824263742,1.2501,129.99,mid_peak,116.6,66.77281824263741
2025-08-27 20:00:00,65.41374780248975,0.0,122.91,mid_peak,116.6,65.41374780248975
2025-08-27 21:00:00,62.027097281692036,0.0,122.89,mid_peak,116.6,62.027097281692036
2025-08-27 22:00:00,59.20630963115807,0.0,120.8,off_peak,90.8,59.20630963115807
2025-08-27 23:00:00,56.189407862573795,0.0,120.8,off_peak,90.8,56.189407862573795
2025-08-28 00:00:00,52.425257043394645,0.0,124.4,off_peak,90.8,52.425257043394645
2025-08-28 01:00:00,50.31218555799877,0.0,111.33,off_peak,90.8,50.31218555799877
2025-08-28 02:00:00,48.81536199295862,0.0,109.49,off_peak,90.8,48.81536199295862
2025-08-28 03:00:00,48.00765088225337,0.0,109.49,off_peak,90.8,48.00765088225337
2025-08-28 04:00:00,47.99524840838458,0.0,109.49,off_peak,90.8,47.99524840838458
2025-08-28 05:00:00,48.95411466936576,0.0,109.49,off_peak,90.8,48.95411466936576
2025-08-28 06:00:00,51.50747397710384,0.0,113.17,off_peak,90.8,51.50747397710384
2025-08-28 07:00:00,55.627420765394035,1.6667999999999998,115.0,off_peak,90.8,53.96062076539403
2025-08-28 08:00:00,60.55197804592228,6.667199999999999,118.8,mid_peak,116.6,53.88477804592228
2025-08-28 09:00:00,62.952631894150834,15.001199999999999,121.39,mid_peak,116.6,47.951431894150836
2025-08-28 10:00:00,63.521595382881785,23.7519,121.39,mid_peak,116.6,39.769695382881785
2025-08-28 11:00:00,63.30455209017788,32.224799999999995,119.01,on_peak,150.1,31.079752090177884
2025-08-28 12:00:00,62.14879655652958,27.0855,125.17,mid_peak,116.6,35.06329655652958
2025-08-28 13:00:00,64.99904008250193,20.696099999999998,120.81,on_peak,150.1,44.302940082501934
2025-08-28 14:00:00,66.97103342764026,23.057399999999998,121.39,on_peak,150.1,43.913633427640264
2025-08-28 15:00:00,68.17097277444614,16.112399999999997,130.57,on_peak,150.1,52.05857277444615
2025-08-28 16:00:00,70.14141581035088,12.084299999999999,130.59,on_peak,150.1,58.05711581035088
2025-08-28 17:00:00,70.84603135702177,10.278599999999999,130.59,on_peak,150.1,60.567431357021775
2025-08-28 18:00:00,70.7956463069298,9.167399999999999,130.93,mid_peak,116.6,61.628246306929796
2025-08-28 19:00:00,70.3103995168132,1.5279,130.93,mid_peak,116.6,68.7824995168132
2025-08-28 20:00:00,67.3593858906569,0.0,124.16,mid_peak,116.6,67.3593858906569
2025-08-28 21:00:00,63.82002991034965,0.0,119.02,mid_peak,116.6,63.82002991034965
2025-08-28 22:00:00,60.80777906946617,0.0,118.9,off_peak,90.8,60.80777906946617
2025-08-28 23:00:00,57.58391101819638,0.0,118.7,off_peak,90.8,57.58391101819638
2025-08-29 00:00:00,53.609693297864524,0.0,125.68,off_peak,90.8,53.609693297864524
2025-08-29 01:00:00,51.47104171011426,0.0,110.5,off_peak,90.8,51.47104171011426
2025-08-29 02:00:00,49.992046701260506,0.0,108.81,off_peak,90.8,49.992046701260506
2025-08-29 03:00:00,49.128524458145684,0.0,108.81,off_peak,90.8,49.128524458145684
2025-08-29 04:00:00,48.98589600865455,0.0,108.81,off_peak,90.8,48.98589600865455
2025-08-29 05:00:00,50.128473913817245,0.0,108.81,off_peak,90.8,50.128473913817245
2025-08-29 06:00:00,52.7446207455161,0.0,112.34,off_peak,90.8,52.7446207455161
2025-08-29 07:00:00,57.11416732041579,0.9723,117.49,off_peak,90.8,56.14186732041579
2025-08-29 08:00:00,62.08135810486801,5.1392999999999995,118.2,mid_peak,116.6,56.94205810486801
2025-08-29 09:00:00,65.24708955987782,9.722999999999999,122.77,mid_peak,116.6,55.52408955987782
2025-08-29 10:00:00,66.38734200119012,23.4741,122.19,mid_peak,116.6,42.91324200119012
2025-08-29 11:00:00,65.80907665705757,36.669599999999996,125.72,on_peak,150.1,29.13947665705758
2025-08-29 12:00:00,64.371939997511,32.0859,125.72,mid_peak,116.6,32.286039997511004
2025-08-29 13:00:00,66.78887209269234,41.5311,125.72,on_peak,150.1,25.257772092692342
2025-08-29 14:00:00,68.16787215597894,41.253299999999996,149.8,on_peak,150.1,26.914572155978945
2025-08-29 15:00:00,69.28331964955366,27.641099999999998,154.08,on_peak,150.1,41.64221964955367
2025-08-29 16:00:00,70.72588239141783,16.8069,131.37,on_peak,150.1,53.91898239141783
2025-08-29 17:00:00,70.99486104344732,5.9727,121.23,on_peak,150.1,65.02216104344731
2025-08-29 18:00:00,71.11423485443446,4.3059,129.7,mid_peak,116.6,66.80833485443446
2025-08-29 19:00:00,70.62588744585067,1.5279,129.7,mid_peak,116.6,69.09798744585066
2025-08-29 20:00:00,67.91904752398625,0.1389,121.27,mid_peak,116.6,67.78014752398624
2025-08-29 21:00:00,64.47658587077896,0.0,120.38,mid_peak,116.6,64.47658587077896
2025-08-29 22:00:00,61.52867286308985,0.0,120.27,off_peak,90.8,61.52867286308985
2025-08-29 23:00:00,58.29162718333447,0.0,120.27,off_peak,90.8,58.29162718333447
2025-08-30 00:00:00,54.311983380685014,0.0,123.26,off_peak,90.8,54.311983380685014
2025-08-30 01:00:00,51.77412716528293,0.0,123.16,off_peak,90.8,51.77412716528293
2025-08-30 02:00:00,49.87887412720776,0.0,104.24,off_peak,90.8,49.87887412720776
2025-08-30 03:00:00,48.695213027354676,0.0,100.35,off_peak,90.8,48.695213027354676
2025-08-30 04:00:00,48.15880603252931,0.0,88.52,off_peak,90.8,48.15880603252931
2025-08-30 05:00:00,48.29290778123565,0.0,88.52,off_peak,90.8,48.29290778123565
2025-08-30 06:00:00,48.97349353478575,0.0,100.35,off_peak,90.8,48.97349353478575
2025-08-30 07:00:00,49.73236990463262,0.41669999999999996,100.72,off_peak,90.8,49.31566990463262
2025-08-30 08:00:00,50.712940494884194,0.6945,101.23,mid_peak,116.6,50.018440494884196
2025-08-30 09:00:00,52.39270054948906,1.9446,105.41,mid_peak,116.6,50.448100549489055
2025-08-30 10:00:00,53.73216772731887,14.0289,116.9,mid_peak,116.6,39.70326772731887
2025-08-30 11:00:00,54.246870392873845,16.9458,116.91,mid_peak,116.6,37.30107039287385
2025-08-30 12:00:00,54.194159878931465,34.863899999999994,116.91,mid_peak,116.6,19.33025987893147
2025-08-30 13:00:00,55.459987368165315,40.1421,116.91,mid_peak,116.6,15.317887368165316
2025-08-30 14:00:00,56.43435672148249,33.0582,116.9,mid_peak,116.6,23.376156721482488
2025-08-30 15:00:00,57.29632865536371,24.3075,113.29,mid_peak,116.6,32.988828655363704
2025-08-30 16:00:00,59.317931895977225,25.279799999999998,133.8,mid_peak,116.6,34.03813189597723
2025-08-30 17:00:00,61.348836991992336,23.7519,134.13,mid_peak,116.6,37.59693699199234
2025-08-30 18:00:00,62.63791911973017,13.334399999999999,134.13,mid_peak,116.6,49.30351911973017
2025-08-30 19:00:00,62.89914622559166,3.0558,134.13,mid_peak,116.6,59.84334622559166
2025-08-30 20:00:00,61.1930309140156,0.0,151.15,mid_peak,116.6,61.1930309140156
2025-08-30 21:00:00,58.562931299214355,0.0,123.3,mid_peak,116.6,58.562931299214355
2025-08-30 22:00:00,56.30723136432734,0.0,121.11,off_peak,90.8,56.30723136432734
2025-08-30 23:00:00,53.56550948470694,0.0,120.79,off_peak,90.8,53.56550948470694
2025-08-31 00:00:00,50.03623051441809,0.0,117.64,off_peak,90.8,50.03623051441809
2025-08-31 01:00:00,47.60534563613435,0.0,116.55,off_peak,90.8,47.60534563613435
2025-08-31 02:00:00,45.87365022220391,0.0,84.79,off_peak,90.8,45.87365022220391
2025-08-31 03:00:00,44.87060014806515,0.0,84.79,off_peak,90.8,44.87060014806515
2025-08-31 04:00:00,44.34271985402458,0.0,84.79,off_peak,90.8,44.34271985402458
2025-08-31 05:00:00,44.45744273731093,0.0,84.79,off_peak,90.8,44.45744273731093
2025-08-31 06:00:00,44.89462994118594,0.0,84.79,off_peak,90.8,44.89462994118594
2025-08-31 07:00:00,45.37290033975133,1.8056999999999999,84.79,off_peak,90.8,43.56720033975133
2025-08-31 08:00:00,45.768229194319154,8.6118,117.64,off_peak,90.8,37.15642919431915
2025-08-31 09:00:00,47.4882972889976,14.1678,120.74,off_peak,90.8,33.3204972889976
2025-08-31 10:00:00,50.104444120696456,30.558000000000003,119.48,off_peak,90.8,19.546444120696453
2025-08-31 11:00:00,51.35941944529511,26.1132,120.45,off_peak,90.8,25.24621944529511
2025-08-31 12:00:00,52.16092931906596,22.6407,120.45,off_peak,90.8,29.520229319065958
2025-08-31 13:00:00,53.46939031222379,25.9743,120.28,off_peak,90.8,27.495090312223788
2025-08-31 14:00:00,54.495695024866535,20.1405,120.23,off_peak,90.8,34.35519502486653
2025-08-31 15:00:00,55.00652191733751,25.002,120.28,off_peak,90.8,30.00452191733751
2025-08-31 16:00:00,56.152200440967405,16.2513,120.28,off_peak,90.8,39.900900440967405
2025-08-31 17:00:00,58.097838529134556,15.279000000000002,120.45,off_peak,90.8,42.81883852913455
2025-08-31 18:00:00,59.76519610987063,8.334,121.86,off_peak,90.8,51.431196109870626
2025-08-31 19:00:00,60.57988361212707,3.6113999999999997,122.13,off_peak,90.8,56.96848361212707
2025-08-31 20:00:00,59.07995942861972,0.1389,122.13,off_peak,90.8,58.941059428619724
2025-08-31 21:00:00,56.462262287687274,0.0,121.8,off_peak,90.8,56.462262287687274
2025-08-31 22:00:00,53.778677004326845,0.0,120.96,off_peak,90.8,53.778677004326845
2025-08-31 23:00:00,50.96719120919448,0.0,117.64,off_peak,90.8,50.96719120919448
2025-09-01 00:00:00,48.00455026378618,0.0,119.83,off_peak,90.8,48.00455026378618
2025-09-01 01:00:00,46.03798300096544,0.0,74.99,off_peak,90.8,46.03798300096544
2025-09-01 02:00:00,44.851221282645156,0.0,74.99,off_peak,90.8,44.851221282645156
2025-09-01 03:00:00,44.171410683711855,0.0,74.99,off_peak,90.8,44.171410683711855
2025-09-01 04:00:00,44.370625420229366,0.0,74.99,off_peak,90.8,44.370625420229366
2025-09-01 05:00:00,45.86279805756872,0.0,74.99,off_peak,90.8,45.86279805756872
2025-09-01 06:00:00,49.23162002218004,0.0,91.74,off_peak,90.8,49.23162002218004
2025-09-01 07:00:00,54.73909357454163,1.6667999999999998,121.78,off_peak,90.8,53.072293574541625
2025-09-01 08:00:00,60.9666857659101,5.2782,128.98,mid_peak,95.6,55.6884857659101
2025-09-01 09:00:00,64.76106761514444,6.667199999999999,128.98,mid_peak,95.6,58.09386761514444
2025-09-01 10:00:00,66.36718798115334,6.944999999999999,128.98,mid_peak,95.6,59.422187981153336
2025-09-01 11:00:00,65.3176286300066,7.0839,128.98,on_peak,114.8,58.233728630006595
2025-09-01 12:00:00,63.43942899350102,8.7507,128.5,mid_peak,95.6,54.688728993501016
2025-09-01 13:00:00,66.23851231476459,17.5014,128.5,on_peak,114.8,48.73711231476459
2025-09-01 14:00:00,68.30274905930209,8.056199999999999,128.5,on_peak,114.8,60.24654905930209
2025-09-01 15:00:00,69.03139439909377,10.9731,137.9,on_peak,114.8,58.05829439909377
2025-09-01 16:00:00,69.40114315130721,12.501,150.74,on_peak,114.8,56.90014315130721
2025-09-01 17:00:00,68.77946914863388,13.334399999999999,150.74,on_peak,114.8,55.44506914863388
2025-09-01 18:00:00,68.31127576008689,4.028099999999999,152.4,mid_peak,95.6,64.28317576008689
2025-09-01 19:00:00,67.5818552656784,0.8333999999999999,152.4,mid_peak,95.6,66.7484552656784
2025-09-01 20:00:00,64.78354709903162,0.1389,129.6,mid_peak,95.6,64.64464709903162
2025-09-01 21:00:00,61.437979772924294,0.0,129.51,mid_peak,95.6,61.437979772924294
2025-09-01 22:00:00,58.643547379361515,0.0,128.98,off_peak,90.8,58.643547379361515
2025-09-01 23:00:00,55.628971074627636,0.0,128.98,off_peak,90.8,55.628971074627636
2025-09-02 00:00:00,51.96791581948284,0.0,120.56,off_peak,90.8,51.96791581948284
2025-09-02 01:00:00,49.902128765711744,0.0,91.5,off_peak,90.8,49.902128765711744
2025-09-02 02:00:00,48.50064921853796,0.0,91.5,off_peak,90.8,48.50064921853796
2025-09-02 03:00:00,47.58596677071436,0.0,91.5,off_peak,90.8,47.58596677071436
2025-09-02 04:00:00,47.48674697976401,0.0,91.5,off_peak,90.8,47.48674697976401
2025-09-02 05:00:00,48.62157333875871,0.0,91.5,off_peak,90.8,48.62157333875871
2025-09-02 06:00:00,51.43150882465748,0.0,91.85,off_peak,90.8,51.43150882465748
2025-09-02 07:00:00,55.949109931365896,1.1112,122.51,off_peak,90.8,54.8379099313659
2025-09-02 08:00:00,61.00931926983408,8.056199999999999,129.95,mid_peak,95.6,52.95311926983408
2025-09-02 09:00:00,63.7122834186145,17.2236,129.77,mid_peak,95.6,46.4886834186145
2025-09-02 10:00:00,64.28047175272864,16.668,129.71,mid_peak,95.6,47.612471752728645
2025-09-02 11:00:00,63.87661619737602,30.002399999999998,129.53,on_peak,114.8,33.87421619737603
2025-09-02 12:00:00,61.78757450510094,39.3087,129.41,mid_peak,95.6,22.47887450510094
2025-09-02 13:00:00,63.392144561876236,35.5584,129.23,on_peak,114.8,27.833744561876237
2025-09-02 14:00:00,64.371939997511,38.3364,129.23,on_peak,114.8,26.03553999751101
2025-09-02 15:00:00,64.29985061814864,29.8635,129.23,on_peak,114.8,34.43635061814864
2025-09-02 16:00:00,66.00519077510789,27.5022,138.59,on_peak,114.8,38.50299077510789
2025-09-02 17:00:00,67.30279960363053,23.1963,130.32,on_peak,114.8,44.10649960363053
2025-09-02 18:00:00,67.51441681401683,12.2232,138.61,mid_peak,95.6,55.29121681401683
2025-09-02 19:00:00,66.87801487362431,3.1947,137.43,mid_peak,95.6,63.68331487362431
2025-09-02 20:00:00,63.92157516515041,0.0,129.95,mid_peak,95.6,63.92157516515041
2025-09-02 21:00:00,60.64732206378864,0.0,129.95,mid_peak,95.6,60.64732206378864
2025-09-02 22:00:00,57.917227503420236,0.0,130.13,off_peak,90.8,57.917227503420236
2025-09-02 23:00:00,54.83908852010878,0.0,127.42,off_peak,90.8,54.83908852010878
2025-09-03 00:00:00,51.08423955633123,0.0,120.78,off_peak,90.8,51.08423955633123
2025-09-03 01:00:00,49.097518273473696,0.0,94.02,off_peak,90.8,49.097518273473696
2025-09-03 02:00:00,47.70146480861751,0.0,94.02,off_peak,90.8,47.70146480861751
2025-09-03 03:00:00,46.887552460977865,0.0,94.02,off_peak,90.8,46.887552460977865
2025-09-03 04:00:00,46.98909771577862,0.0,94.02,off_peak,90.8,46.98909771577862
2025-09-03 05:00:00,48.12082345630613,0.0,94.02,off_peak,90.8,48.12082345630613
2025-09-03 06:00:00,50.658679671708214,0.0,94.02,off_peak,90.8,50.658679671708214
2025-09-03 07:00:00,54.23911884670585,1.6667999999999998,120.78,off_peak,90.8,52.57231884670585
2025-09-03 08:00:00,57.79785369243309,9.5841,128.21,mid_peak,95.6,48.21375369243309
2025-09-03 09:00:00,59.48303982935555,18.4737,127.97,mid_peak,95.6,41.00933982935555
2025-09-03 10:00:00,59.950458063285744,30.6969,127.79,mid_peak,95.6,29.253558063285745
2025-09-03 11:00:00,59.51637147787793,33.0582,127.67,on_peak,114.8,26.458171477877933
2025-09-03 12:00:00,58.42572893204081,43.614599999999996,127.49,mid_peak,95.6,14.811128932040816
2025-09-03 13:00:00,61.86819058524811,43.614599999999996,127.49,on_peak,114.8,18.253590585248112
2025-09-03 14:00:00,64.04792536768875,32.9193,128.59,on_peak,114.8,31.12862536768875
2025-09-03 15:00:00,65.7757450085352,33.6138,137.56,on_peak,114.8,32.1619450085352
2025-09-03 16:00:00,68.07795422043019,24.8631,136.07,on_peak,114.8,43.21485422043018
2025-09-03 17:00:00,68.62676368912435,17.7792,136.91,on_peak,114.8,50.84756368912434
2025-09-03 18:00:00,68.51669173353879,6.2505,149.14,mid_peak,95.6,62.26619173353879
2025-09-03 19:00:00,67.77021783756072,0.8333999999999999,157.48,mid_peak,95.6,66.93681783756072
2025-09-03 20:00:00,65.11841389348908,0.0,134.14,mid_peak,95.6,65.11841389348908
2025-09-03 21:00:00,61.81005398898813,0.0,129.55,mid_peak,95.6,61.81005398898813
2025-09-03 22:00:00,59.00942035849096,0.0,128.39,off_peak,90.8,59.00942035849096
2025-09-03 23:00:00,55.9483347767491,0.0,128.39,off_peak,90.8,55.9483347767491
2025-09-04 00:00:00,52.29813168623949,0.0,123.71,off_peak,90.8,52.29813168623949
2025-09-04 01:00:00,50.10599442993006,0.0,92.21,off_peak,90.8,50.10599442993006
2025-09-04 02:00:00,48.72931983049386,0.0,87.43,off_peak,90.8,48.72931983049386
2025-09-04 03:00:00,47.954940368311,0.0,88.09,off_peak,90.8,47.954940368311
2025-09-04 04:00:00,47.87975037048143,0.0,88.09,off_peak,90.8,47.87975037048143
2025-09-04 05:00:00,48.84404271378021,0.0,88.09,off_peak,90.8,48.84404271378021
2025-09-04 06:00:00,51.52685284252384,0.0,121.75,off_peak,90.8,51.52685284252384
2025-09-04 07:00:00,55.53595252061168,0.2778,121.75,off_peak,90.8,55.25815252061168
2025-09-04 08:00:00,60.003168577228124,1.6667999999999998,131.38,mid_peak,95.6,58.33636857722812
2025-09-04 09:00:00,62.50381737102383,2.2224,131.32,mid_peak,95.6,60.28141737102383
2025-09-04 10:00:00,63.4828376520418,4.7226,131.32,mid_peak,95.6,58.7602376520418
2025-09-04 11:00:00,62.96348405878602,8.1951,131.14,on_peak,114.8,54.768384058786026
2025-09-04 12:00:00,61.04032545450607,23.057399999999998,130.96,mid_peak,95.6,37.98292545450607
2025-09-04 13:00:00,63.2464154939179,35.41949999999999,130.96,on_peak,114.8,27.82691549391791
2025-09-04 14:00:00,64.45255607765817,39.030899999999995,130.96,on_peak,114.8,25.421656077658177
2025-09-04 15:00:00,65.63234140442725,27.918899999999994,130.9,on_peak,114.8,37.71344140442726
2025-09-04 16:00:00,67.86401154619348,27.3633,137.73,on_peak,114.8,40.500711546193486
2025-09-04 17:00:00,68.31825215163808,12.7788,130.9,on_peak,114.8,55.53945215163807
2025-09-04 18:00:00,67.97408350177903,5.9727,137.73,mid_peak,95.6,62.00138350177903
2025-09-04 19:00:00,67.21598228654896,2.5002,137.32,mid_peak,95.6,64.71578228654896
2025-09-04 20:00:00,64.37504061597821,0.0,136.15,mid_peak,95.6,64.37504061597821
2025-09-04 21:00:00,60.98994040441409,0.0,131.32,mid_peak,95.6,60.98994040441409
2025-09-04 22:00:00,58.373793572715236,0.0,131.17,off_peak,90.8,58.373793572715236
2025-09-04 23:00:00,55.23751799314381,0.0,127.24,off_peak,90.8,55.23751799314381
2025-09-05 00:00:00,51.56716088259741,0.0,122.41,off_peak,90.8,51.56716088259741
2025-09-05 01:00:00,49.433160222547954,0.0,91.56,off_peak,90.8,49.433160222547954
2025-09-05 02:00:00,48.1766345887157,0.0,91.5,off_peak,90.8,48.1766345887157
2025-09-05 03:00:00,47.161957195324945,0.0,91.5,off_peak,90.8,47.161957195324945
2025-09-05 04:00:00,47.13172616526976,0.0,91.5,off_peak,90.8,47.13172616526976
2025-09-05 05:00:00,48.358020769046824,0.0,121.15,off_peak,90.8,48.358020769046824
2025-09-05 06:00:00,50.769526781910564,0.0,121.15,off_peak,90.8,50.769526781910564
2025-09-05 07:00:00,54.18175740506267,2.6391,122.28,off_peak,90.8,51.54265740506267
2025-09-05 08:00:00,57.78545121856429,7.3617,130.54,mid_peak,95.6,50.42375121856429
2025-09-05 09:00:00,59.64737260811708,17.7792,130.3,mid_peak,95.6,41.86817260811708
2025-09-05 10:00:00,60.452758254971926,29.5857,130.12,mid_peak,95.6,30.867058254971926
2025-09-05 11:00:00,60.16750135598965,37.3641,130.0,on_peak,114.8,22.80340135598965
2025-09-05 12:00:00,59.292351793622835,42.3645,133.16,mid_peak,95.6,16.927851793622835
2025-09-05 13:00:00,62.54490056571421,40.1421,139.28,on_peak,114.8,22.40280056571421
2025-09-05 14:00:00,64.59130875406531,42.6423,139.38,on_peak,114.8,21.94900875406531
2025-09-05 15:00:00,66.39121777427412,29.7246,139.26,on_peak,114.8,36.66661777427413
2025-09-05 16:00:00,68.36553658326287,21.1128,139.28,on_peak,114.8,47.252736583262866
2025-09-05 17:00:00,68.24228699919172,9.0285,130.24,on_peak,114.8,59.21378699919172
2025-09-05 18:00:00,67.79967371299911,3.4724999999999997,138.38,mid_peak,95.6,64.32717371299911
2025-09-05 19:00:00,67.04699858008664,0.8333999999999999,136.79,mid_peak,95.6,66.21359858008664
2025-09-05 20:00:00,64.33163195743742,0.0,130.3,mid_peak,95.6,64.33163195743742
2025-09-05 21:00:00,61.233338954089184,0.0,130.36,mid_peak,95.6,61.233338954089184
2025-09-05 22:00:00,58.73036469644308,0.0,130.54,off_peak,90.8,58.73036469644308
2025-09-05 23:00:00,55.99639436299068,0.0,126.62,off_peak,90.8,55.99639436299068
2025-09-06 00:00:00,52.24619632691392,0.0,130.18,off_peak,90.8,52.24619632691392
2025-09-06 01:00:00,49.91995732189814,0.0,98.87,off_peak,90.8,49.91995732189814
2025-09-06 02:00:00,48.46576726078197,0.0,91.81,off_peak,90.8,48.46576726078197
2025-09-06 03:00:00,47.35884646799206,0.0,91.81,off_peak,90.8,47.35884646799206
2025-09-06 04:00:00,46.84104318396989,0.0,91.81,off_peak,90.8,46.84104318396989
2025-09-06 05:00:00,47.090642970579374,0.0,91.81,off_peak,90.8,47.090642970579374
2025-09-06 06:00:00,47.7216188286543,0.0,91.81,off_peak,90.8,47.7216188286543
2025-09-06 07:00:00,48.52235354780835,0.2778,91.95,off_peak,90.8,48.24455354780835
2025-09-06 08:00:00,49.785080418575,2.778,125.1,mid_peak,95.6,47.007080418575
2025-09-06 09:00:00,51.90435314090527,4.583699999999999,134.96,mid_peak,95.6,47.32065314090527
2025-09-06 10:00:00,53.35699289278783,9.3063,131.62,mid_peak,95.6,44.05069289278783
2025-09-06 11:00:00,52.991119913658395,5.556,134.9,mid_peak,95.6,47.4351199136584
2025-09-06 12:00:00,53.34148980045184,26.2521,134.72,mid_peak,95.6,27.08938980045184
2025-09-06 13:00:00,55.525100355976484,21.807299999999998,134.72,mid_peak,95.6,33.717800355976486
2025-09-06 14:00:00,55.9367074574971,19.8627,133.39,mid_peak,95.6,36.0740074574971
2025-09-06 15:00:00,56.763797433622344,15.695699999999997,129.67,mid_peak,95.6,41.06809743362235
2025-09-06 16:00:00,57.71026122073473,14.0289,140.39,mid_peak,95.6,43.68136122073473
2025-09-06 17:00:00,59.00321912155656,1.5279,134.9,mid_peak,95.6,57.47531912155656
2025-09-06 18:00:00,59.886895384708176,1.2501,134.9,mid_peak,95.6,58.63679538470817
2025-09-06 19:00:00,59.95123321790255,1.2501,135.1,mid_peak,95.6,58.701133217902544
2025-09-06 20:00:00,58.442007178993606,0.0,135.14,mid_peak,95.6,58.442007178993606
2025-09-06 21:00:00,56.09483899932423,0.0,135.14,mid_peak,95.6,56.09483899932423
2025-09-06 22:00:00,54.14377482883949,0.0,127.72,off_peak,90.8,54.14377482883949
2025-09-06 23:00:00,51.798156958403716,0.0,123.99,off_peak,90.8,51.798156958403716
2025-09-07 00:00:00,48.696763336588276,0.0,131.38,off_peak,90.8,48.696763336588276
2025-09-07 01:00:00,46.640278138218775,0.0,76.06,off_peak,90.8,46.640278138218775
2025-09-07 02:00:00,45.27833147650177,0.0,74.64,off_peak,90.8,45.27833147650177
2025-09-07 03:00:00,44.27373109312941,0.0,74.78,off_peak,90.8,44.27373109312941
2025-09-07 04:00:00,43.857473063907996,0.0,74.51,off_peak,90.8,43.857473063907996
2025-09-07 05:00:00,44.20241686838384,0.0,73.92,off_peak,90.8,44.20241686838384
2025-09-07 06:00:00,44.79618530485238,0.0,73.92,off_peak,90.8,44.79618530485238
2025-09-07 07:00:00,46.072864958721425,0.41669999999999996,73.92,off_peak,90.8,45.656164958721426
2025-09-07 08:00:00,47.83246593885665,4.8614999999999995,74.73,off_peak,90.8,42.97096593885665
2025-09-07 09:00:00,49.35564476086798,10.8342,136.93,off_peak,90.8,38.52144476086798
2025-09-07 10:00:00,50.205214220880414,20.1405,94.13,off_peak,90.8,30.064714220880415
2025-09-07 11:00:00,50.40210349354753,23.7519,137.09,off_peak,90.8,26.65020349354753
2025-09-07 12:00:00,50.72379265951938,27.779999999999998,138.89,off_peak,90.8,22.943792659519385
2025-09-07 13:00:00,50.94316141607369,26.391,138.89,off_peak,90.8,24.552161416073695
2025-09-07 14:00:00,51.88032334778448,17.6403,138.89,off_peak,90.8,34.240023347784486
2025-09-07 15:00:00,53.190334650175906,15.140100000000002,138.89,off_peak,90.8,38.0502346501759
2025-09-07 16:00:00,54.07556122256112,10.4175,138.89,off_peak,90.8,43.658061222561116
2025-09-07 17:00:00,54.89489965251836,7.3617,138.89,off_peak,90.8,47.53319965251836
2025-09-07 18:00:00,56.1646029148362,7.0839,138.89,off_peak,90.8,49.0807029148362
2025-09-07 19:00:00,56.68318135347518,2.9169,138.89,off_peak,90.8,53.76628135347518
2025-09-07 20:00:00,55.2607726316478,0.0,138.89,off_peak,90.8,55.2607726316478
2025-09-07 21:00:00,52.99732115059279,0.0,138.89,off_peak,90.8,52.99732115059279
2025-09-07 22:00:00,50.724567814136186,0.0,136.93,off_peak,90.8,50.724567814136186
2025-09-07 23:00:00,48.21539231955568,0.0,93.54,off_peak,90.8,48.21539231955568
2025-09-08 00:00:00,45.47909652225288,0.0,71.6,off_peak,90.8,45.47909652225288
2025-09-08 01:00:00,43.689264512062465,0.0,71.28,off_peak,90.8,43.689264512062465
2025-09-08 02:00:00,42.63660454244853,0.0,71.31,off_peak,90.8,42.63660454244853
2025-09-08 03:00:00,42.034309405195195,0.0,71.28,off_peak,90.8,42.034309405195195
2025-09-08 04:00:00,42.28235888257108,0.0,71.28,off_peak,90.8,42.28235888257108
2025-09-08 05:00:00,43.72802224290245,0.0,71.28,off_peak,90.8,43.72802224290245
2025-09-08 06:00:00,46.72011906374914,0.0,71.6,off_peak,90.8,46.72011906374914
2025-09-08 07:00:00,51.28655491131594,1.9446,123.68,off_peak,90.8,49.34195491131594
2025-09-08 08:00:00,56.88549670845989,5.6949,129.55,mid_peak,95.6,51.19059670845989
2025-09-08 09:00:00,60.15509888212085,8.056199999999999,133.13,mid_peak,95.6,52.09889888212086
2025-09-08 10:00:00,61.25271781950917,21.1128,133.13,mid_peak,95.6,40.13991781950917
2025-09-08 11:00:00,61.32945812657234,19.0293,133.13,on_peak,114.8,42.30015812657234
2025-09-08 12:00:00,60.32640805243358,32.6415,132.35,mid_peak,95.6,27.684908052433578
2025-09-08 13:00:00,63.097585807492365,36.2529,132.35,on_peak,114.8,26.844685807492368
2025-09-08 14:00:00,63.763443623323276,40.8366,132.35,on_peak,114.8,22.92684362332328
2025-09-08 15:00:00,64.00141609068078,34.4472,145.87,on_peak,114.8,29.554216090680775
2025-09-08 16:00:00,64.93082647622356,16.3902,138.22,on_peak,114.8,48.54062647622356
2025-09-08 17:00:00,64.01536887378316,6.1116,132.35,on_peak,114.8,57.90376887378316
2025-09-08 18:00:00,63.39679548957704,1.5279,136.89,mid_peak,95.6,61.868895489577035
2025-09-08 19:00:00,62.59451046118939,0.5556,138.22,mid_peak,95.6,62.03891046118939
2025-09-08 20:00:00,59.855114045419384,0.0,133.13,mid_peak,95.6,59.855114045419384
2025-09-08 21:00:00,56.938982377019066,0.0,133.13,mid_peak,95.6,56.938982377019066
2025-09-08 22:00:00,54.89489965251836,0.0,133.13,off_peak,90.8,54.89489965251836
2025-09-08 23:00:00,52.439209826497034,0.0,123.68,off_peak,90.8,52.439209826497034
2025-09-09 00:00:00,49.06108600648412,0.0,93.49,off_peak,90.8,49.06108600648412
2025-09-09 01:00:00,47.23869750238811,0.0,75.57,off_peak,90.8,47.23869750238811
2025-09-09 02:00:00,46.07053949487102,0.0,75.22,off_peak,90.8,46.07053949487102
2025-09-09 03:00:00,45.42638600831051,0.0,75.57,off_peak,90.8,45.42638600831051
2025-09-09 04:00:00,45.376000958218526,0.0,74.91,off_peak,90.8,45.376000958218526
2025-09-09 05:00:00,46.47206958637325,0.0,74.91,off_peak,90.8,46.47206958637325
2025-09-09 06:00:00,49.044807759531324,0.0,92.36,off_peak,90.8,49.044807759531324
2025-09-09 07:00:00,53.4438102098694,1.1112,125.21,off_peak,90.8,52.3326102098694
2025-09-09 08:00:00,58.29937872950247,4.583699999999999,131.08,mid_peak,95.6,53.71567872950247
2025-09-09 09:00:00,60.798477214064576,7.5005999999999995,139.93,mid_peak,95.6,53.29787721406458
2025-09-09 10:00:00,61.97206130389926,10.9731,139.93,mid_peak,95.6,50.99896130389926
2025-09-09 11:00:00,61.500767296885066,18.7515,132.4,on_peak,114.8,42.749267296885066
2025-09-09 12:00:00,59.38149457455479,15.001199999999999,132.22,mid_peak,95.6,44.380294574554796
2025-09-09 13:00:00,61.32635750810514,17.6403,132.22,on_peak,114.8,43.68605750810514
2025-09-09 14:00:00,62.08988480565281,12.501,132.22,on_peak,114.8,49.58888480565281
2025-09-09 15:00:00,61.71781058958897,10.1397,132.22,on_peak,114.8,51.578110589588974
2025-09-09 16:00:00,61.69688141493538,14.8623,138.46,on_peak,114.8,46.834581414935386
2025-09-09 17:00:00,60.9806385490125,15.140100000000002,138.46,on_peak,114.8,45.84053854901249
2025-09-09 18:00:00,60.86591566572614,5.556,132.64,mid_peak,95.6,55.309915665726145
2025-09-09 19:00:00,60.25121805460402,1.389,132.88,mid_peak,95.6,58.862218054604014
2025-09-09 20:00:00,57.7823506000971,0.0,132.88,mid_peak,95.6,57.7823506000971
2025-09-09 21:00:00,55.228216137742216,0.0,133.06,mid_peak,95.6,55.228216137742216
2025-09-09 22:00:00,53.4244313444494,0.0,132.11,off_peak,90.8,53.4244313444494
2025-09-09 23:00:00,51.17105687341279,0.0,123.26,off_peak,90.8,51.17105687341279
2025-09-10 00:00:00,48.06656263313015,0.0,120.49,off_peak,90.8,48.06656263313015
2025-09-10 01:00:00,46.23409711901575,0.0,74.76,off_peak,90.8,46.23409711901575
2025-09-10 02:00:00,45.14190426394503,0.0,74.04,off_peak,90.8,45.14190426394503
2025-09-10 03:00:00,44.645030154576446,0.0,74.04,off_peak,90.8,44.645030154576446
2025-09-10 04:00:00,44.64037922687565,0.0,74.04,off_peak,90.8,44.64037922687565
2025-09-10 05:00:00,45.68761311417199,0.0,74.04,off_peak,90.8,45.68761311417199
2025-09-10 06:00:00,48.054935313878154,0.0,91.66,off_peak,90.8,48.054935313878154
2025-09-10 07:00:00,51.56716088259741,1.6667999999999998,120.49,off_peak,90.8,49.90036088259741
2025-09-10 08:00:00,54.836763056258384,10.0008,122.44,mid_peak,95.6,44.835963056258386
2025-09-10 09:00:00,55.84446405809794,21.6684,129.88,mid_peak,95.6,34.17606405809794
2025-09-10 10:00:00,55.60106550842285,30.9747,129.69,mid_peak,95.6,24.62636550842285
2025-09-10 11:00:00,54.59879058890089,39.1698,129.63,on_peak,114.8,15.428990588900888
2025-09-10 12:00:00,53.04460558221757,44.0313,129.45,mid_peak,95.6,9.01330558221757
2025-09-10 13:00:00,55.910352200525914,45.975899999999996,129.33,on_peak,114.8,9.934452200525918
2025-09-10 14:00:00,57.218813193683744,44.1702,129.33,on_peak,114.8,13.048613193683742
2025-09-10 15:00:00,58.59393748388634,39.1698,129.33,on_peak,114.8,19.42413748388634
2025-09-10 16:00:00,60.88529453114614,31.391399999999994,129.82,on_peak,114.8,29.493894531146143
2025-09-10 17:00:00,61.759668938896155,21.2517,129.85,on_peak,114.8,40.507968938896155
2025-09-10 18:00:00,62.02167119937444,9.8619,131.91,mid_peak,95.6,52.15977119937444
2025-09-10 19:00:00,61.41317482518671,1.8056999999999999,131.91,mid_peak,95.6,59.607474825186706
2025-09-10 20:00:00,58.88229500133581,0.0,130.12,mid_peak,95.6,58.88229500133581
2025-09-10 21:00:00,56.170804151770604,0.0,130.3,mid_peak,95.6,56.170804151770604
2025-09-10 22:00:00,54.1042419433827,0.0,123.97,off_peak,90.8,54.1042419433827
2025-09-10 23:00:00,51.63925026195979,0.0,93.69,off_peak,90.8,51.63925026195979
2025-09-11 00:00:00,48.434761076109986,0.0,93.67,off_peak,90.8,48.434761076109986
2025-09-11 01:00:00,46.647254529769974,0.0,75.61,off_peak,90.8,46.647254529769974
2025-09-11 02:00:00,45.56901445780164,0.0,74.19,off_peak,90.8,45.56901445780164
2025-09-11 03:00:00,44.84889581879476,0.0,74.19,off_peak,90.8,44.84889581879476
2025-09-11 04:00:00,44.83184241722517,0.0,74.19,off_peak,90.8,44.83184241722517
2025-09-11 05:00:00,45.824040326728735,0.0,74.19,off_peak,90.8,45.824040326728735
2025-09-11 06:00:00,48.11152160090453,0.0,76.98,off_peak,90.8,48.11152160090453
2025-09-11 07:00:00,50.73929575185538,1.6667999999999998,125.32,off_peak,90.8,49.07249575185538
2025-09-11 08:00:00,52.991119913658395,9.4452,127.27,mid_peak,95.6,43.545919913658395
2025-09-11 09:00:00,53.74146958272046,20.9739,127.27,mid_peak,95.6,32.76756958272046
2025-09-11 10:00:00,53.872470712959604,30.4191,132.48,mid_peak,95.6,23.453370712959604
2025-09-11 11:00:00,53.042280118367174,38.6142,125.32,on_peak,114.8,14.428080118367177
2025-09-11 12:00:00,51.80125757687092,43.614599999999996,125.32,mid_peak,95.6,8.186657576870921
2025-09-11 13:00:00,55.10806717213826,45.1425,134.16,on_peak,114.8,9.965567172138265
2025-09-11 14:00:00,57.41725277558445,43.614599999999996,133.98,on_peak,114.8,13.802652775584455
2025-09-11 15:00:00,59.30552942210843,38.3364,134.16,on_peak,114.8,20.96912942210843
2025-09-11 16:00:00,61.824781926707324,30.6969,127.28,on_peak,114.8,31.127881926707325
2025-09-11 17:00:00,62.97588653265482,21.2517,134.28,on_peak,114.8,41.72418653265482
2025-09-11 18:00:00,62.93247787411404,9.722999999999999,134.52,mid_peak,95.6,53.20947787411404
2025-09-11 19:00:00,62.25499273903114,1.389,134.71,mid_peak,95.6,60.865992739031135
2025-09-11 20:00:00,59.652023535817875,0.0,134.89,mid_peak,95.6,59.652023535817875
2025-09-11 21:00:00,56.712637228913565,0.0,127.27,mid_peak,95.6,56.712637228913565
2025-09-11 22:00:00,54.53290244647292,0.0,125.32,off_peak,90.8,54.53290244647292
2025-09-11 23:00:00,52.11752066052517,0.0,115.53,off_peak,90.8,52.11752066052517
2025-09-12 00:00:00,48.814586838341825,0.0,92.4,off_peak,90.8,48.814586838341825
2025-09-12 01:00:00,47.076690187476984,0.0,74.49,off_peak,90.8,47.076690187476984
2025-09-12 02:00:00,45.85349620216712,0.0,74.49,off_peak,90.8,45.85349620216712
2025-09-12 03:00:00,45.20159116943861,0.0,74.49,off_peak,90.8,45.20159116943861
2025-09-12 04:00:00,45.162833438598625,0.0,74.49,off_peak,90.8,45.162833438598625
2025-09-12 05:00:00,46.18913815124137,0.0,74.49,off_peak,90.8,46.18913815124137
2025-09-12 06:00:00,48.574288907133926,0.0,75.2,off_peak,90.8,48.574288907133926
2025-09-12 07:00:00,52.26945096541791,0.41669999999999996,126.12,off_peak,90.8,51.85275096541791
2025-09-12 08:00:00,56.48629208080806,4.3059,126.12,mid_peak,95.6,52.18039208080806
2025-09-12 09:00:00,58.063731725995375,7.917299999999999,133.79,mid_peak,95.6,50.14643172599538
2025-09-12 10:00:00,59.239641279680455,18.6126,133.73,mid_peak,95.6,40.627041279680455
2025-09-12 11:00:00,59.79387683069221,17.5014,133.55,on_peak,114.8,42.29247683069221
2025-09-12 12:00:00,59.000893657706165,14.445599999999999,133.55,mid_peak,95.6,44.555293657706166
2025-09-12 13:00:00,61.22248678945399,15.695699999999997,133.37,on_peak,114.8,45.52678678945399
2025-09-12 14:00:00,61.58370884088263,9.3063,141.51,on_peak,114.8,52.27740884088263
2025-09-12 15:00:00,61.74261553732656,8.1951,154.68,on_peak,114.8,53.54751553732656
2025-09-12 16:00:00,62.217785317424756,6.1116,143.65,on_peak,114.8,56.10618531742475
2025-09-12 17:00:00,60.98683978594689,2.9169,133.79,on_peak,114.8,58.06993978594689
2025-09-12 18:00:00,60.224862797632824,1.389,133.79,mid_peak,95.6,58.83586279763282
2025-09-12 19:00:00,59.43575539773077,0.1389,133.97,mid_peak,95.6,59.29685539773077
2025-09-12 20:00:00,57.3048553561485,0.0,134.09,mid_peak,95.6,57.3048553561485
2025-09-12 21:00:00,54.926680991807146,0.0,131.54,mid_peak,95.6,54.926680991807146
2025-09-12 22:00:00,53.38489845899262,0.0,126.12,off_peak,90.8,53.38489845899262
2025-09-12 23:00:00,51.31368532290393,0.0,124.08,off_peak,90.8,51.31368532290393
2025-09-13 00:00:00,48.235546339592474,0.0,90.89,off_peak,90.8,48.235546339592474
2025-09-13 01:00:00,46.53950803803482,0.0,74.54,off_peak,90.8,46.53950803803482
2025-09-13 02:00:00,45.34266930969614,0.0,71.63,off_peak,90.8,45.34266930969614
2025-09-13 03:00:00,44.677586648482034,0.0,71.63,off_peak,90.8,44.677586648482034
2025-09-13 04:00:00,44.37140057484617,0.0,71.63,off_peak,90.8,44.37140057484617
2025-09-13 05:00:00,44.788433758684384,0.0,71.63,off_peak,90.8,44.788433758684384
2025-09-13 06:00:00,45.78218197742155,0.0,71.63,off_peak,90.8,45.78218197742155
2025-09-13 07:00:00,47.63325120233914,0.1389,71.63,off_peak,90.8,47.49435120233914
2025-09-13 08:00:00,49.56803712587109,1.6667999999999998,77.08,mid_peak,95.6,47.90123712587109
2025-09-13 09:00:00,51.135399761040006,5.556,137.59,mid_peak,95.6,45.57939976104001
2025-09-13 10:00:00,51.05865945397684,0.0,139.0,mid_peak,95.6,51.05865945397684
2025-09-13 11:00:00,50.2284688593844,0.0,163.42,mid_peak,95.6,50.2284688593844
2025-09-13 12:00:00,49.087441263455304,0.0,102.82,mid_peak,95.6,49.087441263455304
2025-09-13 13:00:00,49.879649281824555,0.0,137.23,mid_peak,95.6,49.879649281824555
2025-09-13 14:00:00,50.2292440140012,0.0,139.0,mid_peak,95.6,50.2292440140012
2025-09-13 15:00:00,51.064085536294435,0.0,139.0,mid_peak,95.6,51.064085536294435
2025-09-13 16:00:00,52.113644887441176,0.0,139.0,mid_peak,95.6,52.113644887441176
2025-09-13 17:00:00,53.10894341541194,0.0,139.0,mid_peak,95.6,53.10894341541194
2025-09-13 18:00:00,54.3460901838242,0.0,139.0,mid_peak,95.6,54.3460901838242
2025-09-13 19:00:00,54.31818461761941,0.9723,139.0,mid_peak,95.6,53.34588461761941
2025-09-13 20:00:00,52.819035588728866,0.0,139.0,mid_peak,95.6,52.819035588728866
2025-09-13 21:00:00,50.82223729585294,0.0,125.69,mid_peak,95.6,50.82223729585294
2025-09-13 22:00:00,49.447113005650344,0.0,89.87,off_peak,90.8,49.447113005650344
2025-09-13 23:00:00,47.48674697976401,0.0,84.23,off_peak,90.8,47.48674697976401
2025-09-14 00:00:00,44.77370582096519,0.0,77.23,off_peak,90.8,44.77370582096519
2025-09-14 01:00:00,42.95054216225239,0.0,75.68,off_peak,90.8,42.95054216225239
2025-09-14 02:00:00,41.76688106239931,0.0,71.86,off_peak,90.8,41.76688106239931
2025-09-14 03:00:00,40.99560221868364,0.0,70.76,off_peak,90.8,40.99560221868364
2025-09-14 04:00:00,40.76305583364375,0.0,70.76,off_peak,90.8,40.76305583364375
2025-09-14 05:00:00,41.18163932671556,0.0,70.76,off_peak,90.8,41.18163932671556
2025-09-14 06:00:00,41.638980550627366,0.0,71.86,off_peak,90.8,41.638980550627366
2025-09-14 07:00:00,42.0141553851584,0.9723,71.86,off_peak,90.8,41.04185538515841
2025-09-14 08:00:00,42.00485352975681,5.556,70.76,off_peak,90.8,36.44885352975681
2025-09-14 09:00:00,42.53583444226457,11.528699999999999,93.59,off_peak,90.8,31.007134442264572
2025-09-14 10:00:00,43.21331957734748,16.5291,101.14,off_peak,90.8,26.684219577347477
2025-09-14 11:00:00,42.821866495863645,20.835,101.12,off_peak,90.8,21.986866495863644
2025-09-14 12:00:00,43.29316050287784,37.3641,101.12,off_peak,90.8,5.929060502877839
2025-09-14 13:00:00,44.319465215520594,26.8077,101.12,off_peak,90.8,17.511765215520594
2025-09-14 14:00:00,45.64963053794881,27.2244,101.11,off_peak,90.8,18.42523053794881
2025-09-14 15:00:00,47.36194708645926,29.8635,101.12,off_peak,90.8,17.49844708645926
2025-09-14 16:00:00,49.47811919032233,25.9743,101.13,off_peak,90.8,23.503819190322332
2025-09-14 17:00:00,51.92528231555886,19.0293,101.14,off_peak,90.8,32.89598231555886
2025-09-14 18:00:00,53.6577528841061,9.5841,101.15,off_peak,90.8,44.0736528841061
2025-09-14 19:00:00,54.037578646337934,1.2501,101.15,off_peak,90.8,52.78747864633793
2025-09-14 20:00:00,52.77562693018809,0.0,100.82,off_peak,90.8,52.77562693018809
2025-09-14 21:00:00,50.65635420785782,0.0,96.08,off_peak,90.8,50.65635420785782
2025-09-14 22:00:00,48.70606519198987,0.0,93.19,off_peak,90.8,48.70606519198987
2025-09-14 23:00:00,46.509277007979634,0.0,85.51,off_peak,90.8,46.509277007979634
2025-09-15 00:00:00,44.11559955130228,0.0,71.8,off_peak,90.8,44.11559955130228
2025-09-15 01:00:00,42.483899082939,0.0,71.32,off_peak,90.8,42.483899082939
2025-09-15 02:00:00,41.596347046703386,0.0,71.32,off_peak,90.8,41.596347046703386
2025-09-15 03:00:00,41.153733760510775,0.0,71.32,off_peak,90.8,41.153733760510775
2025-09-15 04:00:00,41.34907272394429,0.0,71.32,off_peak,90.8,41.34907272394429
2025-09-15 05:00:00,42.833493815115645,0.0,71.32,off_peak,90.8,42.833493815115645
2025-09-15 06:00:00,45.80233599745834,0.0,72.08,off_peak,90.8,45.80233599745834
2025-09-15 07:00:00,50.33078926880196,1.2501,127.09,off_peak,90.8,49.080689268801954
2025-09-15 08:00:00,55.19565964383663,7.5005999999999995,127.09,mid_peak,95.6,47.69505964383663
2025-09-15 09:00:00,57.811806475535484,18.334799999999998,134.59,mid_peak,95.6,39.47700647553549
2025-09-15 10:00:00,58.93578066989499,25.002,134.59,mid_peak,95.6,33.933780669894986
2025-09-15 11:00:00,58.878419228251815,31.252499999999998,134.59,on_peak,114.8,27.625919228251817
2025-09-15 12:00:00,58.19938378393531,34.169399999999996,133.99,mid_peak,95.6,24.029983783935315
2025-09-15 13:00:00,60.803903296382174,27.2244,133.99,on_peak,114.8,33.57950329638217
2025-09-15 14:00:00,62.03484882786003,31.391399999999994,133.99,on_peak,114.8,30.643448827860038
2025-09-15 15:00:00,62.94177972951564,35.14169999999999,133.99,on_peak,114.8,27.800079729515645
2025-09-15 16:00:00,63.80375166339686,24.3075,133.99,on_peak,114.8,39.49625166339686
2025-09-15 17:00:00,63.68747847087691,14.5845,133.99,on_peak,114.8,49.10297847087691
2025-09-15 18:00:00,63.54717548523617,7.639500000000001,134.59,mid_peak,95.6,55.90767548523617
2025-09-15 19:00:00,62.647220975131766,1.389,134.59,mid_peak,95.6,61.25822097513176
2025-09-15 20:00:00,60.08068403890809,0.0,134.59,mid_peak,95.6,60.08068403890809
2025-09-15 21:00:00,57.213387111366146,0.0,130.63,mid_peak,95.6,57.213387111366146
2025-09-15 22:00:00,55.063108204363886,0.0,127.09,off_peak,90.8,55.063108204363886
2025-09-15 23:00:00,52.437659517263434,0.0,92.6,off_peak,90.8,52.437659517263434
2025-09-16 00:00:00,49.23704610449764,0.0,123.91,off_peak,90.8,49.23704610449764
2025-09-16 01:00:00,47.42318430118643,0.0,73.71,off_peak,90.8,47.42318430118643
2025-09-16 02:00:00,46.34184361075091,0.0,73.71,off_peak,90.8,46.34184361075091
2025-09-16 03:00:00,45.822490017495134,0.0,73.71,off_peak,90.8,45.822490017495134
2025-09-16 04:00:00,45.88140176837191,0.0,73.71,off_peak,90.8,45.88140176837191
2025-09-16 05:00:00,47.01080204504901,0.0,73.71,off_peak,90.8,47.01080204504901
2025-09-16 06:00:00,49.72074258538063,0.0,91.81,off_peak,90.8,49.72074258538063
2025-09-16 07:00:00,53.68410814107729,1.2501,92.74,off_peak,90.8,52.434008141077285
2025-09-16 08:00:00,57.67072833527794,4.3059,125.86,mid_peak,95.6,53.36482833527794
2025-09-16 09:00:00,59.374518183003595,11.528699999999999,139.52,mid_peak,95.6,47.845818183003594
2025-09-16 10:00:00,60.09541197662728,6.1116,139.5,mid_peak,95.6,53.98381197662728
2025-09-16 11:00:00,59.93960589865055,10.0008,133.12,on_peak,114.8,49.93880589865055
2025-09-16 12:00:00,59.06445633628373,5.8338,133.12,mid_peak,95.6,53.23065633628373
2025-09-16 13:00:00,62.00074202472085,5.6949,133.12,on_peak,114.8,56.30584202472085
2025-09-16 14:00:00,63.41539920038023,5.0004,140.35,on_peak,114.8,58.41499920038023
2025-09-16 15:00:00,63.92157516515041,0.5556,140.94,on_peak,114.8,63.36597516515041
2025-09-16 16:00:00,64.71765895660366,6.8061,140.35,on_peak,114.8,57.911558956603656
2025-09-16 17:00:00,65.0626027610795,10.4175,133.48,on_peak,114.8,54.6451027610795
2025-09-16 18:00:00,65.11608842963868,3.1947,133.48,mid_peak,95.6,61.92138842963868
2025-09-16 19:00:00,64.1355178393871,0.2778,133.54,mid_peak,95.6,63.85771783938711
2025-09-16 20:00:00,61.38371894974832,0.0,133.54,mid_peak,95.6,61.38371894974832
2025-09-16 21:00:00,58.4544096528624,0.0,133.54,mid_peak,95.6,58.4544096528624
2025-09-16 22:00:00,56.28242641658975,0.0,125.86,off_peak,90.8,56.28242641658975
2025-09-16 23:00:00,53.55155670160455,0.0,123.91,off_peak,90.8,53.55155670160455
2025-09-17 00:00:00,50.09669257452846,0.0,93.49,off_peak,90.8,50.09669257452846
2025-09-17 01:00:00,48.254150050395666,0.0,75.1,off_peak,90.8,48.254150050395666
2025-09-17 02:00:00,47.185986988445734,0.0,74.92,off_peak,90.8,47.185986988445734
2025-09-17 03:00:00,46.48989814255964,0.0,75.58,off_peak,90.8,46.48989814255964
2025-09-17 04:00:00,46.55578628498761,0.0,74.92,off_peak,90.8,46.55578628498761
2025-09-17 05:00:00,47.642553057740734,0.0,75.58,off_peak,90.8,47.642553057740734
2025-09-17 06:00:00,50.33388988726916,0.0,91.74,off_peak,90.8,50.33388988726916
2025-09-17 07:00:00,54.335238019189006,0.1389,123.87,off_peak,90.8,54.19633801918901
2025-09-17 08:00:00,58.88074469210221,0.5556,133.68,mid_peak,95.6,58.325144692102214
2025-09-17 09:00:00,62.103837588755205,2.2224,163.83,mid_peak,95.6,59.881437588755205
2025-09-17 10:00:00,63.7122834186145,2.2224,142.35,mid_peak,95.6,61.4898834186145
2025-09-17 11:00:00,63.67430084239132,0.6945,133.5,on_peak,114.8,62.97980084239132
2025-09-17 12:00:00,62.282898305235925,2.3613,133.5,mid_peak,95.6,59.921598305235925
2025-09-17 13:00:00,64.91222276542037,13.0566,133.5,on_peak,114.8,51.855622765420364
2025-09-17 14:00:00,65.40599625632176,5.4171,133.5,on_peak,114.8,59.98889625632176
2025-09-17 15:00:00,64.37581577059501,5.4171,143.71,on_peak,114.8,58.95871577059501
2025-09-17 16:00:00,63.7045318724465,4.7226,133.5,on_peak,114.8,58.9819318724465
2025-09-17 17:00:00,62.55110180264861,5.9727,133.5,on_peak,114.8,56.578401802648614
2025-09-17 18:00:00,62.43560376474546,5.4171,133.68,mid_peak,95.6,57.01850376474546
2025-09-17 19:00:00,61.56200451161224,0.9723,133.8,mid_peak,95.6,60.58970451161224
2025-09-17 20:00:00,59.09856313942292,0.0,133.8,mid_peak,95.6,59.09856313942292
2025-09-17 21:00:00,56.496369090826455,0.0,129.61,mid_peak,95.6,56.496369090826455
2025-09-17 22:00:00,54.5677844042289,0.0,125.83,off_peak,90.8,54.5677844042289
2025-09-17 23:00:00,52.04853189963001,0.0,93.84,off_peak,90.8,52.04853189963001
2025-09-18 00:00:00,48.85024395071461,0.0,76.77,off_peak,90.8,48.85024395071461
2025-09-18 01:00:00,47.0449088481882,0.0,73.74,off_peak,90.8,47.0449088481882
2025-09-18 02:00:00,45.958917230051874,0.0,71.52,off_peak,90.8,45.958917230051874
2025-09-18 03:00:00,45.382977349769725,0.0,71.52,off_peak,90.8,45.382977349769725
2025-09-18 04:00:00,45.357397247415335,0.0,71.52,off_peak,90.8,45.357397247415335
2025-09-18 05:00:00,46.40618144394528,0.0,71.52,off_peak,90.8,46.40618144394528
2025-09-18 06:00:00,48.83396570376181,0.0,74.27,off_peak,90.8,48.83396570376181
2025-09-18 07:00:00,52.621371161444955,0.5556,93.93,off_peak,90.8,52.06577116144496
2025-09-18 08:00:00,57.29632865536371,4.7226,122.94,mid_peak,95.6,52.57372865536371
2025-09-18 09:00:00,59.78379982067382,7.0839,129.8,mid_peak,95.6,52.69989982067382
2025-09-18 10:00:00,59.490016220906746,11.112,129.62,mid_peak,95.6,48.378016220906744
2025-09-18 11:00:00,56.72891547586636,20.2794,193.74,on_peak,114.8,36.44951547586636
2025-09-18 12:00:00,53.73681865501967,35.0028,129.56,mid_peak,95.6,18.734018655019668
2025-09-18 13:00:00,55.63284684771163,40.281,129.56,on_peak,114.8,15.351846847711634
2025-09-18 14:00:00,56.53745228551684,42.5034,129.56,on_peak,114.8,14.034052285516843
2025-09-18 15:00:00,57.66142647987635,31.391399999999994,129.56,on_peak,114.8,26.270026479876353
2025-09-18 16:00:00,59.07065757321813,23.1963,129.62,on_peak,114.8,35.87435757321813
2025-09-18 17:00:00,59.566756527969915,16.2513,129.8,on_peak,114.8,43.315456527969914
2025-09-18 18:00:00,59.8248830153642,6.667199999999999,129.92,mid_peak,95.6,53.1576830153642
2025-09-18 19:00:00,58.939656442978986,0.8333999999999999,129.92,mid_peak,95.6,58.10625644297899
2025-09-18 20:00:00,56.6312459941496,0.0,130.45,mid_peak,95.6,56.6312459941496
2025-09-18 21:00:00,53.94611040155557,0.0,123.0,mid_peak,95.6,53.94611040155557
2025-09-18 22:00:00,52.233018698428324,0.0,123.0,off_peak,90.8,52.233018698428324
2025-09-18 23:00:00,50.09204164682766,0.0,113.06,off_peak,90.8,50.09204164682766
2025-09-19 00:00:00,47.203040390015325,0.0,78.18,off_peak,90.8,47.203040390015325
2025-09-19 01:00:00,45.52017971694327,0.0,74.4,off_peak,90.8,45.52017971694327
2025-09-19 02:00:00,44.42721170725574,0.0,74.4,off_peak,90.8,44.42721170725574
2025-09-19 03:00:00,43.783058220695224,0.0,74.4,off_peak,90.8,43.783058220695224
2025-09-19 04:00:00,43.8311178069368,0.0,74.4,off_peak,90.8,43.8311178069368
2025-09-19 05:00:00,44.92718643509153,0.0,74.4,off_peak,90.8,44.92718643509153
2025-09-19 06:00:00,47.17435966919374,0.0,91.97,off_peak,90.8,47.17435966919374
2025-09-19 07:00:00,50.54550709765547,0.41669999999999996,117.63,off_peak,90.8,50.12880709765547
2025-09-19 08:00:00,54.178656786595475,2.9169,121.43,mid_peak,95.6,51.26175678659548
2025-09-19 09:00:00,55.73981818482999,4.167,130.89,mid_peak,95.6,51.57281818482999
2025-09-19 10:00:00,55.661527568533224,6.944999999999999,131.23,mid_peak,95.6,48.71652756853322
2025-09-19 11:00:00,54.3375634830394,6.3894,130.52,on_peak,114.8,47.9481634830394
2025-09-19 12:00:00,53.1965358871103,10.9731,130.02,mid_peak,95.6,42.2234358871103
2025-09-19 13:00:00,56.13437188478102,9.5841,128.24,on_peak,114.8,46.55027188478102
2025-09-19 14:00:00,57.5536799881412,7.5005999999999995,162.72,on_peak,114.8,50.0530799881412
2025-09-19 15:00:00,58.12806955918975,6.667199999999999,128.24,on_peak,114.8,51.460869559189746
2025-09-19 16:00:00,58.302479347969665,6.1116,125.98,on_peak,114.8,52.19087934796966
2025-09-19 17:00:00,57.50562040189961,2.778,125.98,on_peak,114.8,54.727620401899614
2025-09-19 18:00:00,57.24594360527173,1.1112,125.98,mid_peak,95.6,56.13474360527173
2025-09-19 19:00:00,56.38242136215691,0.1389,125.98,mid_peak,95.6,56.24352136215691
2025-09-19 20:00:00,54.37864667772978,0.0,121.43,mid_peak,95.6,54.37864667772978
2025-09-19 21:00:00,52.250072099997915,0.0,109.52,mid_peak,95.6,52.250072099997915
2025-09-19 22:00:00,51.01602595005286,0.0,109.52,off_peak,90.8,51.01602595005286
2025-09-19 23:00:00,49.13550084969688,0.0,117.58,off_peak,90.8,49.13550084969688
2025-09-20 00:00:00,46.41160752626288,0.0,77.31,off_peak,90.8,46.41160752626288
2025-09-20 01:00:00,44.83881880877637,0.0,74.29,off_peak,90.8,44.83881880877637
2025-09-20 02:00:00,43.713294305183254,0.0,74.29,off_peak,90.8,43.713294305183254
2025-09-20 03:00:00,43.03580917010035,0.0,74.29,off_peak,90.8,43.03580917010035
2025-09-20 04:00:00,42.796286393509256,0.0,74.29,off_peak,90.8,42.796286393509256
2025-09-20 05:00:00,43.24122514355226,0.0,74.29,off_peak,90.8,43.24122514355226
2025-09-20 06:00:00,44.079167284312696,0.0,74.29,off_peak,90.8,44.079167284312696
2025-09-20 07:00:00,45.4473151829641,0.1389,74.29,off_peak,90.8,45.3084151829641
2025-09-20 08:00:00,46.596094325061195,2.0835,74.29,mid_peak,95.6,44.512594325061194
2025-09-20 09:00:00,46.99529895271302,5.9727,120.95,mid_peak,95.6,41.022598952713025
2025-09-20 10:00:00,46.974369778059426,6.944999999999999,120.95,mid_peak,95.6,40.029369778059426
2025-09-20 11:00:00,46.76352772228992,9.3063,163.82,mid_peak,95.6,37.45722772228992
2025-09-20 12:00:00,45.307787351940156,12.9177,139.19,mid_peak,95.6,32.39008735194015
2025-09-20 13:00:00,45.18763838633621,13.7511,71.63,mid_peak,95.6,31.43653838633621
2025-09-20 14:00:00,45.62637589944482,22.3629,71.63,mid_peak,95.6,23.263475899444817
2025-09-20 15:00:00,46.165108358120584,18.8904,74.29,mid_peak,95.6,27.274708358120584
2025-09-20 16:00:00,47.2751297693777,7.3617,74.29,mid_peak,95.6,39.9134297693777
2025-09-20 17:00:00,48.88202529000339,13.889999999999999,74.62,mid_peak,95.6,34.99202529000339
2025-09-20 18:00:00,50.50597421219868,3.1947,110.44,mid_peak,95.6,47.31127421219868
2025-09-20 19:00:00,50.70906472180019,0.0,110.43,mid_peak,95.6,50.70906472180019
2025-09-20 20:00:00,49.65020351525185,0.0,85.66,mid_peak,95.6,49.65020351525185
2025-09-20 21:00:00,47.961141605245395,0.0,85.66,mid_peak,95.6,47.961141605245395
2025-09-20 22:00:00,46.90538101716426,0.0,85.66,off_peak,90.8,46.90538101716426
2025-09-20 23:00:00,45.28220724958577,0.0,85.66,off_peak,90.8,45.28220724958577
2025-09-21 00:00:00,42.65443309863492,0.0,74.6,off_peak,90.8,42.65443309863492
2025-09-21 01:00:00,40.966146343245256,0.0,71.03,off_peak,90.8,40.966146343245256
2025-09-21 02:00:00,39.80263926342897,0.0,70.24,off_peak,90.8,39.80263926342897
2025-09-21 03:00:00,39.09104732520688,0.0,70.24,off_peak,90.8,39.09104732520688
2025-09-21 04:00:00,39.0414374297317,0.0,70.24,off_peak,90.8,39.0414374297317
2025-09-21 05:00:00,39.429014738131535,0.0,71.03,off_peak,90.8,39.429014738131535
2025-09-21 06:00:00,39.84759823120335,0.0,71.03,off_peak,90.8,39.84759823120335
2025-09-21 07:00:00,39.5088556636619,1.1112,71.03,off_peak,90.8,38.3976556636619
2025-09-21 08:00:00,38.1283052911417,8.7507,69.73,off_peak,90.8,29.3776052911417
2025-09-21 09:00:00,36.67644069387594,19.7238,67.63,off_peak,90.8,16.95264069387594
2025-09-21 10:00:00,36.34622482711928,24.4464,119.41,off_peak,90.8,11.899824827119279
2025-09-21 11:00:00,35.930741952514666,35.5584,119.41,off_peak,90.8,0.37234195251466673
2025-09-21 12:00:00,36.24700503616893,41.253299999999996,93.77,off_peak,90.8,0.0
2025-09-21 13:00:00,37.70274540651869,43.059,117.45,off_peak,90.8,0.0
2025-09-21 14:00:00,38.70114455295665,42.2256,117.45,off_peak,90.8,0.0
2025-09-21 15:00:00,40.59484728179822,37.0863,117.45,off_peak,90.8,3.508547281798222
2025-09-21 16:00:00,43.869875537776785,28.6134,93.83,off_peak,90.8,15.256475537776787
2025-09-21 17:00:00,47.21156709080012,17.7792,115.89,off_peak,90.8,29.432367090800124
2025-09-21 18:00:00,49.39362733709117,5.556,105.91,off_peak,90.8,43.83762733709117
2025-09-21 19:00:00,49.67423330837265,0.5556,105.87,off_peak,90.8,49.11863330837265
2025-09-21 20:00:00,48.67273354346749,0.0,117.45,off_peak,90.8,48.67273354346749
2025-09-21 21:00:00,47.00460080811462,0.0,93.84,off_peak,90.8,47.00460080811462
2025-09-21 22:00:00,45.4380133275625,0.0,93.4,off_peak,90.8,45.4380133275625
2025-09-21 23:00:00,43.649731626605686,0.0,84.89,off_peak,90.8,43.649731626605686
2025-09-22 00:00:00,41.431239113325056,0.0,75.77,off_peak,90.8,41.431239113325056
2025-09-22 01:00:00,39.953794413704905,0.0,71.68,off_peak,90.8,39.953794413704905
2025-09-22 02:00:00,39.10655041754288,0.0,71.68,off_peak,90.8,39.10655041754288
2025-09-22 03:00:00,38.63215579206148,0.0,71.68,off_peak,90.8,38.63215579206148
2025-09-22 04:00:00,38.97632444192053,0.0,71.68,off_peak,90.8,38.97632444192053
2025-09-22 05:00:00,40.43671573997109,0.0,71.68,off_peak,90.8,40.43671573997109
2025-09-22 06:00:00,43.30013689442904,0.0,71.92,off_peak,90.8,43.30013689442904
2025-09-22 07:00:00,46.64260360206917,0.41669999999999996,75.79,off_peak,90.8,46.225903602069174
2025-09-22 08:00:00,49.445562696416744,5.0004,120.65,mid_peak,95.6,44.445162696416745
2025-09-22 09:00:00,50.19436205624522,11.112,121.55,mid_peak,95.6,39.082362056245216
2025-09-22 10:00:00,50.4625655536579,25.1409,132.38,mid_peak,95.6,25.321665553657905
2025-09-22 11:00:00,50.385825246594734,33.336,120.65,on_peak,114.8,17.049825246594736
2025-09-22 12:00:00,49.354869606251185,34.863899999999994,126.59,mid_peak,95.6,14.490969606251191
2025-09-22 13:00:00,52.386499312554655,29.5857,130.16,on_peak,114.8,22.800799312554656
2025-09-22 14:00:00,54.446085129391356,25.002,120.65,on_peak,114.8,29.444085129391357
2025-09-22 15:00:00,55.569284169134065,13.7511,124.19,on_peak,114.8,41.818184169134064
2025-09-22 16:00:00,56.73434155818396,16.112399999999997,120.65,on_peak,114.8,40.62194155818396
2025-09-22 17:00:00,56.58783733560882,8.056199999999999,122.61,on_peak,114.8,48.53163733560882
2025-09-22 18:00:00,57.22966535831894,5.4171,126.13,mid_peak,95.6,51.81256535831894
2025-09-22 19:00:00,56.43590703071609,0.2778,126.13,mid_peak,95.6,56.15810703071609
2025-09-22 20:00:00,54.329036782254605,0.0,126.13,mid_peak,95.6,54.329036782254605
2025-09-22 21:00:00,52.01520025110762,0.0,120.65,mid_peak,95.6,52.01520025110762
2025-09-22 22:00:00,50.56023503537466,0.0,118.7,off_peak,90.8,50.56023503537466
2025-09-22 23:00:00,48.48049519850117,0.0,92.71,off_peak,90.8,48.48049519850117
2025-09-23 00:00:00,45.53180703619526,0.0,78.41,off_peak,90.8,45.53180703619526
2025-09-23 01:00:00,43.94506553560635,0.0,75.03,off_peak,90.8,43.94506553560635
2025-09-23 02:00:00,43.080768137874735,0.0,71.57,off_peak,90.8,43.080768137874735
2025-09-23 03:00:00,42.63660454244853,0.0,71.57,off_peak,90.8,42.63660454244853
2025-09-23 04:00:00,42.693965984091705,0.0,71.57,off_peak,90.8,42.693965984091705
2025-09-23 05:00:00,43.912509041700766,0.0,71.57,off_peak,90.8,43.912509041700766
2025-09-23 06:00:00,46.294559179126125,0.0,77.68,off_peak,90.8,46.294559179126125
2025-09-23 07:00:00,49.27580383533762,0.5556,91.74,off_peak,90.8,48.72020383533762
2025-09-23 08:00:00,51.94543633559565,4.583699999999999,123.1,mid_peak,95.6,47.36173633559565
2025-09-23 09:00:00,51.624522324240594,11.6676,125.05,mid_peak,95.6,39.956922324240594
2025-09-23 10:00:00,49.92538340421574,19.1682,128.96,mid_peak,95.6,30.757183404215738
2025-09-23 11:00:00,48.01617758303817,29.4468,125.05,on_peak,114.8,18.56937758303817
2025-09-23 12:00:00,45.99379918780786,35.2806,125.05,mid_peak,95.6,10.71319918780786
2025-09-23 13:00:00,48.871948279985,41.114399999999996,132.67,on_peak,114.8,7.757548279985002
2025-09-23 14:00:00,50.82456275970334,28.3356,132.67,on_peak,114.8,22.48896275970334
2025-09-23 15:00:00,53.306607842695854,26.1132,132.67,on_peak,114.8,27.193407842695855
2025-09-23 16:00:00,56.09948992702503,25.9743,133.31,on_peak,114.8,30.125189927025033
2025-09-23 17:00:00,57.227339894468535,9.5841,133.16,on_peak,114.8,47.643239894468536
2025-09-23 18:00:00,57.97846471814741,2.6391,126.54,mid_peak,95.6,55.33936471814741
2025-09-23 19:00:00,57.076959898809406,0.1389,126.54,mid_peak,95.6,56.938059898809406
2025-09-23 20:00:00,55.04140387509349,0.0,125.05,mid_peak,95.6,55.04140387509349
2025-09-23 21:00:00,52.715164870077714,0.0,123.1,mid_peak,95.6,52.715164870077714
2025-09-23 22:00:00,51.20981460425277,0.0,123.1,off_peak,90.8,51.20981460425277
2025-09-23 23:00:00,49.13782631354728,0.0,122.91,off_peak,90.8,49.13782631354728
2025-09-24 00:00:00,46.173635058905376,0.0,89.9,off_peak,90.8,46.173635058905376
2025-09-24 01:00:00,44.65898293767884,0.0,76.32,off_peak,90.8,44.65898293767884
2025-09-24 02:00:00,43.74817626293924,0.0,76.32,off_peak,90.8,43.74817626293924
2025-09-24 03:00:00,43.1668103003395,0.0,76.76,off_peak,90.8,43.1668103003395
2025-09-24 04:00:00,43.24510091663626,0.0,76.76,off_peak,90.8,43.24510091663626
2025-09-24 05:00:00,44.31326397858619,0.0,76.32,off_peak,90.8,44.31326397858619
2025-09-24 06:00:00,46.70306566217955,0.0,76.41,off_peak,90.8,46.70306566217955
2025-09-24 07:00:00,49.707564956895034,0.5556,92.81,off_peak,90.8,49.151964956895036
2025-09-24 08:00:00,52.946936100500814,4.3059,100.09,mid_peak,95.6,48.64103610050081
2025-09-24 09:00:00,55.55610654064847,6.8061,175.54,mid_peak,95.6,48.75000654064847
2025-09-24 10:00:00,56.89944949156228,6.3894,131.42,mid_peak,95.6,50.51004949156228
2025-09-24 11:00:00,56.71496269276396,4.3059,131.45,on_peak,114.8,52.40906269276396
2025-09-24 12:00:00,56.01422291917707,3.6113999999999997,100.85,mid_peak,95.6,52.40282291917707
2025-09-24 13:00:00,59.21638664117647,2.9169,100.85,on_peak,114.8,56.29948664117647
2025-09-24 14:00:00,60.37524279329196,1.389,131.34,on_peak,114.8,58.98624279329196
2025-09-24 15:00:00,60.873667211894144,3.4724999999999997,144.52,on_peak,114.8,57.40116721189415
2025-09-24 16:00:00,61.33643451812354,1.8056999999999999,120.78,on_peak,114.8,59.53073451812354
2025-09-24 17:00:00,60.38376949407676,2.6391,100.85,on_peak,114.8,57.74466949407676
2025-09-24 18:00:00,60.294626713144794,1.1112,125.76,mid_peak,95.6,59.1834267131448
2025-09-24 19:00:00,59.27917416513724,0.1389,125.76,mid_peak,95.6,59.14027416513724
2025-09-24 20:00:00,56.95060969627106,0.0,131.4,mid_peak,95.6,56.95060969627106
2025-09-24 21:00:00,54.49957079795053,0.0,125.76,mid_peak,95.6,54.49957079795053
2025-09-24 22:00:00,52.92833238969762,0.0,96.28,off_peak,90.8,52.92833238969762
2025-09-24 23:00:00,50.78735533809696,0.0,92.86,off_peak,90.8,50.78735533809696
2025-09-25 00:00:00,47.785181507231876,0.0,106.15,off_peak,90.8,47.785181507231876
2025-09-25 01:00:00,46.03488238249824,0.0,106.15,off_peak,90.8,46.03488238249824
2025-09-25 02:00:00,45.09927076002105,0.0,106.15,off_peak,90.8,45.09927076002105
2025-09-25 03:00:00,44.374501193313364,0.0,106.15,off_peak,90.8,44.374501193313364
2025-09-25 04:00:00,44.48069737581492,0.0,106.24,off_peak,90.8,44.48069737581492
2025-09-25 05:00:00,45.64808022871521,0.0,106.24,off_peak,90.8,45.64808022871521
2025-09-25 06:00:00,48.21384201032208,0.0,106.24,off_peak,90.8,48.21384201032208
2025-09-25 07:00:00,52.551607245932985,0.41669999999999996,106.24,off_peak,90.8,52.134907245932986
2025-09-25 08:00:00,57.0816108265102,2.0835,106.15,mid_peak,95.6,54.9981108265102
2025-09-25 09:00:00,59.61481611421149,7.639500000000001,140.02,mid_peak,95.6,51.975316114211495
2025-09-25 10:00:00,60.22253733378243,14.1678,175.38,mid_peak,95.6,46.05473733378243
2025-09-25 11:00:00,59.1295693240949,16.668,117.92,on_peak,114.8,42.4615693240949
2025-09-25 12:00:00,57.10176484654699,21.807299999999998,105.78,mid_peak,95.6,35.294464846546994
2025-09-25 13:00:00,59.09623767557252,26.2521,117.49,on_peak,114.8,32.84413767557252
2025-09-25 14:00:00,59.73418992519864,28.6134,117.54,on_peak,114.8,31.120789925198643
2025-09-25 15:00:00,59.52334786942913,29.8635,137.38,on_peak,114.8,29.659847869429132
2025-09-25 16:00:00,60.26517083770641,24.0297,124.46,on_peak,114.8,36.23547083770641
2025-09-25 17:00:00,60.00239342261132,14.1678,124.35,on_peak,114.8,45.83459342261132
2025-09-25 18:00:00,60.316331042415186,5.6949,126.56,mid_peak,95.6,54.62143104241519
2025-09-25 19:00:00,59.18460530188768,0.41669999999999996,126.56,mid_peak,95.6,58.76790530188768
2025-09-25 20:00:00,56.6281453756824,0.0,126.56,mid_peak,95.6,56.6281453756824
2025-09-25 21:00:00,54.1042419433827,0.0,118.33,mid_peak,95.6,54.1042419433827
2025-09-25 22:00:00,52.58803951292257,0.0,106.34,off_peak,90.8,52.58803951292257
2025-09-25 23:00:00,50.55325864382346,0.0,79.22,off_peak,90.8,50.55325864382346
2025-09-26 00:00:00,47.51387739135199,0.0,78.16,off_peak,90.8,47.51387739135199
2025-09-26 01:00:00,45.80078568822474,0.0,73.01,off_peak,90.8,45.80078568822474
2025-09-26 02:00:00,44.7582027286292,0.0,73.01,off_peak,90.8,44.7582027286292
2025-09-26 03:00:00,44.23419820767263,0.0,73.01,off_peak,90.8,44.23419820767263
2025-09-26 04:00:00,44.21171872378544,0.0,71.52,off_peak,90.8,44.21171872378544
2025-09-26 05:00:00,45.211668179457,0.0,72.61,off_peak,90.8,45.211668179457
2025-09-26 06:00:00,47.42008368271923,0.0,75.82,off_peak,90.8,47.42008368271923
2025-09-26 07:00:00,50.088941028360466,0.6945,93.44,off_peak,90.8,49.39444102836047
2025-09-26 08:00:00,52.550056936699384,5.556,128.58,mid_peak,95.6,46.99405693669939
2025-09-26 09:00:00,52.7453959001329,10.4175,128.16,mid_peak,95.6,42.3278959001329
2025-09-26 10:00:00,51.56716088259741,14.7234,128.04,mid_peak,95.6,36.843760882597415
2025-09-26 11:00:00,49.97576845430771,27.3633,127.86,on_peak,114.8,22.612468454307713
2025-09-26 12:00:00,48.68281055348588,40.0032,127.8,mid_peak,95.6,8.67961055348588
2025-09-26 13:00:00,51.726842733658145,40.5588,127.62,on_peak,114.8,11.168042733658147
2025-09-26 14:00:00,53.72829195423487,39.7254,127.62,on_peak,114.8,14.002891954234869
2025-09-26 15:00:00,55.296429744020585,33.4749,127.62,on_peak,114.8,21.821529744020587
2025-09-26 16:00:00,57.42267885790205,24.4464,127.8,on_peak,114.8,32.976278857902045
2025-09-26 17:00:00,57.600189265149176,15.279000000000002,127.86,on_peak,114.8,42.32118926514917
2025-09-26 18:00:00,57.86064121639386,4.8614999999999995,121.33,mid_peak,95.6,52.99914121639386
2025-09-26 19:00:00,56.78550176289273,0.2778,121.33,mid_peak,95.6,56.50770176289273
2025-09-26 20:00:00,54.797230170801605,0.0,121.34,mid_peak,95.6,54.797230170801605
2025-09-26 21:00:00,52.59346559524017,0.0,118.25,mid_peak,95.6,52.59346559524017
2025-09-26 22:00:00,51.21291522271997,0.0,100.05,off_peak,90.8,51.21291522271997
2025-09-26 23:00:00,49.235495795264036,0.0,92.74,off_peak,90.8,49.235495795264036
2025-09-27 00:00:00,46.270529386005336,0.0,77.25,off_peak,90.8,46.270529386005336
2025-09-27 01:00:00,44.586893558316476,0.0,71.92,off_peak,90.8,44.586893558316476
2025-09-27 02:00:00,43.423386478500184,0.0,71.63,off_peak,90.8,43.423386478500184
2025-09-27 03:00:00,42.60327289392614,0.0,71.63,off_peak,90.8,42.60327289392614
2025-09-27 04:00:00,42.322666922644665,0.0,71.63,off_peak,90.8,42.322666922644665
2025-09-27 05:00:00,42.68466412869011,0.0,71.63,off_peak,90.8,42.68466412869011
2025-09-27 06:00:00,43.40943369539779,0.0,71.92,off_peak,90.8,43.40943369539779
2025-09-27 07:00:00,43.481523074760155,0.6945,74.99,off_peak,90.8,42.78702307476016
2025-09-27 08:00:00,42.486224546789394,6.1116,71.63,mid_peak,95.6,36.37462454678939
2025-09-27 09:00:00,41.69944261073774,17.2236,121.98,mid_peak,95.6,24.47584261073774
2025-09-27 10:00:00,41.90020765648885,26.529899999999998,93.09,mid_peak,95.6,15.370307656488855
2025-09-27 11:00:00,42.0164808490088,35.0028,93.13,mid_peak,95.6,7.0136808490088
2025-09-27 12:00:00,42.18391424623753,35.9751,92.86,mid_peak,95.6,6.20881424623753
2025-09-27 13:00:00,44.40783284183575,27.3633,121.98,mid_peak,95.6,17.04453284183575
2025-09-27 14:00:00,46.229446191314956,27.779999999999998,123.93,mid_peak,95.6,18.44944619131496
2025-09-27 15:00:00,47.84099263964145,24.3075,126.93,mid_peak,95.6,23.533492639641448
2025-09-27 16:00:00,49.177359199004066,13.0566,123.93,mid_peak,95.6,36.12075919900407
2025-09-27 17:00:00,49.93313495038373,10.6953,123.1,mid_peak,95.6,39.23783495038373
2025-09-27 18:00:00,51.30360831288553,4.3059,111.99,mid_peak,95.6,46.99770831288553
2025-09-27 19:00:00,51.04393151625764,0.1389,112.05,mid_peak,95.6,50.905031516257644
2025-09-27 20:00:00,49.819962376330984,0.0,103.12,mid_peak,95.6,49.819962376330984
2025-09-27 21:00:00,48.33786674901003,0.0,93.18,mid_peak,95.6,48.33786674901003
2025-09-27 22:00:00,47.35884646799206,0.0,92.83,off_peak,90.8,47.35884646799206
2025-09-27 23:00:00,45.866673830652715,0.0,83.26,off_peak,90.8,45.866673830652715
2025-09-28 00:00:00,43.22882266968347,0.0,72.05,off_peak,90.8,43.22882266968347
2025-09-28 01:00:00,41.5459619966114,0.0,71.65,off_peak,90.8,41.5459619966114
2025-09-28 02:00:00,40.478574089278275,0.0,71.65,off_peak,90.8,40.478574089278275
2025-09-28 03:00:00,39.79333740802738,0.0,71.65,off_peak,90.8,39.79333740802738
2025-09-28 04:00:00,39.49335257132591,0.0,71.65,off_peak,90.8,39.49335257132591
2025-09-28 05:00:00,39.885580807426535,0.0,71.65,off_peak,90.8,39.885580807426535
2025-09-28 06:00:00,40.562290787892636,0.0,71.65,off_peak,90.8,40.562290787892636
2025-09-28 07:00:00,41.506429111154624,0.0,71.65,off_peak,90.8,41.506429111154624
2025-09-28 08:00:00,42.82961804203164,0.41669999999999996,71.65,off_peak,90.8,42.41291804203164
2025-09-28 09:00:00,44.5256563435893,1.5279,76.7,off_peak,90.8,42.997756343589295
2025-09-28 10:00:00,45.56978961241845,1.9446,128.43,off_peak,90.8,43.625189612418446
2025-09-28 11:00:00,45.36979972128413,2.2224,128.43,off_peak,90.8,43.14739972128413
2025-09-28 12:00:00,44.90005602350354,5.9727,128.43,off_peak,90.8,38.927356023503535
2025-09-28 13:00:00,44.86207344728035,10.9731,130.38,off_peak,90.8,33.88897344728035
2025-09-28 14:00:00,45.02718138065868,25.5576,96.62,off_peak,90.8,19.46958138065868
2025-09-28 15:00:00,45.72947146347917,17.6403,95.63,off_peak,90.8,28.089171463479172
2025-09-28 16:00:00,46.67748555982516,6.8061,78.25,off_peak,90.8,39.87138555982516
2025-09-28 17:00:00,48.073539024681345,5.556,95.97,off_peak,90.8,42.51753902468135
2025-09-28 18:00:00,49.74554753311821,2.6391,95.94,off_peak,90.8,47.106447533118214
2025-09-28 19:00:00,49.764151243921404,0.1389,96.18,off_peak,90.8,49.625251243921404
2025-09-28 20:00:00,48.59754354563792,0.0,91.16,off_peak,90.8,48.59754354563792
2025-09-28 21:00:00,47.13560193835376,0.0,91.16,off_peak,90.8,47.13560193835376
2025-09-28 22:00:00,45.686062804938395,0.0,91.16,off_peak,90.8,45.686062804938395
2025-09-28 23:00:00,43.939639453288756,0.0,80.74,off_peak,90.8,43.939639453288756
2025-09-29 00:00:00,41.652933333729756,0.0,72.39,off_peak,90.8,41.652933333729756
2025-09-29 01:00:00,40.14525760405442,0.0,69.84,off_peak,90.8,40.14525760405442
2025-09-29 02:00:00,39.2786347424724,0.0,69.22,off_peak,90.8,39.2786347424724
2025-09-29 03:00:00,38.92516423721175,0.0,69.84,off_peak,90.8,38.92516423721175
2025-09-29 04:00:00,39.36700236878756,0.0,69.2,off_peak,90.8,39.36700236878756
2025-09-29 05:00:00,40.783985008297336,0.0,69.84,off_peak,90.8,40.783985008297336
2025-09-29 06:00:00,43.622601215017696,0.0,72.71,off_peak,90.8,43.622601215017696
2025-09-29 07:00:00,47.54023264832318,0.41669999999999996,78.82,off_peak,90.8,47.123532648323184
2025-09-29 08:00:00,51.038505433940045,5.2782,78.82,mid_peak,95.6,45.76030543394005
2025-09-29 09:00:00,51.74699675369494,6.667199999999999,126.88,mid_peak,95.6,45.079796753694936
2025-09-29 10:00:00,50.513725758366675,16.9458,126.88,mid_peak,95.6,33.56792575836668
2025-09-29 11:00:00,49.221543012161646,22.7796,72.71,on_peak,114.8,26.441943012161648
2025-09-29 12:00:00,47.592943162265556,8.8896,72.71,mid_peak,95.6,38.703343162265554
2025-09-29 13:00:00,50.63077410550343,20.557199999999998,72.71,on_peak,114.8,30.07357410550343
2025-09-29 14:00:00,52.116745505908376,27.918899999999994,86.72,on_peak,114.8,24.197845505908383
2025-09-29 15:00:00,53.41512948904781,25.002,91.52,on_peak,114.8,28.413129489047808
2025-09-29 16:00:00,55.58866303455405,12.7788,91.29,on_peak,114.8,42.809863034554056
2025-09-29 17:00:00,56.31963383819613,13.4733,126.87,on_peak,114.8,42.84633383819613
2025-09-29 18:00:00,57.092462991145396,5.2782,137.68,mid_peak,95.6,51.8142629911454
2025-09-29 19:00:00,55.97003910601949,0.2778,137.68,mid_peak,95.6,55.69223910601949
2025-09-29 20:00:00,53.8933998876132,0.0,129.45,mid_peak,95.6,53.8933998876132
2025-09-29 21:00:00,51.68343407511737,0.0,129.45,mid_peak,95.6,51.68343407511737
2025-09-29 22:00:00,50.33931596958676,0.0,88.55,off_peak,90.8,50.33931596958676
2025-09-29 23:00:00,48.26732767888126,0.0,88.55,off_peak,90.8,48.26732767888126
2025-09-30 00:00:00,45.48839837765448,0.0,77.32,off_peak,90.8,45.48839837765448
2025-09-30 01:00:00,43.905532650149574,0.0,76.15,off_peak,90.8,43.905532650149574
2025-09-30 02:00:00,43.02263154161476,0.0,75.49,off_peak,90.8,43.02263154161476
2025-09-30 03:00:00,42.44901712518301,0.0,74.77,off_peak,90.8,42.44901712518301
2025-09-30 04:00:00,42.4753723821542,0.0,75.04,off_peak,90.8,42.4753723821542
2025-09-30 05:00:00,43.628027297335294,0.0,75.49,off_peak,90.8,43.628027297335294
2025-09-30 06:00:00,45.82016455364473,0.0,75.96,off_peak,90.8,45.82016455364473
2025-09-30 07:00:00,48.53630633091075,0.2778,76.15,off_peak,90.8,48.25850633091075
2025-09-30 08:00:00,51.03617997008965,3.4724999999999997,91.52,mid_peak,95.6,47.56367997008965
2025-09-30 09:00:00,51.71211479593895,6.3894,93.14,mid_peak,95.6,45.32271479593895
2025-09-30 10:00:00,51.8369146892437,7.7784,136.01,mid_peak,95.6,44.0585146892437
2025-09-30 11:00:00,50.32768865033476,7.7784,93.37,on_peak,114.8,42.54928865033476
2025-09-30 12:00:00,48.495998290837164,10.1397,92.89,mid_peak,95.6,38.35629829083717
2025-09-30 13:00:00,50.48039410984429,16.3902,93.37,on_peak,114.8,34.09019410984429
2025-09-30 14:00:00,51.58653974801741,28.3356,93.36,on_peak,114.8,23.25093974801741
2025-09-30 15:00:00,53.47636670377498,16.2513,92.78,on_peak,114.8,37.22506670377498
2025-09-30 16:00:00,55.41812901885813,11.112,93.38,on_peak,114.8,44.30612901885813
2025-09-30 17:00:00,55.998719826841075,7.222799999999999,93.38,on_peak,114.8,48.775919826841076
2025-09-30 18:00:00,56.93045567623427,3.3335999999999997,129.58,mid_peak,95.6,53.59685567623427
2025-09-30 19:00:00,55.928955911329105,0.41669999999999996,129.58,mid_peak,95.6,55.512255911329106
2025-09-30 20:00:00,53.96471411235877,0.0,129.58,mid_peak,95.6,53.96471411235877
2025-09-30 21:00:00,51.556308717962224,0.0,96.44,mid_peak,95.6,51.556308717962224
2025-09-30 22:00:00,50.266451435607586,0.0,96.44,off_peak,90.8,50.266451435607586
2025-09-30 23:00:00,48.4014294275876,0.0,92.42,off_peak,90.8,48.4014294275876
2025-10-01 00:00:00,45.50700208845767,0.0,98.63,off_peak,90.8,45.50700208845767
2025-10-01 01:00:00,43.78073275684483,0.0,73.28,off_peak,90.8,43.78073275684483
2025-10-01 02:00:00,42.924962059898,0.0,71.64,off_peak,90.8,42.924962059898
2025-10-01 03:00:00,42.51800588607818,0.0,70.82,off_peak,90.8,42.51800588607818
2025-10-01 04:00:00,42.58621949235655,0.0,69.26,off_peak,90.8,42.58621949235655
2025-10-01 05:00:00,43.60167204036411,0.0,71.64,off_peak,90.8,43.60167204036411
2025-10-01 06:00:00,45.77365527663675,0.0,76.65,off_peak,90.8,45.77365527663675
2025-10-01 07:00:00,48.14562840404371,0.41669999999999996,91.14,off_peak,90.8,47.728928404043714
2025-10-01 08:00:00,49.91995732189814,4.8614999999999995,91.14,mid_peak,95.6,45.05845732189814
2025-10-01 09:00:00,49.63315011368226,13.889999999999999,114.92,mid_peak,95.6,35.74315011368226
2025-10-01 10:00:00,48.417707674540395,20.696099999999998,114.92,mid_peak,95.6,27.721607674540397
2025-10-01 11:00:00,46.611597417397185,15.5568,114.91,on_peak,114.8,31.054797417397182
2025-10-01 12:00:00,44.979121794417104,14.8623,91.11,mid_peak,95.6,30.116821794417106
2025-10-01 13:00:00,48.059586241578955,25.418699999999998,103.71,on_peak,114.8,22.640886241578958
2025-10-01 14:00:00,50.40520411201472,26.529899999999998,103.7,on_peak,114.8,23.875304112014724
2025-10-01 15:00:00,52.705087860059315,28.3356,117.57,on_peak,114.8,24.369487860059316
2025-10-01 16:00:00,55.434407265810925,11.6676,130.5,on_peak,114.8,43.766807265810925
2025-10-01 17:00:00,56.133596730164214,5.4171,116.21,on_peak,114.8,50.716496730164216
2025-10-01 18:00:00,56.67232918883998,2.2224,119.42,mid_peak,95.6,54.44992918883998
2025-10-01 19:00:00,55.540603448312474,0.0,137.49,mid_peak,95.6,55.540603448312474
2025-10-01 20:00:00,53.63372309098531,0.0,117.17,mid_peak,95.6,53.63372309098531
2025-10-01 21:00:00,51.48964542091745,0.0,103.4,mid_peak,95.6,51.48964542091745
2025-10-01 22:00:00,50.15637948002203,0.0,103.12,off_peak,90.8,50.15637948002203
2025-10-01 23:00:00,48.24329788576047,0.0,96.91,off_peak,90.8,48.24329788576047
2025-10-02 00:00:00,45.358947556648936,0.0,74.18,off_peak,90.8,45.358947556648936
2025-10-02 01:00:00,43.71872038750085,0.0,73.96,off_peak,90.8,43.71872038750085
2025-10-02 02:00:00,42.78698453810766,0.0,73.96,off_peak,90.8,42.78698453810766
2025-10-02 03:00:00,42.31724084032707,0.0,73.96,off_peak,90.8,42.31724084032707
2025-10-02 04:00:00,42.465295372135806,0.0,73.96,off_peak,90.8,42.465295372135806
2025-10-02 05:00:00,43.45361750855537,0.0,73.96,off_peak,90.8,43.45361750855537
2025-10-02 06:00:00,45.62792620867842,0.0,73.96,off_peak,90.8,45.62792620867842
2025-10-02 07:00:00,48.84946879609781,0.2778,91.05,off_peak,90.8,48.57166879609781
2025-10-02 08:00:00,52.188834885270744,3.3335999999999997,118.3,mid_peak,95.6,48.85523488527075
2025-10-02 09:00:00,52.80740826947687,11.528699999999999,119.72,mid_peak,95.6,41.27870826947687
2025-10-02 10:00:00,52.16092931906596,21.807299999999998,124.02,mid_peak,95.6,30.35362931906596
2025-10-02 11:00:00,50.08816587374366,28.3356,126.72,on_peak,114.8,21.752565873743663
2025-10-02 12:00:00,47.47822027897921,34.4472,124.02,mid_peak,95.6,13.031020278979206
2025-10-02 13:00:00,50.62534802318583,32.7804,126.15,on_peak,114.8,17.84494802318583
2025-10-02 14:00:00,53.6492261833213,26.529899999999998,124.02,on_peak,114.8,27.119326183321306
2025-10-02 15:00:00,54.29958090681622,15.417900000000001,172.28,on_peak,114.8,38.881680906816214
2025-10-02 16:00:00,54.8003307892688,11.528699999999999,121.87,on_peak,114.8,43.2716307892688
2025-10-02 17:00:00,54.21431389896826,5.8338,118.39,on_peak,114.8,48.38051389896826
2025-10-02 18:00:00,54.70653708063604,1.6667999999999998,119.72,mid_peak,95.6,53.03973708063604
2025-10-02 19:00:00,53.831387518269224,0.1389,117.58,mid_peak,95.6,53.692487518269225
2025-10-02 20:00:00,52.23844478074592,0.0,119.72,mid_peak,95.6,52.23844478074592
2025-10-02 21:00:00,50.363345762707546,0.0,91.95,mid_peak,95.6,50.363345762707546
2025-10-02 22:00:00,49.34246713238239,0.0,91.78,off_peak,90.8,49.34246713238239
2025-10-02 23:00:00,47.557286049892774,0.0,115.95,off_peak,90.8,47.557286049892774
2025-10-03 00:00:00,44.65588231921164,0.0,102.21,off_peak,90.8,44.65588231921164
2025-10-03 01:00:00,42.96061917227079,0.0,90.46,off_peak,90.8,42.96061917227079
2025-10-03 02:00:00,41.77308229933371,0.0,74.97,off_peak,90.8,41.77308229933371
2025-10-03 03:00:00,40.98862582713245,0.0,73.51,off_peak,90.8,40.98862582713245
2025-10-03 04:00:00,40.85064830534211,0.0,73.51,off_peak,90.8,40.85064830534211
2025-10-03 05:00:00,41.30566406540351,0.0,73.95,off_peak,90.8,41.30566406540351
2025-10-03 06:00:00,42.2536781617495,0.0,91.13,off_peak,90.8,42.2536781617495
2025-10-03 07:00:00,43.88925440319678,0.2778,91.91,off_peak,90.8,43.61145440319678
2025-10-03 08:00:00,45.80931238900954,1.2501,115.5,off_peak,90.8,44.55921238900954
2025-10-03 09:00:00,46.87592514172587,4.028099999999999,118.37,off_peak,90.8,42.84782514172587
2025-10-03 10:00:00,47.376675024178454,6.2505,118.37,off_peak,90.8,41.12617502417845
2025-10-03 11:00:00,46.99219833424582,7.639500000000001,118.37,off_peak,90.8,39.35269833424582
2025-10-03 12:00:00,46.31626350839652,16.668,115.5,off_peak,90.8,29.648263508396518
2025-10-03 13:00:00,47.22086894620172,10.1397,115.5,off_peak,90.8,37.08116894620172
2025-10-03 14:00:00,47.668133160095124,9.5841,115.5,off_peak,90.8,38.084033160095125
2025-10-03 15:00:00,47.829365320389456,8.056199999999999,111.19,off_peak,90.8,39.77316532038946
2025-10-03 16:00:00,48.24407304037727,7.3617,111.19,off_peak,90.8,40.882373040377274
2025-10-03 17:00:00,48.56653736096593,5.1392999999999995,115.5,off_peak,90.8,43.42723736096593
2025-10-03 18:00:00,49.5509837243015,1.8056999999999999,115.5,off_peak,90.8,47.7452837243015
2025-10-03 19:00:00,49.22309332139525,0.1389,115.5,off_peak,90.8,49.08419332139525
2025-10-03 20:00:00,48.282830771217256,0.0,115.5,off_peak,90.8,48.282830771217256
2025-10-03 21:00:00,46.795309061578706,0.0,115.5,off_peak,90.8,46.795309061578706
2025-10-03 22:00:00,45.50622693384087,0.0,115.5,off_peak,90.8,45.50622693384087
2025-10-03 23:00:00,44.01405429650153,0.0,111.41,off_peak,90.8,44.01405429650153
2025-10-04 00:00:00,41.70176807458814,0.0,73.28,off_peak,90.8,41.70176807458814
2025-10-04 01:00:00,40.04293719463686,0.0,72.92,off_peak,90.8,40.04293719463686
2025-10-04 02:00:00,39.062366604385296,0.0,72.51,off_peak,90.8,39.062366604385296
2025-10-04 03:00:00,38.391857860853584,0.0,71.69,off_peak,90.8,38.391857860853584
2025-10-04 04:00:00,38.27093374063284,0.0,71.36,off_peak,90.8,38.27093374063284
2025-10-04 05:00:00,38.72594950069424,0.0,72.51,off_peak,90.8,38.72594950069424
2025-10-04 06:00:00,39.47242339667231,0.0,72.92,off_peak,90.8,39.47242339667231
2025-10-04 07:00:00,40.30648976434875,0.2778,72.51,off_peak,90.8,40.02868976434875
2025-10-04 08:00:00,40.83049428530532,4.028099999999999,72.51,mid_peak,95.6,36.80239428530532
2025-10-04 09:00:00,41.180864172098765,4.8614999999999995,68.69,mid_peak,95.6,36.319364172098766
2025-10-04 10:00:00,41.39403169171867,6.2505,139.9,mid_peak,95.6,35.14353169171867
2025-10-04 11:00:00,41.11032510197,9.722999999999999,133.46,mid_peak,95.6,31.38732510197
2025-10-04 12:00:00,40.940566240890874,8.056199999999999,68.69,mid_peak,95.6,32.88436624089088
2025-10-04 13:00:00,41.45914467952984,15.279000000000002,68.69,mid_peak,95.6,26.18014467952984
2025-10-04 14:00:00,41.664560652981756,29.5857,68.69,mid_peak,95.6,12.078860652981756
2025-10-04 15:00:00,42.42033640436142,11.9454,70.87,mid_peak,95.6,30.474936404361422
2025-10-04 16:00:00,43.75050172678964,7.222799999999999,72.92,mid_peak,95.6,36.527701726789644
2025-10-04 17:00:00,45.418634462142506,3.1947,72.92,mid_peak,95.6,42.22393446214251
2025-10-04 18:00:00,46.97669524190983,0.8333999999999999,72.92,mid_peak,95.6,46.14329524190983
2025-10-04 19:00:00,46.74337370225313,0.0,73.82,mid_peak,95.6,46.74337370225313
2025-10-04 20:00:00,45.6597075479672,0.0,73.82,mid_peak,95.6,45.6597075479672
2025-10-04 21:00:00,44.32334098860459,0.0,73.82,mid_peak,95.6,44.32334098860459
2025-10-04 22:00:00,43.70166698593126,0.0,73.82,off_peak,90.8,43.70166698593126
2025-10-04 23:00:00,42.15988445311674,0.0,73.82,off_peak,90.8,42.15988445311674
2025-10-05 00:00:00,39.75690514103779,0.0,72.32,off_peak,90.8,39.75690514103779
2025-10-05 01:00:00,37.915912926138596,0.0,70.69,off_peak,90.8,37.915912926138596
2025-10-05 02:00:00,36.874880275776654,0.0,70.69,off_peak,90.8,36.874880275776654
2025-10-05 03:00:00,36.16716411063856,0.0,69.08,off_peak,90.8,36.16716411063856
2025-10-05 04:00:00,36.038488444249815,0.0,69.08,off_peak,90.8,36.038488444249815
2025-10-05 05:00:00,36.36327822868888,0.0,70.09,off_peak,90.8,36.36327822868888
2025-10-05 06:00:00,36.86867903884225,0.0,70.69,off_peak,90.8,36.86867903884225
2025-10-05 07:00:00,37.31439294350206,0.1389,69.08,off_peak,90.8,37.17549294350206
2025-10-05 08:00:00,37.59034798708274,1.5279,67.07,off_peak,90.8,36.062447987082734
2025-10-05 09:00:00,37.59034798708274,2.5002,67.07,off_peak,90.8,35.09014798708274
2025-10-05 10:00:00,37.760882002778665,1.389,67.07,off_peak,90.8,36.37188200277866
2025-10-05 11:00:00,37.08339686769576,2.2224,67.07,off_peak,90.8,34.86099686769576
2025-10-05 12:00:00,36.752405846322304,3.7502999999999997,66.23,off_peak,90.8,33.0021058463223
2025-10-05 13:00:00,37.812042207487444,8.7507,67.07,off_peak,90.8,29.061342207487442
2025-10-05 14:00:00,38.99492815272372,4.3059,67.07,off_peak,90.8,34.68902815272372
2025-10-05 15:00:00,39.94991864062091,3.8892,67.07,off_peak,90.8,36.060718640620905
2025-10-05 16:00:00,41.318841693889105,5.9727,69.08,off_peak,90.8,35.34614169388911
2025-10-05 17:00:00,42.86294969055403,3.6113999999999997,71.78,off_peak,90.8,39.25154969055403
2025-10-05 18:00:00,44.127226870554274,1.5279,71.78,off_peak,90.8,42.59932687055427
2025-10-05 19:00:00,43.8396445077216,0.0,74.03,off_peak,90.8,43.8396445077216
2025-10-05 20:00:00,43.10867370407952,0.0,74.03,off_peak,90.8,43.10867370407952
2025-10-05 21:00:00,41.97772311816882,0.0,74.03,off_peak,90.8,41.97772311816882
2025-10-05 22:00:00,40.73592542205576,0.0,74.03,off_peak,90.8,40.73592542205576
2025-10-05 23:00:00,39.239877011632416,0.0,74.03,off_peak,90.8,39.239877011632416
2025-10-06 00:00:00,37.062467693042166,0.0,69.19,off_peak,90.8,37.062467693042166
2025-10-06 01:00:00,35.49200443940606,0.0,67.26,off_peak,90.8,35.49200443940606
2025-10-06 02:00:00,34.4804276644825,0.0,67.02,off_peak,90.8,34.4804276644825
2025-10-06 03:00:00,33.99208025589871,0.0,67.02,off_peak,90.8,33.99208025589871
2025-10-06 04:00:00,33.98897963743151,0.0,67.02,off_peak,90.8,33.98897963743151
2025-10-06 05:00:00,34.555617662312066,0.0,67.63,off_peak,90.8,34.555617662312066
2025-10-06 06:00:00,35.36410392763411,0.0,69.08,off_peak,90.8,35.36410392763411
2025-10-06 07:00:00,36.208247305328946,0.0,69.08,off_peak,90.8,36.208247305328946
2025-10-06 08:00:00,36.34234905403528,0.2778,66.92,off_peak,90.8,36.06454905403528
2025-10-06 09:00:00,36.40203595952886,1.5279,66.73,off_peak,90.8,34.87413595952886
2025-10-06 10:00:00,36.26948452005612,2.778,67.02,off_peak,90.8,33.49148452005612
2025-10-06 11:00:00,35.73075206138035,3.1947,67.02,off_peak,90.8,32.53605206138035
2025-10-06 12:00:00,35.91833947864587,4.167,67.02,off_peak,90.8,31.751339478645868
2025-10-06 13:00:00,36.38033163025847,3.6113999999999997,67.02,off_peak,90.8,32.768931630258464
2025-10-06 14:00:00,37.09579934156456,5.1392999999999995,66.59,off_peak,90.8,31.95649934156456
2025-10-06 15:00:00,38.05699106639614,4.4448,67.02,off_peak,90.8,33.612191066396136
2025-10-06 16:00:00,38.86315186786778,2.9169,67.02,off_peak,90.8,35.94625186786778
2025-10-06 17:00:00,39.84217214888575,1.6667999999999998,69.08,off_peak,90.8,38.17537214888575
2025-10-06 18:00:00,41.03746056799083,0.41669999999999996,69.08,off_peak,90.8,40.62076056799083
2025-10-06 19:00:00,41.1087747927364,0.0,74.03,off_peak,90.8,41.1087747927364
2025-10-06 20:00:00,40.66848697039419,0.0,74.03,off_peak,90.8,40.66848697039419
2025-10-06 21:00:00,39.991776989928084,0.0,74.03,off_peak,90.8,39.991776989928084
2025-10-06 22:00:00,39.178639796905244,0.0,74.03,off_peak,90.8,39.178639796905244
2025-10-06 23:00:00,38.47247394100075,0.0,74.03,off_peak,90.8,38.47247394100075
2025-10-07 00:00:00,36.42916637111685,0.0,69.31,off_peak,90.8,36.42916637111685
2025-10-07 01:00:00,35.05481723553105,0.0,68.19,off_peak,90.8,35.05481723553105
2025-10-07 02:00:00,34.23315334172341,0.0,67.64,off_peak,90.8,34.23315334172341
2025-10-07 03:00:00,33.7913152101476,0.0,67.36,off_peak,90.8,33.7913152101476
2025-10-07 04:00:00,33.793640673998,0.0,67.36,off_peak,90.8,33.793640673998
2025-10-07 05:00:00,34.34167498807536,0.0,67.36,off_peak,90.8,34.34167498807536
2025-10-07 06:00:00,34.98970424771988,0.0,67.64,off_peak,90.8,34.98970424771988
2025-10-07 07:00:00,35.96097298256985,0.1389,67.36,off_peak,90.8,35.82207298256985
2025-10-07 08:00:00,36.64388419997035,1.5279,65.56,off_peak,90.8,35.11598419997035
2025-10-07 09:00:00,37.339973045856446,3.8892,66.74,off_peak,90.8,33.450773045856444
2025-10-07 10:00:00,37.53531200928996,5.8338,67.36,off_peak,90.8,31.70151200928996
2025-10-07 11:00:00,37.430666136022005,7.917299999999999,67.36,off_peak,90.8,29.513366136022007
2025-10-07 12:00:00,37.503530670001176,8.8896,67.26,off_peak,90.8,28.613930670001174
2025-10-07 13:00:00,37.688017468799494,15.001199999999999,66.55,off_peak,90.8,22.686817468799497
2025-10-07 14:00:00,38.00195508860336,8.4729,64.93,off_peak,90.8,29.52905508860336
2025-10-07 15:00:00,38.780210323870214,6.5283,65.44,off_peak,90.8,32.25191032387021
2025-10-07 16:00:00,40.380129452944715,5.6949,67.36,off_peak,90.8,34.68522945294472
2025-10-07 17:00:00,42.076942909119175,1.9446,72.5,off_peak,90.8,40.132342909119174
2025-10-07 18:00:00,43.79003461224642,0.9723,72.5,off_peak,90.8,42.817734612246426
2025-10-07 19:00:00,43.6086484319153,0.0,75.19,off_peak,90.8,43.6086484319153
2025-10-07 20:00:00,42.90480803986121,0.0,75.19,off_peak,90.8,42.90480803986121
2025-10-07 21:00:00,41.7932363193705,0.0,75.19,off_peak,90.8,41.7932363193705
2025-10-07 22:00:00,40.78708562676454,0.0,75.19,off_peak,90.8,40.78708562676454
2025-10-07 23:00:00,39.53055999293229,0.0,75.19,off_peak,90.8,39.53055999293229
2025-10-08 00:00:00,37.34152335509005,0.0,67.31,off_peak,90.8,37.34152335509005
2025-10-08 01:00:00,35.91523886017867,0.0,67.31,off_peak,90.8,35.91523886017867
2025-10-08 02:00:00,34.9431949707119,0.0,67.31,off_peak,90.8,34.9431949707119
2025-10-08 03:00:00,34.53003755995768,0.0,67.31,off_peak,90.8,34.53003755995768
2025-10-08 04:00:00,34.46182395367931,0.0,67.31,off_peak,90.8,34.46182395367931
2025-10-08 05:00:00,35.060243317848645,0.0,67.31,off_peak,90.8,35.060243317848645
2025-10-08 06:00:00,35.90826246862748,0.0,67.31,off_peak,90.8,35.90826246862748
2025-10-08 07:00:00,36.69504440467913,0.2778,67.31,off_peak,90.8,36.41724440467913
2025-10-08 08:00:00,36.87953120347745,6.3894,67.31,off_peak,90.8,30.490131203477446
2025-10-08 09:00:00,36.89580945043024,15.834599999999998,65.7,off_peak,90.8,21.061209450430244
2025-10-08 10:00:00,37.15548624705813,25.5576,66.06,off_peak,90.8,11.597886247058128
2025-10-08 11:00:00,37.03456212683738,32.7804,65.97,off_peak,90.8,4.254162126837379
2025-10-08 12:00:00,36.895034295813446,37.0863,0.0,off_peak,90.8,0.0
2025-10-08 13:00:00,36.52140977051601,38.3364,67.31,off_peak,90.8,0.0
2025-10-08 14:00:00,36.801240587180686,36.2529,66.17,off_peak,90.8,0.5483405871806895
2025-10-08 15:00:00,38.43991744709517,30.835800000000003,67.31,off_peak,90.8,7.604117447095167
2025-10-08 16:00:00,41.0979226281012,22.918499999999998,67.31,off_peak,90.8,18.179422628101204
2025-10-08 17:00:00,43.82646687923601,13.1955,135.84,off_peak,90.8,30.63096687923601
2025-10-08 18:00:00,45.78915836897275,4.028099999999999,136.52,off_peak,90.8,41.76105836897275
2025-10-08 19:00:00,45.55661198393285,0.0,140.83,off_peak,90.8,45.55661198393285
2025-10-08 20:00:00,44.55588737364449,0.0,80.42,off_peak,90.8,44.55588737364449
2025-10-08 21:00:00,43.27920771977545,0.0,80.42,off_peak,90.8,43.27920771977545
2025-10-08 22:00:00,42.13120373229515,0.0,80.42,off_peak,90.8,42.13120373229515
2025-10-08 23:00:00,40.71344593816857,0.0,80.42,off_peak,90.8,40.71344593816857
2025-10-09 00:00:00,38.44456837479596,0.0,69.13,off_peak,90.8,38.44456837479596
2025-10-09 01:00:00,36.891933677346245,0.0,69.13,off_peak,90.8,36.891933677346245
2025-10-09 02:00:00,36.000505868026636,0.0,68.08,off_peak,90.8,36.000505868026636
2025-10-09 03:00:00,35.401311349240494,0.0,67.04,off_peak,90.8,35.401311349240494
2025-10-09 04:00:00,35.3943349576893,0.0,68.08,off_peak,90.8,35.3943349576893
2025-10-09 05:00:00,35.93151710713146,0.0,69.13,off_peak,90.8,35.93151710713146
2025-10-09 06:00:00,36.89425914119664,0.0,69.13,off_peak,90.8,36.89425914119664
2025-10-09 07:00:00,37.706621179602685,0.1389,69.13,off_peak,90.8,37.567721179602685
2025-10-09 08:00:00,37.6771653041643,1.8056999999999999,65.59,off_peak,90.8,35.871465304164296
2025-10-09 09:00:00,37.32602026275406,4.028099999999999,65.59,off_peak,90.8,33.297920262754054
2025-10-09 10:00:00,37.49422881459958,8.4729,71.74,off_peak,90.8,29.02132881459958
2025-10-09 11:00:00,37.92831540000739,12.084299999999999,62.94,off_peak,90.8,25.844015400007393
2025-10-09 12:00:00,37.917463235372196,16.8069,6.64,off_peak,90.8,21.110563235372197
2025-10-09 13:00:00,39.542962466801086,16.668,136.73,off_peak,90.8,22.874962466801087
2025-10-09 14:00:00,40.84599737764131,13.1955,71.75,off_peak,90.8,27.65049737764131
2025-10-09 15:00:00,42.644356088616526,6.8061,134.61,off_peak,90.8,35.838256088616525
2025-10-09 16:00:00,44.602396650652466,2.6391,92.86,off_peak,90.8,41.96329665065247
2025-10-09 17:00:00,46.06201279408623,2.0835,93.0,off_peak,90.8,43.97851279408623
2025-10-09 18:00:00,47.42395945580323,0.9723,92.92,off_peak,90.8,46.45165945580323
2025-10-09 19:00:00,46.94103812953704,0.1389,93.02,off_peak,90.8,46.80213812953704
2025-10-09 20:00:00,46.00077557935906,0.0,93.03,off_peak,90.8,46.00077557935906
2025-10-09 21:00:00,44.61634943375486,0.0,92.87,off_peak,90.8,44.61634943375486
2025-10-09 22:00:00,43.33579400680182,0.0,92.6,off_peak,90.8,43.33579400680182
2025-10-09 23:00:00,41.80873941170649,0.0,78.54,off_peak,90.8,41.80873941170649
2025-10-10 00:00:00,39.62280339233145,0.0,102.41,off_peak,90.8,39.62280339233145
2025-10-10 01:00:00,38.10117487955372,0.0,69.96,off_peak,90.8,38.10117487955372
2025-10-10 02:00:00,37.229125935654096,0.0,68.45,off_peak,90.8,37.229125935654096
2025-10-10 03:00:00,36.70047048699673,0.0,68.45,off_peak,90.8,36.70047048699673
2025-10-10 04:00:00,36.85162563727266,0.0,68.26,off_peak,90.8,36.85162563727266
2025-10-10 05:00:00,37.82987076367383,0.0,68.45,off_peak,90.8,37.82987076367383
2025-10-10 06:00:00,39.71969771943141,0.0,90.07,off_peak,90.8,39.71969771943141
2025-10-10 07:00:00,42.100972702239964,0.1389,90.49,off_peak,90.8,41.962072702239965
2025-10-10 08:00:00,44.403181914134954,0.1389,108.8,mid_peak,95.6,44.264281914134955
2025-10-10 09:00:00,45.217869416391395,0.5556,115.25,mid_peak,95.6,44.662269416391396
2025-10-10 10:00:00,44.66130840152924,1.2501,118.12,mid_peak,95.6,43.41120840152924
2025-10-10 11:00:00,43.114874941013916,3.6113999999999997,115.25,on_peak,114.8,39.50347494101392
2025-10-10 12:00:00,42.431963723613414,3.7502999999999997,114.71,mid_peak,95.6,38.68166372361341
2025-10-10 13:00:00,44.474496138880525,3.1947,117.61,on_peak,114.8,41.27979613888053
2025-10-10 14:00:00,46.16743382197098,2.778,115.25,on_peak,114.8,43.38943382197098
2025-10-10 15:00:00,47.94176273982541,2.0835,116.8,on_peak,114.8,45.858262739825406
2025-10-10 16:00:00,49.68120969992384,1.5279,115.25,on_peak,114.8,48.15330969992384
2025-10-10 17:00:00,50.59589214774744,0.41669999999999996,117.61,on_peak,114.8,50.17919214774744
2025-10-10 18:00:00,51.340040579875115,0.2778,129.2,mid_peak,95.6,51.062240579875116
2025-10-10 19:00:00,50.52147730453468,0.0,129.2,mid_peak,95.6,50.52147730453468
2025-10-10 20:00:00,49.00992580177534,0.0,129.2,mid_peak,95.6,49.00992580177534
2025-10-10 21:00:00,47.37047378724405,0.0,128.82,mid_peak,95.6,47.37047378724405
2025-10-10 22:00:00,46.3426187653677,0.0,113.1,off_peak,90.8,46.3426187653677
2025-10-10 23:00:00,44.87447592114915,0.0,112.63,off_peak,90.8,44.87447592114915
2025-10-11 00:00:00,42.44126557901502,0.0,94.91,off_peak,90.8,42.44126557901502
2025-10-11 01:00:00,40.84754768687491,0.0,71.93,off_peak,90.8,40.84754768687491
2025-10-11 02:00:00,39.81039080959697,0.0,71.35,off_peak,90.8,39.81039080959697
2025-10-11 03:00:00,39.18871680692364,0.0,70.43,off_peak,90.8,39.18871680692364
2025-10-11 04:00:00,39.081745469805284,0.0,71.35,off_peak,90.8,39.081745469805284
2025-10-11 05:00:00,39.64605803083544,0.0,92.17,off_peak,90.8,39.64605803083544
2025-10-11 06:00:00,40.563841097126236,0.0,92.39,off_peak,90.8,40.563841097126236
2025-10-11 07:00:00,40.954519023993264,0.1389,92.23,off_peak,90.8,40.815619023993264
2025-10-11 08:00:00,40.67236274347819,0.2778,69.28,mid_peak,95.6,40.39456274347819
2025-10-11 09:00:00,40.16308616024081,0.8333999999999999,92.83,mid_peak,95.6,39.32968616024081
2025-10-11 10:00:00,39.69024184399302,3.1947,93.09,mid_peak,95.6,36.495541843993024
2025-10-11 11:00:00,39.0344610381805,4.028099999999999,93.09,mid_peak,95.6,35.0063610381805
2025-10-11 12:00:00,38.48642672410315,6.2505,0.0,mid_peak,95.6,32.235926724103145
2025-10-11 13:00:00,39.52203329214749,11.8065,92.04,mid_peak,95.6,27.71553329214749
2025-10-11 14:00:00,40.88475510848129,18.8904,93.08,mid_peak,95.6,21.994355108481294
2025-10-11 15:00:00,43.183088547292286,8.8896,93.09,mid_peak,95.6,34.293488547292284
2025-10-11 16:00:00,46.26665361292134,4.583699999999999,93.09,mid_peak,95.6,41.68295361292134
2025-10-11 17:00:00,48.23942211267647,0.8333999999999999,117.73,mid_peak,95.6,47.406022112676474
2025-10-11 18:00:00,49.630824649831865,0.1389,117.66,mid_peak,95.6,49.491924649831866
2025-10-11 19:00:00,49.191311982106456,0.0,117.58,mid_peak,95.6,49.191311982106456
2025-10-11 20:00:00,48.22469417495728,0.0,93.43,mid_peak,95.6,48.22469417495728
2025-10-11 21:00:00,46.73329669223473,0.0,93.1,mid_peak,95.6,46.73329669223473
2025-10-11 22:00:00,45.8953545514743,0.0,93.03,off_peak,90.8,45.8953545514743
2025-10-11 23:00:00,44.35744779174377,0.0,92.23,off_peak,90.8,44.35744779174377
2025-10-12 00:00:00,41.7862599278193,0.0,72.99,off_peak,90.8,41.7862599278193
2025-10-12 01:00:00,40.11270111014883,0.0,70.99,off_peak,90.8,40.11270111014883
2025-10-12 02:00:00,39.042212584348505,0.0,69.8,off_peak,90.8,39.042212584348505
2025-10-12 03:00:00,38.423639200142375,0.0,68.61,off_peak,90.8,38.423639200142375
2025-10-12 04:00:00,38.243028174428055,0.0,68.61,off_peak,90.8,38.243028174428055
2025-10-12 05:00:00,38.66471228596707,0.0,68.61,off_peak,90.8,38.66471228596707
2025-10-12 06:00:00,39.39568308960915,0.0,70.34,off_peak,90.8,39.39568308960915
2025-10-12 07:00:00,40.12045265631683,0.0,68.61,off_peak,90.8,40.12045265631683
2025-10-12 08:00:00,40.56306594250944,0.8333999999999999,68.0,off_peak,90.8,39.72966594250944
2025-10-12 09:00:00,41.018856857187636,3.1947,67.69,off_peak,90.8,37.82415685718764
2025-10-12 10:00:00,41.54518684199461,11.9454,67.69,off_peak,90.8,29.599786841994607
2025-10-12 11:00:00,41.523482512724215,16.8069,67.69,off_peak,90.8,24.716582512724216
2025-10-12 12:00:00,42.571491554637355,12.084299999999999,67.69,off_peak,90.8,30.487191554637356
2025-10-12 13:00:00,43.8311178069368,9.0285,67.69,off_peak,90.8,34.8026178069368
2025-10-12 14:00:00,44.259778310027016,8.334,68.0,off_peak,90.8,35.92577831002701
2025-10-12 15:00:00,44.92718643509153,8.334,68.61,off_peak,90.8,36.593186435091525
2025-10-12 16:00:00,45.80698692515914,8.8896,92.95,off_peak,90.8,36.917386925159136
2025-10-12 17:00:00,47.19296337999693,3.7502999999999997,93.03,off_peak,90.8,43.44266337999693
2025-10-12 18:00:00,48.56343674249873,0.5556,93.7,off_peak,90.8,48.00783674249873
2025-10-12 19:00:00,48.10997129167093,0.0,93.04,off_peak,90.8,48.10997129167093
2025-10-12 20:00:00,47.17358451457694,0.0,93.04,off_peak,90.8,47.17358451457694
2025-10-12 21:00:00,45.85582166601752,0.0,93.04,off_peak,90.8,45.85582166601752
2025-10-12 22:00:00,44.5179047974213,0.0,93.9,off_peak,90.8,44.5179047974213
2025-10-12 23:00:00,43.009453913129164,0.0,91.51,off_peak,90.8,43.009453913129164
2025-10-13 00:00:00,40.833594903772514,0.0,68.71,off_peak,90.8,40.833594903772514
2025-10-13 01:00:00,39.37707937880595,0.0,68.11,off_peak,90.8,39.37707937880595
2025-10-13 02:00:00,38.69571847063905,0.0,68.11,off_peak,90.8,38.69571847063905
2025-10-13 03:00:00,38.27946044141763,0.0,68.11,off_peak,90.8,38.27946044141763
2025-10-13 04:00:00,38.618203008959085,0.0,68.11,off_peak,90.8,38.618203008959085
2025-10-13 05:00:00,40.173938324876005,0.0,68.11,off_peak,90.8,40.173938324876005
2025-10-13 06:00:00,43.01798061391396,0.0,71.97,off_peak,90.8,43.01798061391396
2025-10-13 07:00:00,47.45574079509202,0.1389,119.69,off_peak,90.8,47.31684079509202
2025-10-13 08:00:00,52.04620643577961,0.6945,126.69,mid_peak,95.6,51.35170643577961
2025-10-13 09:00:00,54.30113121604982,2.778,141.57,mid_peak,95.6,51.52313121604982
2025-10-13 10:00:00,55.209612426939024,3.0558,129.66,mid_peak,95.6,52.15381242693903
2025-10-13 11:00:00,54.52515090030492,4.167,147.44,on_peak,114.8,50.35815090030492
2025-10-13 12:00:00,53.09266516845915,5.0004,126.46,mid_peak,95.6,48.09226516845915
2025-10-13 13:00:00,55.475490460501305,3.4724999999999997,126.46,on_peak,114.8,52.00299046050131
2025-10-13 14:00:00,56.24289353113297,2.6391,126.46,on_peak,114.8,53.60379353113297
2025-10-13 15:00:00,56.4103269283617,1.389,152.69,on_peak,114.8,55.021326928361695
2025-10-13 16:00:00,56.72271423893196,1.1112,124.74,on_peak,114.8,55.61151423893196
2025-10-13 17:00:00,56.027400547662666,0.6945,126.46,on_peak,114.8,55.33290054766267
2025-10-13 18:00:00,56.03360178459706,0.2778,129.35,mid_peak,95.6,55.75580178459706
2025-10-13 19:00:00,54.84451460242638,0.0,129.16,mid_peak,95.6,54.84451460242638
2025-10-13 20:00:00,52.99809630520959,0.0,129.02,mid_peak,95.6,52.99809630520959
2025-10-13 21:00:00,50.97261729151208,0.0,128.99,mid_peak,95.6,50.97261729151208
2025-10-13 22:00:00,49.67810908145665,0.0,118.61,off_peak,90.8,49.67810908145665
2025-10-13 23:00:00,47.97431923373099,0.0,91.97,off_peak,90.8,47.97431923373099
2025-10-14 00:00:00,45.13957880009463,0.0,96.1,off_peak,90.8,45.13957880009463
2025-10-14 01:00:00,43.55748822720653,0.0,73.96,off_peak,90.8,43.55748822720653
2025-10-14 02:00:00,42.618775986262136,0.0,73.96,off_peak,90.8,42.618775986262136
2025-10-14 03:00:00,42.17848816391993,0.0,73.96,off_peak,90.8,42.17848816391993
2025-10-14 04:00:00,42.314140221859866,0.0,73.96,off_peak,90.8,42.314140221859866
2025-10-14 05:00:00,43.36835050070741,0.0,90.0,off_peak,90.8,43.36835050070741
2025-10-14 06:00:00,45.76512857585196,0.0,102.96,off_peak,90.8,45.76512857585196
2025-10-14 07:00:00,49.56493650740389,0.0,112.09,off_peak,90.8,49.56493650740389
2025-10-14 08:00:00,53.03142795373198,1.8056999999999999,122.26,mid_peak,95.6,51.225727953731976
2025-10-14 09:00:00,54.27400080446183,7.0839,161.07,mid_peak,95.6,47.19010080446183
2025-10-14 10:00:00,53.83758875520362,14.0289,137.52,mid_peak,95.6,39.80868875520362
2025-10-14 11:00:00,52.40510302335785,18.8904,122.4,on_peak,114.8,33.51470302335785
2025-10-14 12:00:00,50.4509382344059,25.9743,121.81,mid_peak,95.6,24.476638234405904
2025-10-14 13:00:00,52.486494258121816,25.9743,121.91,on_peak,114.8,26.512194258121816
2025-10-14 14:00:00,53.32908732658304,20.4183,137.48,on_peak,114.8,32.91078732658305
2025-10-14 15:00:00,54.06935998562672,14.445599999999999,172.99,on_peak,114.8,39.62375998562672
2025-10-14 16:00:00,55.41657870962453,9.722999999999999,133.26,on_peak,114.8,45.69357870962453
2025-10-14 17:00:00,55.63672262079564,6.1116,133.29,on_peak,114.8,49.525122620795635
2025-10-14 18:00:00,56.32273445666333,1.1112,122.32,mid_peak,95.6,55.21153445666334
2025-10-14 19:00:00,55.148375212211846,0.0,122.32,mid_peak,95.6,55.148375212211846
2025-10-14 20:00:00,53.30195691499506,0.0,122.33,mid_peak,95.6,53.30195691499506
2025-10-14 21:00:00,51.3803486199487,0.0,112.09,mid_peak,95.6,51.3803486199487
2025-10-14 22:00:00,50.135450305368444,0.0,109.87,off_peak,90.8,50.135450305368444
2025-10-14 23:00:00,48.29523324508605,0.0,117.06,off_peak,90.8,48.29523324508605
2025-10-15 00:00:00,45.43181209062811,0.0,106.06,off_peak,90.8,45.43181209062811
2025-10-15 01:00:00,43.8404196623384,0.0,90.69,off_peak,90.8,43.8404196623384
2025-10-15 02:00:00,42.83426896973244,0.0,90.57,off_peak,90.8,42.83426896973244
2025-10-15 03:00:00,42.36219980810145,0.0,83.73,off_peak,90.8,42.36219980810145
2025-10-15 04:00:00,42.56218969923576,0.0,83.73,off_peak,90.8,42.56218969923576
2025-10-15 05:00:00,43.670660801259274,0.0,90.89,off_peak,90.8,43.670660801259274
2025-10-15 06:00:00,45.88295207760551,0.0,109.96,off_peak,90.8,45.88295207760551
2025-10-15 07:00:00,48.57893983483473,0.0,109.26,off_peak,90.8,48.57893983483473
2025-10-15 08:00:00,50.388925865061935,3.3335999999999997,117.24,mid_peak,95.6,47.05532586506194
2025-10-15 09:00:00,50.30986009414837,13.334399999999999,119.12,mid_peak,95.6,36.975460094148374
2025-10-15 10:00:00,50.469541945209095,24.3075,137.4,mid_peak,95.6,26.162041945209094
2025-10-15 11:00:00,49.98274484585891,31.5303,123.16,on_peak,114.8,18.45244484585891
2025-10-15 12:00:00,49.646327742167855,33.8916,119.04,mid_peak,95.6,15.754727742167859
2025-10-15 13:00:00,52.93065785354802,36.9474,145.47,on_peak,114.8,15.983257853548018
2025-10-15 14:00:00,55.00884738118791,27.918899999999994,123.15,on_peak,114.8,27.08994738118792
2025-10-15 15:00:00,56.28010095273935,14.1678,123.15,on_peak,114.8,42.11230095273935
2025-10-15 16:00:00,56.75061980513674,6.2505,136.82,on_peak,114.8,50.50011980513674
2025-10-15 17:00:00,56.342888476700125,3.1947,118.35,on_peak,114.8,53.14818847670013
2025-10-15 18:00:00,56.629695684916,0.5556,129.75,mid_peak,95.6,56.074095684916
2025-10-15 19:00:00,55.410377472690136,0.0,129.35,mid_peak,95.6,55.410377472690136
2025-10-15 20:00:00,53.64147463715331,0.0,129.7,mid_peak,95.6,53.64147463715331
2025-10-15 21:00:00,51.70746386823816,0.0,115.71,mid_peak,95.6,51.70746386823816
2025-10-15 22:00:00,50.49899782064748,0.0,109.26,off_peak,90.8,50.49899782064748
2025-10-15 23:00:00,48.68203539886908,0.0,91.37,off_peak,90.8,48.68203539886908
2025-10-16 00:00:00,45.80853723439274,0.0,102.41,off_peak,90.8,45.80853723439274
2025-10-16 01:00:00,44.27915717544701,0.0,92.85,off_peak,90.8,44.27915717544701
2025-10-16 02:00:00,43.23657421585146,0.0,92.85,off_peak,90.8,43.23657421585146
2025-10-16 03:00:00,42.67226165482131,0.0,92.95,off_peak,90.8,42.67226165482131
2025-10-16 04:00:00,42.58699464697335,0.0,92.85,off_peak,90.8,42.58699464697335
2025-10-16 05:00:00,43.65980863662408,0.0,92.85,off_peak,90.8,43.65980863662408
2025-10-16 06:00:00,45.996124651658256,0.0,102.8,off_peak,90.8,45.996124651658256
2025-10-16 07:00:00,49.28122991765522,0.1389,113.62,off_peak,90.8,49.14232991765522
2025-10-16 08:00:00,52.226042306877126,2.3613,116.72,mid_peak,95.6,49.864742306877126
2025-10-16 09:00:00,53.005072696760784,13.6122,145.01,mid_peak,95.6,39.39287269676078
2025-10-16 10:00:00,52.87794733960564,19.0293,144.99,mid_peak,95.6,33.84864733960564
2025-10-16 11:00:00,51.729943352125346,31.1136,118.61,on_peak,114.8,20.616343352125345
2025-10-16 12:00:00,50.41915689511712,35.41949999999999,117.02,mid_peak,95.6,14.999656895117127
2025-10-16 13:00:00,52.94538579126721,24.5853,127.01,on_peak,114.8,28.360085791267213
2025-10-16 14:00:00,53.70658762496448,19.8627,127.01,on_peak,114.8,33.84388762496448
2025-10-16 15:00:00,54.219739981285855,20.1405,162.12,on_peak,114.8,34.07923998128585
2025-10-16 16:00:00,55.570834478367665,15.417900000000001,128.12,on_peak,114.8,40.15293447836766
2025-10-16 17:00:00,55.976240342953886,9.3063,128.2,on_peak,114.8,46.669940342953886
2025-10-16 18:00:00,56.53745228551684,1.389,128.26,mid_peak,95.6,55.14845228551684
2025-10-16 19:00:00,55.284802424768586,0.0,118.7,mid_peak,95.6,55.284802424768586
2025-10-16 20:00:00,53.26319918415508,0.0,117.09,mid_peak,95.6,53.26319918415508
2025-10-16 21:00:00,51.212140068103174,0.0,113.62,mid_peak,95.6,51.212140068103174
2025-10-16 22:00:00,49.96801690813972,0.0,113.62,off_peak,90.8,49.96801690813972
2025-10-16 23:00:00,48.21229170108849,0.0,117.06,off_peak,90.8,48.21229170108849
2025-10-17 00:00:00,45.24034890027859,0.0,107.15,off_peak,90.8,45.24034890027859
2025-10-17 01:00:00,43.59004472111211,0.0,84.56,off_peak,90.8,43.59004472111211
2025-10-17 02:00:00,42.59087042005735,0.0,73.05,off_peak,90.8,42.59087042005735
2025-10-17 03:00:00,42.027333013644,0.0,73.05,off_peak,90.8,42.027333013644
2025-10-17 04:00:00,42.019581467476,0.0,73.05,off_peak,90.8,42.019581467476
2025-10-17 05:00:00,43.097821539444325,0.0,90.02,off_peak,90.8,43.097821539444325
2025-10-17 06:00:00,45.37677611283533,0.0,102.33,off_peak,90.8,45.37677611283533
2025-10-17 07:00:00,47.82703985653905,0.1389,114.32,off_peak,90.8,47.68813985653905
2025-10-17 08:00:00,48.944037659347366,5.0004,117.24,mid_peak,95.6,43.94363765934737
2025-10-17 09:00:00,48.55956096941473,12.9177,117.14,mid_peak,95.6,35.641860969414736
2025-10-17 10:00:00,48.27662953428286,15.695699999999997,125.72,mid_peak,95.6,32.580929534282866
2025-10-17 11:00:00,47.31543780945128,30.6969,120.47,on_peak,114.8,16.618537809451283
2025-10-17 12:00:00,46.156581657335785,31.946999999999996,114.74,mid_peak,95.6,14.20958165733579
2025-10-17 13:00:00,50.21064030319801,35.6973,120.46,on_peak,114.8,14.513340303198014
2025-10-17 14:00:00,52.33378879861228,25.5576,120.46,on_peak,114.8,26.77618879861228
2025-10-17 15:00:00,54.40267647085057,19.3071,135.88,on_peak,114.8,35.095576470850574
2025-10-17 16:00:00,55.516573655191685,6.1116,135.88,on_peak,114.8,49.40497365519168
2025-10-17 17:00:00,54.94528470261034,3.3335999999999997,122.58,on_peak,114.8,51.61168470261034
2025-10-17 18:00:00,54.974740578048724,0.41669999999999996,128.42,mid_peak,95.6,54.558040578048725
2025-10-17 19:00:00,53.80348195206444,0.0,128.41,mid_peak,95.6,53.80348195206444
2025-10-17 20:00:00,52.17953302986915,0.0,129.61,mid_peak,95.6,52.17953302986915
2025-10-17 21:00:00,50.274978136392384,0.0,129.61,mid_peak,95.6,50.274978136392384
2025-10-17 22:00:00,49.221543012161646,0.0,128.11,off_peak,90.8,49.221543012161646
2025-10-17 23:00:00,47.70766604555191,0.0,127.95,off_peak,90.8,47.70766604555191
2025-10-18 00:00:00,44.91168334275553,0.0,92.31,off_peak,90.8,44.91168334275553
2025-10-18 01:00:00,43.25052699895386,0.0,87.08,off_peak,90.8,43.25052699895386
2025-10-18 02:00:00,42.102523011473565,0.0,72.22,off_peak,90.8,42.102523011473565
2025-10-18 03:00:00,41.45294344259545,0.0,72.2,off_peak,90.8,41.45294344259545
2025-10-18 04:00:00,41.209544892920356,0.0,72.25,off_peak,90.8,41.209544892920356
2025-10-18 05:00:00,41.634329622926565,0.0,72.28,off_peak,90.8,41.634329622926565
2025-10-18 06:00:00,42.50560341220938,0.0,72.28,off_peak,90.8,42.50560341220938
2025-10-18 07:00:00,43.6218260604009,0.0,85.05,off_peak,90.8,43.6218260604009
2025-10-18 08:00:00,44.88610324040114,0.8333999999999999,91.55,mid_peak,95.6,44.052703240401144
2025-10-18 09:00:00,45.95969238466867,3.8892,130.55,mid_peak,95.6,42.07049238466867
2025-10-18 10:00:00,46.46044226712125,6.3894,130.41,mid_peak,95.6,40.07104226712125
2025-10-18 11:00:00,45.974420322387864,4.7226,122.71,mid_peak,95.6,41.251820322387864
2025-10-18 12:00:00,44.829516953374764,8.7507,93.43,mid_peak,95.6,36.07881695337476
2025-10-18 13:00:00,45.34654508278014,8.8896,92.19,mid_peak,95.6,36.45694508278014
2025-10-18 14:00:00,45.360497865882536,9.0285,93.43,mid_peak,95.6,36.331997865882535
2025-10-18 15:00:00,45.476771058402484,10.8342,158.79,mid_peak,95.6,34.64257105840248
2025-10-18 16:00:00,46.003101043209455,8.7507,93.43,mid_peak,95.6,37.25240104320945
2025-10-18 17:00:00,46.688337724460354,4.028099999999999,130.77,mid_peak,95.6,42.66023772446035
2025-10-18 18:00:00,47.705340581701506,0.6945,130.95,mid_peak,95.6,47.01084058170151
2025-10-18 19:00:00,47.18366152459534,0.0,93.43,mid_peak,95.6,47.18366152459534
2025-10-18 20:00:00,46.30386103452772,0.0,92.23,mid_peak,95.6,46.30386103452772
2025-10-18 21:00:00,45.131052099309834,0.0,92.19,mid_peak,95.6,45.131052099309834
2025-10-18 22:00:00,44.510928405870104,0.0,92.13,off_peak,90.8,44.510928405870104
2025-10-18 23:00:00,43.369125655324204,0.0,91.4,off_peak,90.8,43.369125655324204
2025-10-19 00:00:00,40.77080737981174,0.0,72.61,off_peak,90.8,40.77080737981174
2025-10-19 01:00:00,39.185616188456436,0.0,71.28,off_peak,90.8,39.185616188456436
2025-10-19 02:00:00,38.16396240351449,0.0,68.97,off_peak,90.8,38.16396240351449
2025-10-19 03:00:00,37.58802252323234,0.0,68.2,off_peak,90.8,37.58802252323234
2025-10-19 04:00:00,37.59112314169954,0.0,68.2,off_peak,90.8,37.59112314169954
2025-10-19 05:00:00,38.20349528897127,0.0,68.97,off_peak,90.8,38.20349528897127
2025-10-19 06:00:00,38.92051330951096,0.0,69.74,off_peak,90.8,38.92051330951096
2025-10-19 07:00:00,39.03136041971331,0.0,69.17,off_peak,90.8,39.03136041971331
2025-10-19 08:00:00,38.370928686199996,4.167,66.97,off_peak,90.8,34.203928686199994
2025-10-19 09:00:00,37.97172405854817,13.1955,91.98,off_peak,90.8,24.77622405854817
2025-10-19 10:00:00,37.75855653892826,25.5576,91.98,off_peak,90.8,12.20095653892826
2025-10-19 11:00:00,37.260132120326084,20.557199999999998,91.98,off_peak,90.8,16.702932120326086
2025-10-19 12:00:00,37.2213743894861,21.807299999999998,91.98,off_peak,90.8,15.414074389486103
2025-10-19 13:00:00,37.78801241436665,14.7234,91.98,off_peak,90.8,23.06461241436665
2025-10-19 14:00:00,38.94144248416455,19.445999999999998,91.98,off_peak,90.8,19.49544248416455
2025-10-19 15:00:00,40.637480785722204,19.7238,91.66,off_peak,90.8,20.913680785722203
2025-10-19 16:00:00,42.756753508052476,12.2232,91.8,off_peak,90.8,30.533553508052478
2025-10-19 17:00:00,44.80626231487078,5.8338,92.5,off_peak,90.8,38.97246231487078
2025-10-19 18:00:00,46.63485205590118,1.5279,92.5,off_peak,90.8,45.106952055901175
2025-10-19 19:00:00,46.379826186974086,0.0,92.5,off_peak,90.8,46.379826186974086
2025-10-19 20:00:00,45.586067859371234,0.0,92.5,off_peak,90.8,45.586067859371234
2025-10-19 21:00:00,44.244275217691026,0.0,91.98,off_peak,90.8,44.244275217691026
2025-10-19 22:00:00,43.218745659665075,0.0,91.55,off_peak,90.8,43.218745659665075
2025-10-19 23:00:00,41.83819528714488,0.0,77.83,off_peak,90.8,41.83819528714488
2025-10-20 00:00:00,39.660785968554634,0.0,71.89,off_peak,90.8,39.660785968554634
2025-10-20 01:00:00,38.17636487738328,0.0,68.27,off_peak,90.8,38.17636487738328
2025-10-20 02:00:00,37.4360922183396,0.0,67.23,off_peak,90.8,37.4360922183396
2025-10-20 03:00:00,37.2229246987197,0.0,67.23,off_peak,90.8,37.2229246987197
2025-10-20 04:00:00,37.621354171754724,0.0,67.23,off_peak,90.8,37.621354171754724
2025-10-20 05:00:00,39.23367577469802,0.0,68.27,off_peak,90.8,39.23367577469802
2025-10-20 06:00:00,42.22112166784391,0.0,74.73,off_peak,90.8,42.22112166784391
2025-10-20 07:00:00,45.451190956048094,0.0,97.26,off_peak,90.8,45.451190956048094
2025-10-20 08:00:00,46.95033998493864,2.778,143.35,mid_peak,95.6,44.17233998493864
2025-10-20 09:00:00,46.581366387342,8.8896,125.78,mid_peak,95.6,37.691766387342
2025-10-20 10:00:00,45.53258219081206,20.1405,125.53,mid_peak,95.6,25.392082190812058
2025-10-20 11:00:00,43.518730496366544,20.1405,118.87,on_peak,114.8,23.378230496366545
2025-10-20 12:00:00,41.359924888579485,25.1409,110.74,mid_peak,95.6,16.219024888579487
2025-10-20 13:00:00,44.293885113166205,26.2521,118.88,on_peak,114.8,18.041785113166206
2025-10-20 14:00:00,46.28370701449093,28.752299999999995,118.87,on_peak,114.8,17.531407014490934
2025-10-20 15:00:00,48.622348493375505,27.779999999999998,118.88,on_peak,114.8,20.842348493375507
2025-10-20 16:00:00,51.556308717962224,17.2236,118.82,on_peak,114.8,34.33270871796222
2025-10-20 17:00:00,53.05003166453517,5.556,118.87,on_peak,114.8,47.49403166453517
2025-10-20 18:00:00,53.86781978525881,1.2501,129.51,mid_peak,95.6,52.61771978525881
2025-10-20 19:00:00,52.68028291232173,0.0,129.37,mid_peak,95.6,52.68028291232173
2025-10-20 20:00:00,51.17105687341279,0.0,118.81,mid_peak,95.6,51.17105687341279
2025-10-20 21:00:00,49.433160222547954,0.0,118.24,mid_peak,95.6,49.433160222547954
2025-10-20 22:00:00,48.36964808829882,0.0,129.07,off_peak,90.8,48.36964808829882
2025-10-20 23:00:00,46.66198246748917,0.0,102.15,off_peak,90.8,46.66198246748917
2025-10-21 00:00:00,43.81096378690001,0.0,111.61,off_peak,90.8,43.81096378690001
2025-10-21 01:00:00,42.22964836862871,0.0,83.72,off_peak,90.8,42.22964836862871
2025-10-21 02:00:00,41.38162921784988,0.0,82.47,off_peak,90.8,41.38162921784988
2025-10-21 03:00:00,40.977773662497256,0.0,82.61,off_peak,90.8,40.977773662497256
2025-10-21 04:00:00,41.18473994518276,0.0,84.44,off_peak,90.8,41.18473994518276
2025-10-21 05:00:00,42.477697846004595,0.0,90.41,off_peak,90.8,42.477697846004595
2025-10-21 06:00:00,44.93338767202592,0.0,97.31,off_peak,90.8,44.93338767202592
2025-10-21 07:00:00,47.99602356300138,0.0,97.66,off_peak,90.8,47.99602356300138
2025-10-21 08:00:00,50.62689833241943,3.1947,126.57,mid_peak,95.6,47.43219833241943
2025-10-21 09:00:00,50.930758942204896,12.7788,112.73,mid_peak,95.6,38.1519589422049
2025-10-21 10:00:00,50.0091001028301,15.417900000000001,112.61,mid_peak,95.6,34.59120010283009
2025-10-21 11:00:00,48.554134887097135,19.5849,112.37,on_peak,114.8,28.969234887097134
2025-10-21 12:00:00,47.277455233228096,27.641099999999998,112.28,mid_peak,95.6,19.636355233228098
2025-10-21 13:00:00,49.38122486322237,24.8631,112.24,on_peak,114.8,24.518124863222372
2025-10-21 14:00:00,50.31218555799877,19.8627,112.24,on_peak,114.8,30.449485557998766
2025-10-21 15:00:00,51.57258696491501,16.3902,112.24,on_peak,114.8,35.18238696491501
2025-10-21 16:00:00,52.96321434745361,10.5564,130.12,on_peak,114.8,42.406814347453604
2025-10-21 17:00:00,53.556982783922145,7.3617,118.32,on_peak,114.8,46.195282783922146
2025-10-21 18:00:00,54.59491481581689,1.8056999999999999,126.4,mid_peak,95.6,52.78921481581689
2025-10-21 19:00:00,53.45853814758859,0.0,126.77,mid_peak,95.6,53.45853814758859
2025-10-21 20:00:00,51.844666235411694,0.0,118.32,mid_peak,95.6,51.844666235411694
2025-10-21 21:00:00,50.13777576921884,0.0,98.51,mid_peak,95.6,50.13777576921884
2025-10-21 22:00:00,49.29595785537441,0.0,98.48,off_peak,90.8,49.29595785537441
2025-10-21 23:00:00,47.69836419015031,0.0,98.58,off_peak,90.8,47.69836419015031
2025-10-22 00:00:00,44.818664788739575,0.0,106.66,off_peak,90.8,44.818664788739575
2025-10-22 01:00:00,43.22262143274907,0.0,89.72,off_peak,90.8,43.22262143274907
2025-10-22 02:00:00,42.295536511056675,0.0,89.76,off_peak,90.8,42.295536511056675
2025-10-22 03:00:00,41.90485858418965,0.0,89.78,off_peak,90.8,41.90485858418965
2025-10-22 04:00:00,42.140505587696744,0.0,89.67,off_peak,90.8,42.140505587696744
2025-10-22 05:00:00,43.36835050070741,0.0,115.09,off_peak,90.8,43.36835050070741
2025-10-22 06:00:00,45.65660692950001,0.0,97.3,off_peak,90.8,45.65660692950001
2025-10-22 07:00:00,48.08826696240054,0.0,134.09,off_peak,90.8,48.08826696240054
2025-10-22 08:00:00,49.00294941022414,3.7502999999999997,120.56,mid_peak,95.6,45.25264941022414
2025-10-22 09:00:00,48.059586241578955,13.334399999999999,120.55,mid_peak,95.6,34.72518624157895
2025-10-22 10:00:00,46.896079161762664,23.1963,120.55,mid_peak,95.6,23.699779161762663
2025-10-22 11:00:00,45.26670415724978,30.002399999999998,118.53,on_peak,114.8,15.264304157249779
2025-10-22 12:00:00,43.905532650149574,33.8916,118.53,mid_peak,95.6,10.013932650149577
2025-10-22 13:00:00,46.837942565502686,28.752299999999995,118.53,on_peak,114.8,18.085642565502692
2025-10-22 14:00:00,48.35724561443002,16.2513,118.53,on_peak,114.8,32.10594561443002
2025-10-22 15:00:00,50.21141545781481,15.279000000000002,118.53,on_peak,114.8,34.932415457814805
2025-10-22 16:00:00,52.42680735262824,11.528699999999999,118.53,on_peak,114.8,40.89810735262824
2025-10-22 17:00:00,53.2073880517455,3.6113999999999997,118.53,on_peak,114.8,49.59598805174549
2025-10-22 18:00:00,53.97711658622756,0.8333999999999999,118.52,mid_peak,95.6,53.14371658622756
2025-10-22 19:00:00,53.081037849207156,0.0,118.51,mid_peak,95.6,53.081037849207156
2025-10-22 20:00:00,51.67645768356617,0.0,114.1,mid_peak,95.6,51.67645768356617
2025-10-22 21:00:00,50.05095845213728,0.0,111.44,mid_peak,95.6,50.05095845213728
2025-10-22 22:00:00,49.23006971294644,0.0,111.61,off_peak,90.8,49.23006971294644
2025-10-22 23:00:00,47.58131584301356,0.0,107.65,off_peak,90.8,47.58131584301356
2025-10-23 00:00:00,44.66983510231404,0.0,105.77,off_peak,90.8,44.66983510231404
2025-10-23 01:00:00,43.02418185084836,0.0,89.83,off_peak,90.8,43.02418185084836
2025-10-23 02:00:00,42.092446001455166,0.0,74.94,off_peak,90.8,42.092446001455166
2025-10-23 03:00:00,41.601773129020984,0.0,72.26,off_peak,90.8,41.601773129020984
2025-10-23 04:00:00,41.74130096004492,0.0,72.94,off_peak,90.8,41.74130096004492
2025-10-23 05:00:00,42.88930494752522,0.0,103.08,off_peak,90.8,42.88930494752522
2025-10-23 06:00:00,45.18763838633621,0.0,103.34,off_peak,90.8,45.18763838633621
2025-10-23 07:00:00,47.62627481078794,0.0,111.81,off_peak,90.8,47.62627481078794
2025-10-23 08:00:00,48.54948395939634,2.2224,117.51,mid_peak,95.6,46.32708395939634
2025-10-23 09:00:00,47.42008368271923,9.167399999999999,117.4,mid_peak,95.6,38.25268368271923
2025-10-23 10:00:00,46.14883011116779,8.8896,117.17,mid_peak,95.6,37.25923011116779
2025-10-23 11:00:00,44.336518617090185,24.7242,117.06,on_peak,114.8,19.612318617090185
2025-10-23 12:00:00,43.01953092314756,25.1409,113.96,mid_peak,95.6,17.878630923147565
2025-10-23 13:00:00,45.63567775484641,12.084299999999999,116.83,on_peak,114.8,33.55137775484641
2025-10-23 14:00:00,47.284431624779295,11.112,116.83,on_peak,114.8,36.17243162477929
2025-10-23 15:00:00,49.19208713672326,14.0289,116.83,on_peak,114.8,35.16318713672326
2025-10-23 16:00:00,51.96636551024924,12.639899999999999,113.96,on_peak,114.8,39.32646551024924
2025-10-23 17:00:00,53.34148980045184,10.1397,116.11,on_peak,114.8,43.20178980045184
2025-10-23 18:00:00,53.96703957620917,1.6667999999999998,125.02,mid_peak,95.6,52.300239576209165
2025-10-23 19:00:00,53.018250325246385,0.0,125.06,mid_peak,95.6,53.018250325246385
2025-10-23 20:00:00,51.406703876919885,0.0,125.04,mid_peak,95.6,51.406703876919885
2025-10-23 21:00:00,49.633925268299066,0.0,113.96,mid_peak,95.6,49.633925268299066
2025-10-23 22:00:00,48.6432776680291,0.0,113.96,off_peak,90.8,48.6432776680291
2025-10-23 23:00:00,47.257301213191305,0.0,109.66,off_peak,90.8,47.257301213191305
2025-10-24 00:00:00,44.507052632786106,0.0,109.13,off_peak,90.8,44.507052632786106
2025-10-24 01:00:00,42.99240051155957,0.0,71.52,off_peak,90.8,42.99240051155957
2025-10-24 02:00:00,42.14903228848154,0.0,70.45,off_peak,90.8,42.14903228848154
2025-10-24 03:00:00,41.67386250838335,0.0,68.92,off_peak,90.8,41.67386250838335
2025-10-24 04:00:00,41.866100853349664,0.0,69.68,off_peak,90.8,41.866100853349664
2025-10-24 05:00:00,43.06448989092194,0.0,90.0,off_peak,90.8,43.06448989092194
2025-10-24 06:00:00,45.445764873730496,0.0,102.67,off_peak,90.8,45.445764873730496
2025-10-24 07:00:00,47.88052552509823,0.0,116.58,off_peak,90.8,47.88052552509823
2025-10-24 08:00:00,48.928534567011376,4.028099999999999,119.13,mid_peak,95.6,44.900434567011374
2025-10-24 09:00:00,47.85261995889344,13.0566,119.13,mid_peak,95.6,34.79601995889344
2025-10-24 10:00:00,46.09301897875822,18.8904,119.13,mid_peak,95.6,27.202618978758217
2025-10-24 11:00:00,44.09079460356469,25.418699999999998,119.13,on_peak,114.8,18.67209460356469
2025-10-24 12:00:00,42.72497216876369,29.7246,119.13,mid_peak,95.6,13.000372168763693
2025-10-24 13:00:00,45.410107761357715,30.6969,119.13,on_peak,114.8,14.713207761357715
2025-10-24 14:00:00,47.0472343120386,29.7246,119.13,on_peak,114.8,17.3226343120386
2025-10-24 15:00:00,49.0928673457729,27.918899999999994,119.13,on_peak,114.8,21.17396734577291
2025-10-24 16:00:00,51.760949536797334,18.195899999999998,116.43,on_peak,114.8,33.56504953679733
2025-10-24 17:00:00,52.69656115927452,3.8892,117.72,on_peak,114.8,48.80736115927452
2025-10-24 18:00:00,52.991119913658395,0.8333999999999999,117.83,mid_peak,95.6,52.1577199136584
2025-10-24 19:00:00,52.067910765049994,0.0,114.51,mid_peak,95.6,52.067910765049994
2025-10-24 20:00:00,50.76100008112577,0.0,114.51,mid_peak,95.6,50.76100008112577
2025-10-24 21:00:00,49.21456662061045,0.0,112.36,mid_peak,95.6,49.21456662061045
2025-10-24 22:00:00,48.6394018949451,0.0,112.36,off_peak,90.8,48.6394018949451
2025-10-24 23:00:00,47.148004412222555,0.0,108.06,off_peak,90.8,47.148004412222555
2025-10-25 00:00:00,44.37837696639736,0.0,91.13,off_peak,90.8,44.37837696639736
2025-10-25 01:00:00,42.81178948584525,0.0,90.35,off_peak,90.8,42.81178948584525
2025-10-25 02:00:00,41.789360546286495,0.0,74.32,off_peak,90.8,41.789360546286495
2025-10-25 03:00:00,41.15993499744518,0.0,73.13,off_peak,90.8,41.15993499744518
2025-10-25 04:00:00,41.07931891729801,0.0,73.13,off_peak,90.8,41.07931891729801
2025-10-25 05:00:00,41.635879932160165,0.0,73.19,off_peak,90.8,41.635879932160165
2025-10-25 06:00:00,42.61800083164533,0.0,90.31,off_peak,90.8,42.61800083164533
2025-10-25 07:00:00,42.88000309212362,0.0,109.26,off_peak,90.8,42.88000309212362
2025-10-25 08:00:00,42.65365794401812,0.9723,90.1,mid_peak,95.6,41.681357944018124
2025-10-25 09:00:00,41.63975570524416,3.4724999999999997,116.31,mid_peak,95.6,38.167255705244166
2025-10-25 10:00:00,39.94836833138731,7.3617,118.45,mid_peak,95.6,32.58666833138731
2025-10-25 11:00:00,38.19651889742007,22.3629,118.45,mid_peak,95.6,15.83361889742007
2025-10-25 12:00:00,36.893483986579845,19.0293,118.45,mid_peak,95.6,17.864183986579846
2025-10-25 13:00:00,37.820568908272236,17.6403,118.45,mid_peak,95.6,20.180268908272236
2025-10-25 14:00:00,38.87477918711978,11.2509,116.31,mid_peak,95.6,27.623879187119776
2025-10-25 15:00:00,40.59484728179822,12.2232,116.31,mid_peak,95.6,28.371647281798225
2025-10-25 16:00:00,43.52183111483374,17.7792,109.87,mid_peak,95.6,25.74263111483374
2025-10-25 17:00:00,45.64265414639761,9.167399999999999,114.46,mid_peak,95.6,36.47525414639761
2025-10-25 18:00:00,46.92553503720105,0.6945,116.31,mid_peak,95.6,46.23103503720105
2025-10-25 19:00:00,46.61547319048118,0.0,116.31,mid_peak,95.6,46.61547319048118
2025-10-25 20:00:00,45.98294702317266,0.0,116.31,mid_peak,95.6,45.98294702317266
2025-10-25 21:00:00,44.94734045512831,0.0,116.31,mid_peak,95.6,44.94734045512831
2025-10-25 22:00:00,44.57216562059728,0.0,116.31,off_peak,90.8,44.57216562059728
2025-10-25 23:00:00,43.505552867880944,0.0,111.15,off_peak,90.8,43.505552867880944
2025-10-26 00:00:00,41.018856857187636,0.0,77.2,off_peak,90.8,41.018856857187636
2025-10-26 01:00:00,39.41428680041234,0.0,73.44,off_peak,90.8,39.41428680041234
2025-10-26 02:00:00,38.29573868837043,0.0,71.42,off_peak,90.8,38.29573868837043
2025-10-26 03:00:00,37.75468076584426,0.0,68.35,off_peak,90.8,37.75468076584426
2025-10-26 04:00:00,37.75545592046107,0.0,68.5,off_peak,90.8,37.75545592046107
2025-10-26 05:00:00,38.37170384081679,0.0,69.12,off_peak,90.8,38.37170384081679
2025-10-26 06:00:00,39.39490793499235,0.0,72.63,off_peak,90.8,39.39490793499235
2025-10-26 07:00:00,39.814266582680965,0.0,73.44,off_peak,90.8,39.814266582680965
2025-10-26 08:00:00,39.88015472510894,2.5002,71.71,off_peak,90.8,37.37995472510894
2025-10-26 09:00:00,38.94299279339815,5.9727,67.27,off_peak,90.8,32.970292793398144
2025-10-26 10:00:00,37.51360768001957,9.167399999999999,67.27,off_peak,90.8,28.346207680019567
2025-10-26 11:00:00,35.8377233984987,5.0004,67.27,off_peak,90.8,30.837323398498704
2025-10-26 12:00:00,35.43386784314608,4.583699999999999,63.12,off_peak,90.8,30.85016784314608
2025-10-26 13:00:00,37.25548119262528,6.2505,65.41,off_peak,90.8,31.004981192625284
2025-10-26 14:00:00,39.16623732303645,12.3621,65.49,off_peak,90.8,26.80413732303645
2025-10-26 15:00:00,41.06304067034522,7.917299999999999,90.78,off_peak,90.8,33.14574067034522
2025-10-26 16:00:00,42.90558319447801,5.2782,90.78,off_peak,90.8,37.627383194478014
2025-10-26 17:00:00,44.96516901131471,3.4724999999999997,93.9,off_peak,90.8,41.49266901131471
2025-10-26 18:00:00,46.52245463646523,0.6945,93.9,off_peak,90.8,45.82795463646523
2025-10-26 19:00:00,46.30076041606052,0.0,93.9,off_peak,90.8,46.30076041606052
2025-10-26 20:00:00,45.78295713203835,0.0,93.9,off_peak,90.8,45.78295713203835
2025-10-26 21:00:00,44.61867489760526,0.0,93.46,off_peak,90.8,44.61867489760526
2025-10-26 22:00:00,43.76135389142483,0.0,90.78,off_peak,90.8,43.76135389142483
2025-10-26 23:00:00,42.528858050713374,0.0,89.88,off_peak,90.8,42.528858050713374
2025-10-27 00:00:00,40.242151931154375,0.0,75.47,off_peak,90.8,40.242151931154375
2025-10-27 01:00:00,38.78951217927181,0.0,73.19,off_peak,90.8,38.78951217927181
2025-10-27 02:00:00,37.96164704852978,0.0,73.19,off_peak,90.8,37.96164704852978
2025-10-27 03:00:00,37.72444973578908,0.0,73.19,off_peak,90.8,37.72444973578908
2025-10-27 04:00:00,38.25775611214725,0.0,73.19,off_peak,90.8,38.25775611214725
2025-10-27 05:00:00,39.952244104471305,0.0,73.19,off_peak,90.8,39.952244104471305
2025-10-27 06:00:00,43.152082362620305,0.0,102.31,off_peak,90.8,43.152082362620305
2025-10-27 07:00:00,46.597644634294795,0.0,115.29,off_peak,90.8,46.597644634294795
2025-10-27 08:00:00,47.460391722792814,3.6113999999999997,132.75,mid_peak,95.6,43.84899172279282
2025-10-27 09:00:00,46.018604135545445,13.6122,124.21,mid_peak,95.6,32.40640413554544
2025-10-27 10:00:00,44.084593366630294,23.1963,125.66,mid_peak,95.6,20.888293366630293
2025-10-27 11:00:00,41.74285126927852,30.558000000000003,124.65,on_peak,114.8,11.184851269278514
2025-10-27 12:00:00,39.67861452474102,34.863899999999994,112.36,mid_peak,95.6,4.814714524741028
2025-10-27 13:00:00,42.34514640653185,35.6973,116.2,on_peak,114.8,6.647846406531855
2025-10-27 14:00:00,44.74347479091001,32.0859,112.36,on_peak,114.8,12.657574790910004
2025-10-27 15:00:00,48.16655757869731,23.057399999999998,116.2,on_peak,114.8,25.10915757869731
2025-10-27 16:00:00,52.39037508563866,13.6122,118.96,on_peak,114.8,38.77817508563866
2025-10-27 17:00:00,54.26624925829383,10.4175,128.7,on_peak,114.8,43.848749258293836
2025-10-27 18:00:00,54.98326727883352,1.6667999999999998,128.73,mid_peak,95.6,53.31646727883352
2025-10-27 19:00:00,53.81820988978363,0.0,128.62,mid_peak,95.6,53.81820988978363
2025-10-27 20:00:00,52.07643746583479,0.0,126.61,mid_peak,95.6,52.07643746583479
2025-10-27 21:00:00,50.341641433437154,0.0,128.73,mid_peak,95.6,50.341641433437154
2025-10-27 22:00:00,49.59129176437508,0.0,125.93,off_peak,90.8,49.59129176437508
2025-10-27 23:00:00,48.165782424080504,0.0,126.46,off_peak,90.8,48.165782424080504
2025-10-28 00:00:00,45.39150405055452,0.0,115.98,off_peak,90.8,45.39150405055452
2025-10-28 01:00:00,43.75127688140644,0.0,89.92,off_peak,90.8,43.75127688140644
2025-10-28 02:00:00,42.750552271118075,0.0,90.01,off_peak,90.8,42.750552271118075
2025-10-28 03:00:00,42.48157361908859,0.0,89.69,off_peak,90.8,42.48157361908859
2025-10-28 04:00:00,42.83581927896604,0.0,89.99,off_peak,90.8,42.83581927896604
2025-10-28 05:00:00,44.2876838762318,0.0,97.2,off_peak,90.8,44.2876838762318
2025-10-28 06:00:00,46.83871772011949,0.0,119.73,off_peak,90.8,46.83871772011949
2025-10-28 07:00:00,49.72694382231502,0.0,120.07,off_peak,90.8,49.72694382231502
2025-10-28 08:00:00,49.578114135889486,3.3335999999999997,120.09,mid_peak,95.6,46.24451413588949
2025-10-28 09:00:00,47.59216800764876,12.7788,120.37,mid_peak,95.6,34.81336800764876
2025-10-28 10:00:00,45.479871676869685,22.224,126.72,mid_peak,95.6,23.255871676869685
2025-10-28 11:00:00,42.804813094294055,29.030099999999997,112.17,on_peak,114.8,13.774713094294057
2025-10-28 12:00:00,40.20571966416479,33.4749,112.16,mid_peak,95.6,6.730819664164791
2025-10-28 13:00:00,42.986974429241975,34.3083,112.16,on_peak,114.8,8.678674429241973
2025-10-28 14:00:00,45.55118590161525,30.558000000000003,118.96,on_peak,114.8,14.993185901615245
2025-10-28 15:00:00,48.664981997299485,26.1132,120.3,on_peak,114.8,22.551781997299486
2025-10-28 16:00:00,52.85856847418565,16.5291,130.55,on_peak,114.8,36.32946847418565
2025-10-28 17:00:00,54.71971470912164,5.2782,133.24,on_peak,114.8,49.44151470912164
2025-10-28 18:00:00,55.383247061102146,0.6945,130.76,mid_peak,95.6,54.68874706110215
2025-10-28 19:00:00,54.333687709955406,0.0,120.05,mid_peak,95.6,54.333687709955406
2025-10-28 20:00:00,52.55703332825058,0.0,117.85,mid_peak,95.6,52.55703332825058
2025-10-28 21:00:00,50.82301245046974,0.0,112.17,mid_peak,95.6,50.82301245046974
2025-10-28 22:00:00,49.964916289672516,0.0,99.93,off_peak,90.8,49.964916289672516
2025-10-28 23:00:00,48.54948395939634,0.0,107.23,off_peak,90.8,48.54948395939634
2025-10-29 00:00:00,45.700015588040785,0.0,117.21,off_peak,90.8,45.700015588040785
2025-10-29 01:00:00,43.975296565661544,0.0,90.3,off_peak,90.8,43.975296565661544
2025-10-29 02:00:00,42.97612226460678,0.0,89.79,off_peak,90.8,42.97612226460678
2025-10-29 03:00:00,42.625752377813335,0.0,83.9,off_peak,90.8,42.625752377813335
2025-10-29 04:00:00,42.96371979073798,0.0,89.67,off_peak,90.8,42.96371979073798
2025-10-29 05:00:00,44.26442923772782,0.0,90.18,off_peak,90.8,44.26442923772782
2025-10-29 06:00:00,46.88212637866027,0.0,111.18,off_peak,90.8,46.88212637866027
2025-10-29 07:00:00,49.69283701917584,0.0,111.18,off_peak,90.8,49.69283701917584
2025-10-29 08:00:00,50.300558238746774,2.2224,119.63,mid_peak,95.6,48.078158238746774
2025-10-29 09:00:00,48.547158495545936,8.7507,125.31,mid_peak,95.6,39.796458495545934
2025-10-29 10:00:00,46.18991330585817,14.3067,120.79,mid_peak,95.6,31.88321330585817
2025-10-29 11:00:00,43.56834039184172,25.418699999999998,112.05,on_peak,114.8,18.149640391841725
2025-10-29 12:00:00,41.187840563649964,26.391,111.97,mid_peak,95.6,14.796840563649965
2025-10-29 13:00:00,43.919485433251964,31.1136,111.81,on_peak,114.8,12.805885433251962
2025-10-29 14:00:00,46.28913309680853,28.3356,117.13,on_peak,114.8,17.953533096808528
2025-10-29 15:00:00,49.22619393986244,24.5853,117.13,on_peak,114.8,24.64089393986244
2025-10-29 16:00:00,52.90507775119363,15.695699999999997,124.11,on_peak,114.8,37.209377751193635
2025-10-29 17:00:00,54.20578719818346,6.667199999999999,124.23,on_peak,114.8,47.53858719818346
2025-10-29 18:00:00,54.7980053254184,0.8333999999999999,130.09,mid_peak,95.6,53.964605325418404
2025-10-29 19:00:00,53.94921102002277,0.0,124.24,mid_peak,95.6,53.94921102002277
2025-10-29 20:00:00,52.39735147718985,0.0,112.83,mid_peak,95.6,52.39735147718985
2025-10-29 21:00:00,50.85556894437533,0.0,109.69,mid_peak,95.6,50.85556894437533
2025-10-29 22:00:00,50.0028988658957,0.0,109.86,off_peak,90.8,50.0028988658957
2025-10-29 23:00:00,48.61304663797391,0.0,107.07,off_peak,90.8,48.61304663797391
2025-10-30 00:00:00,45.655831774883204,0.0,118.07,off_peak,90.8,45.655831774883204
2025-10-30 01:00:00,43.968320174110346,0.0,113.61,off_peak,90.8,43.968320174110346
2025-10-30 02:00:00,43.00170236696117,0.0,89.72,off_peak,90.8,43.00170236696117
2025-10-30 03:00:00,42.50095248450859,0.0,89.72,off_peak,90.8,42.50095248450859
2025-10-30 04:00:00,42.726522477997285,0.0,89.62,off_peak,90.8,42.726522477997285
2025-10-30 05:00:00,44.13342810748867,0.0,113.84,off_peak,90.8,44.13342810748867
2025-10-30 06:00:00,46.723994836833135,0.0,118.07,off_peak,90.8,46.723994836833135
2025-10-30 07:00:00,49.59284207360868,0.0,120.55,off_peak,90.8,49.59284207360868
2025-10-30 08:00:00,50.341641433437154,2.778,125.18,mid_peak,95.6,47.563641433437155
2025-10-30 09:00:00,49.1052698196417,10.5564,123.77,mid_peak,95.6,38.548869819641695
2025-10-30 10:00:00,47.9464136675262,18.7515,130.82,mid_peak,95.6,29.1949136675262
2025-10-30 11:00:00,46.53330680110042,24.5853,123.43,on_peak,114.8,21.948006801100423
2025-10-30 12:00:00,44.95431684667951,24.7242,120.22,mid_peak,95.6,20.23011684667951
2025-10-30 13:00:00,48.34174252209403,26.1132,122.37,on_peak,114.8,22.22854252209403
2025-10-30 14:00:00,50.86874657286092,21.2517,122.37,on_peak,114.8,29.61704657286092
2025-10-30 15:00:00,52.25084725461472,14.8623,123.32,on_peak,114.8,37.38854725461472
2025-10-30 16:00:00,53.91742968073399,9.167399999999999,123.0,on_peak,114.8,44.75002968073399
2025-10-30 17:00:00,54.611193062769686,4.7226,123.28,on_peak,114.8,49.88859306276969
2025-10-30 18:00:00,55.07628583284948,0.5556,128.82,mid_peak,95.6,54.52068583284948
2025-10-30 19:00:00,53.98331782316196,0.0,129.23,mid_peak,95.6,53.98331782316196
2025-10-30 20:00:00,52.24929694538112,0.0,123.28,mid_peak,95.6,52.24929694538112
2025-10-30 21:00:00,50.506749366815484,0.0,128.82,mid_peak,95.6,50.506749366815484
2025-10-30 22:00:00,49.74787299696861,0.0,129.25,off_peak,90.8,49.74787299696861
2025-10-30 23:00:00,48.296783554319646,0.0,113.77,off_peak,90.8,48.296783554319646
2025-10-31 00:00:00,45.307787351940156,0.0,116.72,off_peak,90.8,45.307787351940156
2025-10-31 01:00:00,43.57066585569212,0.0,89.77,off_peak,90.8,43.57066585569212
2025-10-31 02:00:00,42.7017175302597,0.0,90.19,off_peak,90.8,42.7017175302597
2025-10-31 03:00:00,42.2327489870959,0.0,89.69,off_peak,90.8,42.2327489870959
2025-10-31 04:00:00,42.530408359946975,0.0,89.56,off_peak,90.8,42.530408359946975
2025-10-31 05:00:00,43.71872038750085,0.0,105.57,off_peak,90.8,43.71872038750085
2025-10-31 06:00:00,46.217818872062956,0.0,117.22,off_peak,90.8,46.217818872062956
2025-10-31 07:00:00,49.268052289169624,0.0,123.67,off_peak,90.8,49.268052289169624
2025-10-31 08:00:00,50.60519400314904,0.8333999999999999,127.22,mid_peak,95.6,49.77179400314904
2025-10-31 09:00:00,49.1037195104081,5.2782,127.11,mid_peak,95.6,43.8255195104081
2025-10-31 10:00:00,46.810812153914696,11.9454,126.88,mid_peak,95.6,34.8654121539147
2025-10-31 11:00:00,44.18923923989825,17.7792,126.59,on_peak,114.8,26.41003923989825
2025-10-31 12:00:00,41.71184508460653,26.529899999999998,123.67,mid_peak,95.6,15.181945084606532
2025-10-31 13:00:00,44.36752480176217,25.8354,126.54,on_peak,114.8,18.532124801762173
2025-10-31 14:00:00,46.527880718782825,25.8354,123.67,on_peak,114.8,20.692480718782825
2025-10-31 15:00:00,49.316887030028,19.5849,123.67,on_peak,114.8,29.731987030027998
2025-10-31 16:00:00,52.31518508780909,8.1951,123.67,on_peak,114.8,44.12008508780909
2025-10-31 17:00:00,53.29575567806066,2.6391,126.88,on_peak,114.8,50.65665567806066
2025-10-31 18:00:00,53.463189075289385,0.2778,123.67,mid_peak,95.6,53.185389075289386
2025-10-31 19:00:00,52.425257043394645,0.0,123.67,mid_peak,95.6,52.425257043394645
2025-10-31 20:00:00,50.87417265517852,0.0,123.67,mid_peak,95.6,50.87417265517852
2025-10-31 21:00:00,49.489746509574324,0.0,123.67,mid_peak,95.6,49.489746509574324
2025-10-31 22:00:00,48.992097245588944,0.0,122.98,off_peak,90.8,48.992097245588944
2025-10-31 23:00:00,47.565812750677566,0.0,117.22,off_peak,90.8,47.565812750677566
2025-11-01 00:00:00,44.561313455962086,0.0,108.25,off_peak,98.2,44.561313455962086
2025-11-01 01:00:00,42.83736958819964,0.0,106.6,off_peak,98.2,42.83736958819964
2025-11-01 02:00:00,41.74130096004492,0.0,100.35,off_peak,98.2,41.74130096004492
2025-11-01 03:00:00,41.1017984011852,0.0,100.35,off_peak,98.2,41.1017984011852
2025-11-01 04:00:00,41.15915984282837,0.0,100.35,off_peak,98.2,41.15915984282837
2025-11-01 05:00:00,41.86300023488246,0.0,100.35,off_peak,98.2,41.86300023488246
2025-11-01 06:00:00,42.840470206666836,0.0,111.74,off_peak,98.2,42.840470206666836
2025-11-01 07:00:00,42.94356577070119,0.0,111.9,off_peak,98.2,42.94356577070119
2025-11-01 08:00:00,40.73825088590616,2.778,111.9,mid_peak,115.1,37.96025088590616
2025-11-01 09:00:00,38.326744873042415,10.9731,111.93,mid_peak,115.1,27.353644873042413
2025-11-01 10:00:00,36.78651264946149,20.2794,115.45,mid_peak,115.1,16.507112649461494
2025-11-01 11:00:00,35.27573630131895,26.8077,109.55,mid_peak,115.1,8.46803630131895
2025-11-01 12:00:00,34.28043777334819,31.669199999999996,102.32,mid_peak,115.1,2.6112377733481935
2025-11-01 13:00:00,35.55324165413323,33.336,104.3,mid_peak,115.1,2.2172416541332325
2025-11-01 14:00:00,37.17564026709492,30.9747,102.32,mid_peak,115.1,6.200940267094921
2025-11-01 15:00:00,40.14525760405442,25.6965,106.28,mid_peak,115.1,14.448757604054421
2025-11-01 16:00:00,43.67453657434327,12.9177,114.19,mid_peak,115.1,30.75683657434327
2025-11-01 17:00:00,45.73567270041357,1.389,116.05,mid_peak,115.1,44.34667270041357
2025-11-01 18:00:00,46.8077115354475,0.8333999999999999,115.7,mid_peak,115.1,45.974311535447505
2025-11-01 19:00:00,46.544934120352416,0.0,114.2,mid_peak,115.1,46.544934120352416
2025-11-01 20:00:00,45.97519547700467,0.0,114.2,mid_peak,115.1,45.97519547700467
2025-11-01 21:00:00,45.089968904619454,0.0,114.21,mid_peak,115.1,45.089968904619454
2025-11-01 22:00:00,44.87912684884994,0.0,108.25,off_peak,98.2,44.87912684884994
2025-11-01 23:00:00,43.88692893934638,0.0,108.25,off_peak,98.2,43.88692893934638
2025-11-02 00:00:00,41.38472983631708,0.0,109.07,off_peak,98.2,41.38472983631708
2025-11-02 01:00:00,39.60187421767786,0.0,103.1,off_peak,98.2,39.60187421767786
2025-11-02 02:00:00,38.53061053726073,0.0,103.1,off_peak,98.2,38.53061053726073
2025-11-02 03:00:00,38.08877240568492,0.0,102.96,off_peak,98.2,38.08877240568492
2025-11-02 04:00:00,38.17946549585048,0.0,103.1,off_peak,98.2,38.17946549585048
2025-11-02 05:00:00,38.96779774113573,0.0,103.16,off_peak,98.2,38.96779774113573
2025-11-02 06:00:00,39.82666905654976,0.0,103.99,off_peak,98.2,39.82666905654976
2025-11-02 07:00:00,39.81194111883057,0.0,106.86,off_peak,98.2,39.81194111883057
2025-11-02 08:00:00,37.64228334640831,1.9446,106.89,off_peak,98.2,35.69768334640831
2025-11-02 09:00:00,35.24628042588056,10.9731,113.07,off_peak,98.2,24.27318042588056
2025-11-02 10:00:00,34.364929626579354,20.835,109.06,off_peak,98.2,13.529929626579353
2025-11-02 11:00:00,32.78671482677524,28.6134,105.09,off_peak,98.2,4.17331482677524
2025-11-02 12:00:00,32.01776144690998,30.9747,103.1,off_peak,98.2,1.0430614469099808
2025-11-02 13:00:00,32.86112966998801,30.4191,103.1,off_peak,98.2,2.4420296699880097
2025-11-02 14:00:00,34.83312301512635,32.7804,112.86,off_peak,98.2,2.0527230151263467
2025-11-02 15:00:00,38.08722209645132,21.2517,111.04,off_peak,98.2,16.83552209645132
2025-11-02 16:00:00,42.126552804594354,14.5845,109.06,off_peak,98.2,27.542052804594356
2025-11-02 17:00:00,45.23027189026019,6.944999999999999,113.07,off_peak,98.2,38.28527189026019
2025-11-02 18:00:00,46.8069363808307,0.6945,113.17,off_peak,98.2,46.1124363808307
2025-11-02 19:00:00,46.67050916827396,0.0,113.28,off_peak,98.2,46.67050916827396
2025-11-02 20:00:00,46.21936918129656,0.0,113.38,off_peak,98.2,46.21936918129656
2025-11-02 21:00:00,45.28995879575377,0.0,113.38,off_peak,98.2,45.28995879575377
2025-11-02 22:00:00,44.437288717274136,0.0,113.44,off_peak,98.2,44.437288717274136
2025-11-02 23:00:00,43.40788338616419,0.0,110.77,off_peak,98.2,43.40788338616419
2025-11-03 00:00:00,41.18551509979957,0.0,85.47,off_peak,98.2,41.18551509979957
2025-11-03 01:00:00,39.55303947681948,0.0,72.47,off_peak,98.2,39.55303947681948
2025-11-03 02:00:00,38.694943316022254,0.0,72.47,off_peak,98.2,38.694943316022254
2025-11-03 03:00:00,38.52053352724233,0.0,72.47,off_peak,98.2,38.52053352724233
2025-11-03 04:00:00,39.21042113619403,0.0,72.47,off_peak,98.2,39.21042113619403
2025-11-03 05:00:00,41.028933867206035,0.0,72.47,off_peak,98.2,41.028933867206035
2025-11-03 06:00:00,44.36829995637897,0.0,89.74,off_peak,98.2,44.36829995637897
2025-11-03 07:00:00,48.516152310873956,0.0,104.07,off_peak,98.2,48.516152310873956
2025-11-03 08:00:00,50.317611640316365,2.778,122.29,mid_peak,115.1,47.539611640316366
2025-11-03 09:00:00,48.58746653561952,11.3898,114.32,on_peak,144.5,37.19766653561952
2025-11-03 10:00:00,46.56353783115561,21.1128,116.03,on_peak,144.5,25.450737831155607
2025-11-03 11:00:00,44.396205522583756,28.196699999999996,108.85,on_peak,144.5,16.19950552258376
2025-11-03 12:00:00,42.093996310688766,32.224799999999995,108.19,mid_peak,115.1,9.869196310688771
2025-11-03 13:00:00,44.82641633490757,33.336,108.39,mid_peak,115.1,11.490416334907572
2025-11-03 14:00:00,47.354195540291265,30.9747,108.61,mid_peak,115.1,16.379495540291266
2025-11-03 15:00:00,50.16568133542363,25.418699999999998,111.74,mid_peak,115.1,24.74698133542363
2025-11-03 16:00:00,53.464739384522986,17.3625,108.7,on_peak,144.5,36.10223938452299
2025-11-03 17:00:00,54.86156800399598,7.222799999999999,108.76,on_peak,144.5,47.63876800399598
2025-11-03 18:00:00,55.091788925185476,0.5556,118.77,on_peak,144.5,54.53618892518548
2025-11-03 19:00:00,54.19493503354827,0.0,118.77,mid_peak,115.1,54.19493503354827
2025-11-03 20:00:00,52.44696137266503,0.0,108.48,mid_peak,115.1,52.44696137266503
2025-11-03 21:00:00,50.73386966953778,0.0,108.48,mid_peak,115.1,50.73386966953778
2025-11-03 22:00:00,49.96801690813972,0.0,108.48,off_peak,98.2,49.96801690813972
2025-11-03 23:00:00,48.66420684268269,0.0,108.48,off_peak,98.2,48.66420684268269
2025-11-04 00:00:00,45.55893744778325,0.0,96.89,off_peak,98.2,45.55893744778325
2025-11-04 01:00:00,43.74585079908884,0.0,92.88,off_peak,98.2,43.74585079908884
2025-11-04 02:00:00,42.739700106482886,0.0,92.88,off_peak,98.2,42.739700106482886
2025-11-04 03:00:00,42.29243589258948,0.0,92.88,off_peak,98.2,42.29243589258948
2025-11-04 04:00:00,42.60404804854294,0.0,92.88,off_peak,98.2,42.60404804854294
2025-11-04 05:00:00,43.88537863011278,0.0,92.88,off_peak,98.2,43.88537863011278
2025-11-04 06:00:00,46.64105329283557,0.0,94.5,off_peak,98.2,46.64105329283557
2025-11-04 07:00:00,50.0067746389797,0.0,103.07,off_peak,98.2,50.0067746389797
2025-11-04 08:00:00,51.58809005725101,1.9446,103.0,mid_peak,115.1,49.64349005725101
2025-11-04 09:00:00,49.63004949521507,9.5841,107.5,on_peak,144.5,40.04594949521507
2025-11-04 10:00:00,47.46736811434401,19.7238,118.68,on_peak,144.5,27.74356811434401
2025-11-04 11:00:00,45.00470189677149,25.8354,108.02,on_peak,144.5,19.169301896771493
2025-11-04 12:00:00,42.2327489870959,30.141299999999998,105.55,mid_peak,115.1,12.091448987095905
2025-11-04 13:00:00,45.10082106925465,30.835800000000003,108.23,mid_peak,115.1,14.265021069254647
2025-11-04 14:00:00,47.299934717115285,28.6134,108.28,mid_peak,115.1,18.686534717115286
2025-11-04 15:00:00,50.07886401834207,22.224,115.75,mid_peak,115.1,27.854864018342067
2025-11-04 16:00:00,53.17715702169031,14.0289,108.23,on_peak,144.5,39.14825702169031
2025-11-04 17:00:00,54.3344628645722,5.9727,108.31,on_peak,144.5,48.3617628645722
2025-11-04 18:00:00,54.62127007278808,0.5556,108.24,on_peak,144.5,54.06567007278808
2025-11-04 19:00:00,53.64457525562051,0.0,108.25,mid_peak,115.1,53.64457525562051
2025-11-04 20:00:00,52.00744870493963,0.0,108.25,mid_peak,115.1,52.00744870493963
2025-11-04 21:00:00,50.4641158628915,0.0,108.05,mid_peak,115.1,50.4641158628915
2025-11-04 22:00:00,49.60912032056147,0.0,107.73,off_peak,98.2,49.60912032056147
2025-11-04 23:00:00,48.1696581971645,0.0,103.51,off_peak,98.2,48.1696581971645
2025-11-05 00:00:00,45.15198127396343,0.0,116.13,off_peak,98.2,45.15198127396343
2025-11-05 01:00:00,43.44974173547137,0.0,88.34,off_peak,98.2,43.44974173547137
2025-11-05 02:00:00,42.62342691396293,0.0,84.03,off_peak,98.2,42.62342691396293
2025-11-05 03:00:00,42.251352697899094,0.0,82.12,off_peak,98.2,42.251352697899094
2025-11-05 04:00:00,42.53738475149817,0.0,83.27,off_peak,98.2,42.53738475149817
2025-11-05 05:00:00,43.898556258598376,0.0,88.51,off_peak,98.2,43.898556258598376
2025-11-05 06:00:00,46.71314267219794,0.0,107.09,off_peak,98.2,46.71314267219794
2025-11-05 07:00:00,50.2292440140012,0.0,107.38,off_peak,98.2,50.2292440140012
2025-11-05 08:00:00,51.805133349954914,2.0835,109.18,mid_peak,115.1,49.721633349954914
2025-11-05 09:00:00,49.57191289895509,10.0008,107.97,on_peak,144.5,39.57111289895509
2025-11-05 10:00:00,46.79995998927951,19.3071,113.48,on_peak,144.5,27.49285998927951
2025-11-05 11:00:00,44.34116954479098,25.9743,107.62,on_peak,144.5,18.36686954479098
2025-11-05 12:00:00,41.90253312033925,30.002399999999998,107.39,mid_peak,115.1,11.900133120339252
2025-11-05 13:00:00,44.95741746514671,30.835800000000003,107.8,mid_peak,115.1,14.12161746514671
2025-11-05 14:00:00,47.547209039874375,28.752299999999995,108.08,mid_peak,115.1,18.79490903987438
2025-11-05 15:00:00,50.245522260954,22.918499999999998,116.5,mid_peak,115.1,27.327022260954
2025-11-05 16:00:00,52.95623795590241,14.8623,115.77,on_peak,144.5,38.09393795590241
2025-11-05 17:00:00,53.77635154047645,5.4171,137.66,on_peak,144.5,48.35925154047645
2025-11-05 18:00:00,53.82363597210123,0.5556,116.77,on_peak,144.5,53.26803597210123
2025-11-05 19:00:00,53.098866405393544,0.0,115.78,mid_peak,115.1,53.098866405393544
2025-11-05 20:00:00,51.58576459340061,0.0,109.7,mid_peak,115.1,51.58576459340061
2025-11-05 21:00:00,50.18583535546042,0.0,109.65,mid_peak,115.1,50.18583535546042
2025-11-05 22:00:00,49.63004949521507,0.0,109.15,off_peak,98.2,49.63004949521507
2025-11-05 23:00:00,48.15570541406211,0.0,108.9,off_peak,98.2,48.15570541406211
2025-11-06 00:00:00,45.158182510897824,0.0,108.66,off_peak,98.2,45.158182510897824
2025-11-06 01:00:00,43.45284235393857,0.0,82.85,off_peak,98.2,43.45284235393857
2025-11-06 02:00:00,42.557538771534965,0.0,74.11,off_peak,98.2,42.557538771534965
2025-11-06 03:00:00,42.2327489870959,0.0,72.47,off_peak,98.2,42.2327489870959
2025-11-06 04:00:00,42.63117846013093,0.0,72.47,off_peak,98.2,42.63117846013093
2025-11-06 05:00:00,43.97064563796074,0.0,88.45,off_peak,98.2,43.97064563796074
2025-11-06 06:00:00,46.73872277455233,0.0,108.29,off_peak,98.2,46.73872277455233
2025-11-06 07:00:00,49.95173866118692,0.0,114.1,off_peak,98.2,49.95173866118692
2025-11-06 08:00:00,51.62219686039019,2.0835,119.37,mid_peak,115.1,49.53869686039019
2025-11-06 09:00:00,50.15482917078844,7.3617,109.15,on_peak,144.5,42.79312917078844
2025-11-06 10:00:00,47.74564862177509,13.7511,116.6,on_peak,144.5,33.99454862177509
2025-11-06 11:00:00,45.00470189677149,17.7792,108.68,on_peak,144.5,27.225501896771494
2025-11-06 12:00:00,42.19864218395672,26.8077,107.94,mid_peak,115.1,15.39094218395672
2025-11-06 13:00:00,44.95431684667951,28.196699999999996,108.69,mid_peak,115.1,16.757616846679515
2025-11-06 14:00:00,47.085216888261776,26.668799999999997,109.12,mid_peak,115.1,20.41641688826178
2025-11-06 15:00:00,49.59361722822548,21.3906,114.77,mid_peak,115.1,28.203017228225484
2025-11-06 16:00:00,52.646951263799345,11.9454,108.8,on_peak,144.5,40.701551263799345
2025-11-06 17:00:00,53.75697267505646,5.4171,113.22,on_peak,144.5,48.33987267505646
2025-11-06 18:00:00,54.303456679900215,0.2778,126.47,on_peak,144.5,54.025656679900216
2025-11-06 19:00:00,53.415904643664604,0.0,108.63,mid_peak,115.1,53.415904643664604
2025-11-06 20:00:00,51.92683262479246,0.0,106.77,mid_peak,115.1,51.92683262479246
2025-11-06 21:00:00,50.357144525773144,0.0,104.61,mid_peak,115.1,50.357144525773144
2025-11-06 22:00:00,49.60989547517828,0.0,104.61,off_peak,98.2,49.60989547517828
2025-11-06 23:00:00,48.11384706475493,0.0,104.58,off_peak,98.2,48.11384706475493
2025-11-07 00:00:00,45.08531797691865,0.0,91.08,off_peak,98.2,45.08531797691865
2025-11-07 01:00:00,43.302462358279435,0.0,84.19,off_peak,98.2,43.302462358279435
2025-11-07 02:00:00,42.40018238432463,0.0,84.19,off_peak,98.2,42.40018238432463
2025-11-07 03:00:00,42.045161569830384,0.0,73.35,off_peak,98.2,42.045161569830384
2025-11-07 04:00:00,42.203293111657516,0.0,73.35,off_peak,98.2,42.203293111657516
2025-11-07 05:00:00,43.597021112663306,0.0,91.65,off_peak,98.2,43.597021112663306
2025-11-07 06:00:00,46.320139281480515,0.0,92.75,off_peak,98.2,46.320139281480515
2025-11-07 07:00:00,49.605244547477476,0.0,104.99,off_peak,98.2,49.605244547477476
2025-11-07 08:00:00,51.430733670040674,1.9446,108.39,mid_peak,115.1,49.48613367004067
2025-11-07 09:00:00,49.83624062328377,8.1951,108.62,on_peak,144.5,41.641140623283775
2025-11-07 10:00:00,47.395278734981645,15.834599999999998,108.49,on_peak,144.5,31.560678734981646
2025-11-07 11:00:00,44.24892614539182,25.279799999999998,107.21,on_peak,144.5,18.969126145391822
2025-11-07 12:00:00,41.913385284974446,24.4464,106.74,mid_peak,115.1,17.466985284974445
2025-11-07 13:00:00,44.80161138716998,29.7246,107.75,mid_peak,115.1,15.077011387169978
2025-11-07 14:00:00,46.70771658988034,27.5022,112.09,mid_peak,115.1,19.205516589880343
2025-11-07 15:00:00,48.881250135386594,22.0851,144.61,mid_peak,115.1,26.796150135386593
2025-11-07 16:00:00,51.49894727631904,15.140100000000002,111.56,on_peak,144.5,36.35884727631904
2025-11-07 17:00:00,52.234569007661925,5.9727,107.78,on_peak,144.5,46.26186900766193
2025-11-07 18:00:00,52.56633518365218,0.5556,107.78,on_peak,144.5,52.01073518365218
2025-11-07 19:00:00,51.76172469141413,0.0,107.78,mid_peak,115.1,51.76172469141413
2025-11-07 20:00:00,50.54163132457147,0.0,107.78,mid_peak,115.1,50.54163132457147
2025-11-07 21:00:00,49.02620404872813,0.0,105.15,mid_peak,115.1,49.02620404872813
2025-11-07 22:00:00,48.558785814797936,0.0,105.15,off_peak,98.2,48.558785814797936
2025-11-07 23:00:00,47.378225333412054,0.0,105.1,off_peak,98.2,47.378225333412054
2025-11-08 00:00:00,44.43573840804054,0.0,86.49,off_peak,98.2,44.43573840804054
2025-11-08 01:00:00,42.569941245403754,0.0,83.04,off_peak,98.2,42.569941245403754
2025-11-08 02:00:00,41.38162921784988,0.0,77.78,off_peak,98.2,41.38162921784988
2025-11-08 03:00:00,40.98397489943165,0.0,77.78,off_peak,98.2,40.98397489943165
2025-11-08 04:00:00,41.015756238720435,0.0,77.78,off_peak,98.2,41.015756238720435
2025-11-08 05:00:00,41.615725912123374,0.0,77.78,off_peak,98.2,41.615725912123374
2025-11-08 06:00:00,42.573041863870955,0.0,84.05,off_peak,98.2,42.573041863870955
2025-11-08 07:00:00,43.157508444937896,0.0,83.37,off_peak,98.2,43.157508444937896
2025-11-08 08:00:00,43.59779626728011,0.41669999999999996,77.78,mid_peak,115.1,43.18109626728011
2025-11-08 09:00:00,43.81949048768481,4.028099999999999,86.2,mid_peak,115.1,39.79139048768481
2025-11-08 10:00:00,43.10712339484592,7.3617,91.17,mid_peak,115.1,35.74542339484592
2025-11-08 11:00:00,42.26763094485189,6.667199999999999,91.17,mid_peak,115.1,35.60043094485189
2025-11-08 12:00:00,41.75447858853052,9.722999999999999,91.17,mid_peak,115.1,32.03147858853052
2025-11-08 13:00:00,42.41180970357663,14.1678,115.85,mid_peak,115.1,28.24400970357663
2025-11-08 14:00:00,42.85519814438603,7.3617,115.85,mid_peak,115.1,35.49349814438603
2025-11-08 15:00:00,43.63655399812009,6.944999999999999,91.17,mid_peak,115.1,36.69155399812009
2025-11-08 16:00:00,44.26132861926062,4.3059,90.6,mid_peak,115.1,39.955428619260616
2025-11-08 17:00:00,45.57909146782004,1.9446,91.16,mid_peak,115.1,43.63449146782004
2025-11-08 18:00:00,46.503850925662036,0.1389,89.32,mid_peak,115.1,46.364950925662036
2025-11-08 19:00:00,46.04806001098383,0.0,89.17,mid_peak,115.1,46.04806001098383
2025-11-08 20:00:00,45.39615497825532,0.0,90.03,mid_peak,115.1,45.39615497825532
2025-11-08 21:00:00,44.586893558316476,0.0,87.49,mid_peak,115.1,44.586893558316476
2025-11-08 22:00:00,44.48534830351572,0.0,87.22,off_peak,98.2,44.48534830351572
2025-11-08 23:00:00,43.86367430084239,0.0,87.0,off_peak,98.2,43.86367430084239
2025-11-09 00:00:00,41.432789422558656,0.0,72.52,off_peak,98.2,41.432789422558656
2025-11-09 01:00:00,39.535210920633084,0.0,71.17,off_peak,98.2,39.535210920633084
2025-11-09 02:00:00,38.47945033255195,0.0,69.81,off_peak,98.2,38.47945033255195
2025-11-09 03:00:00,38.04458859252734,0.0,68.35,off_peak,98.2,38.04458859252734
2025-11-09 04:00:00,38.091873024152115,0.0,68.35,off_peak,98.2,38.091873024152115
2025-11-09 05:00:00,38.74610352073103,0.0,70.58,off_peak,98.2,38.74610352073103
2025-11-09 06:00:00,39.80031379957857,0.0,76.82,off_peak,98.2,39.80031379957857
2025-11-09 07:00:00,39.86387647815614,0.0,76.82,off_peak,98.2,39.86387647815614
2025-11-09 08:00:00,38.64998434824788,1.389,70.34,off_peak,98.2,37.260984348247874
2025-11-09 09:00:00,36.412888124164056,8.056199999999999,67.59,off_peak,98.2,28.35668812416406
2025-11-09 10:00:00,34.58197291928325,16.3902,79.83,off_peak,98.2,18.191772919283252
2025-11-09 11:00:00,33.003758119479144,24.0297,66.27,off_peak,98.2,8.974058119479146
2025-11-09 12:00:00,32.361154942152226,29.4468,56.52,off_peak,98.2,2.914354942152226
2025-11-09 13:00:00,32.96965131633996,30.280200000000004,65.65,off_peak,98.2,2.6894513163399587
2025-11-09 14:00:00,34.80521744892156,24.0297,67.59,off_peak,98.2,10.775517448921562
2025-11-09 15:00:00,37.95234519312818,20.0016,67.59,off_peak,98.2,17.95074519312818
2025-11-09 16:00:00,41.71184508460653,12.3621,71.17,off_peak,98.2,29.349745084606532
2025-11-09 17:00:00,44.59619541371807,3.1947,79.51,off_peak,98.2,41.401495413718074
2025-11-09 18:00:00,45.93411228231428,0.2778,89.93,off_peak,98.2,45.65631228231428
2025-11-09 19:00:00,45.81163785285994,0.0,89.67,off_peak,98.2,45.81163785285994
2025-11-09 20:00:00,45.36437363896653,0.0,89.67,off_peak,98.2,45.36437363896653
2025-11-09 21:00:00,44.39543036796696,0.0,80.09,off_peak,98.2,44.39543036796696
2025-11-09 22:00:00,43.67918750204407,0.0,80.09,off_peak,98.2,43.67918750204407
2025-11-09 23:00:00,42.75985412651968,0.0,80.09,off_peak,98.2,42.75985412651968
2025-11-10 00:00:00,40.48012439851187,0.0,72.44,off_peak,98.2,40.48012439851187
2025-11-10 01:00:00,38.90811083564216,0.0,72.44,off_peak,98.2,38.90811083564216
2025-11-10 02:00:00,37.8965340607186,0.0,72.44,off_peak,98.2,37.8965340607186
2025-11-10 03:00:00,37.70584602498589,0.0,72.44,off_peak,98.2,37.70584602498589
2025-11-10 04:00:00,38.25620580291365,0.0,72.44,off_peak,98.2,38.25620580291365
2025-11-10 05:00:00,40.104174409364035,0.0,72.44,off_peak,98.2,40.104174409364035
2025-11-10 06:00:00,43.79546069456402,0.0,90.88,off_peak,98.2,43.79546069456402
2025-11-10 07:00:00,48.04718376771016,0.0,104.25,off_peak,98.2,48.04718376771016
2025-11-10 08:00:00,49.61919733057987,2.2224,122.29,mid_peak,115.1,47.39679733057987
2025-11-10 09:00:00,47.46736811434401,10.5564,110.52,on_peak,144.5,36.910968114344016
2025-11-10 10:00:00,45.287633331903365,20.557199999999998,110.52,on_peak,144.5,24.730433331903367
2025-11-10 11:00:00,43.11409978639712,27.5022,110.06,on_peak,144.5,15.611899786397121
2025-11-10 12:00:00,40.85452407842611,31.946999999999996,106.29,mid_peak,115.1,8.907524078426114
2025-11-10 13:00:00,43.777632138377626,32.6415,108.3,mid_peak,115.1,11.136132138377626
2025-11-10 14:00:00,46.21549340821256,30.141299999999998,104.59,mid_peak,115.1,16.07419340821256
2025-11-10 15:00:00,48.891327145404986,24.8631,106.29,mid_peak,115.1,24.028227145404987
2025-11-10 16:00:00,52.508973742009005,16.9458,111.6,on_peak,144.5,35.563173742009006
2025-11-10 17:00:00,53.8833228775948,6.8061,112.13,on_peak,144.5,47.0772228775948
2025-11-10 18:00:00,54.48174224176414,0.41669999999999996,119.52,on_peak,144.5,54.06504224176414
2025-11-10 19:00:00,53.67713174952609,0.0,112.11,mid_peak,115.1,53.67713174952609
2025-11-10 20:00:00,52.081088393535595,0.0,111.88,mid_peak,115.1,52.081088393535595
2025-11-10 21:00:00,50.44318668823791,0.0,111.88,mid_peak,115.1,50.44318668823791
2025-11-10 22:00:00,49.82306299479818,0.0,111.88,off_peak,98.2,49.82306299479818
2025-11-10 23:00:00,48.47429396156677,0.0,104.29,off_peak,98.2,48.47429396156677
2025-11-11 00:00:00,45.55893744778325,0.0,106.07,off_peak,98.2,45.55893744778325
2025-11-11 01:00:00,43.91483450555117,0.0,88.25,off_peak,98.2,43.91483450555117
2025-11-11 02:00:00,43.07999298325793,0.0,83.21,off_peak,98.2,43.07999298325793
2025-11-11 03:00:00,42.66606041788692,0.0,83.21,off_peak,98.2,42.66606041788692
2025-11-11 04:00:00,43.07999298325793,0.0,83.21,off_peak,98.2,43.07999298325793
2025-11-11 05:00:00,44.55046129132689,0.0,88.51,off_peak,98.2,44.55046129132689
2025-11-11 06:00:00,47.35652100414166,0.0,108.99,off_peak,98.2,47.35652100414166
2025-11-11 07:00:00,50.79898265734895,0.0,116.25,off_peak,98.2,50.79898265734895
2025-11-11 08:00:00,52.34464096324748,1.6667999999999998,109.76,mid_peak,115.1,50.677840963247476
2025-11-11 09:00:00,49.88740082799255,8.8896,114.74,on_peak,144.5,40.99780082799255
2025-11-11 10:00:00,47.08366657902818,18.195899999999998,123.2,on_peak,144.5,28.887766579028185
2025-11-11 11:00:00,44.61789974298846,25.002,109.47,on_peak,144.5,19.615899742988464
2025-11-11 12:00:00,42.228873214011905,30.280200000000004,107.99,mid_peak,115.1,11.948673214011901
2025-11-11 13:00:00,45.79070867820634,31.8081,109.41,mid_peak,115.1,13.982608678206343
2025-11-11 14:00:00,48.012301809954174,27.779999999999998,109.68,mid_peak,115.1,20.232301809954176
2025-11-11 15:00:00,50.65790451709142,18.7515,109.23,mid_peak,115.1,31.906404517091417
2025-11-11 16:00:00,53.555432474688544,9.4452,109.24,on_peak,144.5,44.110232474688544
2025-11-11 17:00:00,54.48406770561454,3.6113999999999997,121.05,on_peak,144.5,50.872667705614546
2025-11-11 18:00:00,54.93753315644234,0.5556,121.08,on_peak,144.5,54.381933156442344
2025-11-11 19:00:00,54.245320083640244,0.0,109.27,mid_peak,115.1,54.245320083640244
2025-11-11 20:00:00,52.688034458489724,0.0,109.28,mid_peak,115.1,52.688034458489724
2025-11-11 21:00:00,51.057109144743244,0.0,109.28,mid_peak,115.1,51.057109144743244
2025-11-11 22:00:00,50.28040421870998,0.0,109.29,off_peak,98.2,50.28040421870998
2025-11-11 23:00:00,49.04868353261532,0.0,104.78,off_peak,98.2,49.04868353261532
2025-11-12 00:00:00,46.124800318047,0.0,90.36,off_peak,98.2,46.124800318047
2025-11-12 01:00:00,44.541159435925294,0.0,81.38,off_peak,98.2,44.541159435925294
2025-11-12 02:00:00,43.45594297240577,0.0,78.97,off_peak,98.2,43.45594297240577
2025-11-12 03:00:00,42.88697948367482,0.0,73.35,off_peak,98.2,42.88697948367482
2025-11-12 04:00:00,43.00480298542837,0.0,78.21,off_peak,98.2,43.00480298542837
2025-11-12 05:00:00,44.32256583398779,0.0,88.52,off_peak,98.2,44.32256583398779
2025-11-12 06:00:00,47.23094595622012,0.0,109.9,off_peak,98.2,47.23094595622012
2025-11-12 07:00:00,50.77495286422816,0.0,110.2,off_peak,98.2,50.77495286422816
2025-11-12 08:00:00,52.63144817146335,1.6667999999999998,113.08,mid_peak,115.1,50.964648171463345
2025-11-12 09:00:00,51.17570780111359,9.0285,115.55,on_peak,144.5,42.14720780111359
2025-11-12 10:00:00,49.88895113722615,18.334799999999998,110.7,on_peak,144.5,31.554151137226153
2025-11-12 11:00:00,48.240197267293276,25.1409,110.11,on_peak,144.5,23.099297267293277
2025-11-12 12:00:00,45.78915836897275,28.752299999999995,106.43,mid_peak,115.1,17.036858368972755
2025-11-12 13:00:00,48.82001292065942,30.002399999999998,106.8,mid_peak,115.1,18.817612920659425
2025-11-12 14:00:00,50.74239637032258,28.196699999999996,108.43,mid_peak,115.1,22.545696370322585
2025-11-12 15:00:00,52.5306780712794,22.6407,108.42,mid_peak,115.1,29.889978071279398
2025-11-12 16:00:00,53.899601124547594,13.334399999999999,115.29,on_peak,144.5,40.5652011245476
2025-11-12 17:00:00,54.29958090681622,5.2782,115.66,on_peak,144.5,49.02138090681622
2025-11-12 18:00:00,54.269349876761034,0.2778,119.66,on_peak,144.5,53.991549876761034
2025-11-12 19:00:00,53.53527845465175,0.0,115.66,mid_peak,115.1,53.53527845465175
2025-11-12 20:00:00,52.08728963046999,0.0,106.43,mid_peak,115.1,52.08728963046999
2025-11-12 21:00:00,50.48039410984429,0.0,104.73,mid_peak,115.1,50.48039410984429
2025-11-12 22:00:00,49.87267289027336,0.0,104.73,off_peak,98.2,49.87267289027336
2025-11-12 23:00:00,48.68823663580348,0.0,104.73,off_peak,98.2,48.68823663580348
2025-11-13 00:00:00,45.788383214355946,0.0,90.36,off_peak,98.2,45.788383214355946
2025-11-13 01:00:00,44.076066665845495,0.0,78.89,off_peak,98.2,44.076066665845495
2025-11-13 02:00:00,43.107898549462725,0.0,78.78,off_peak,98.2,43.107898549462725
2025-11-13 03:00:00,42.671486500204516,0.0,78.78,off_peak,98.2,42.671486500204516
2025-11-13 04:00:00,43.04976195320275,0.0,78.78,off_peak,98.2,43.04976195320275
2025-11-13 05:00:00,44.609373042203664,0.0,78.78,off_peak,98.2,44.609373042203664
2025-11-13 06:00:00,47.22629502851932,0.0,94.01,off_peak,98.2,47.22629502851932
2025-11-13 07:00:00,50.35249359807235,0.0,115.5,off_peak,98.2,50.35249359807235
2025-11-13 08:00:00,52.82136105257927,0.5556,152.09,mid_peak,115.1,52.26576105257927
2025-11-13 09:00:00,51.48421933859985,3.1947,116.86,on_peak,144.5,48.28951933859985
2025-11-13 10:00:00,48.99132209097215,5.9727,116.72,on_peak,144.5,43.018622090972144
2025-11-13 11:00:00,46.37207464080609,13.4733,113.79,on_peak,144.5,32.89877464080609
2025-11-13 12:00:00,43.295485966728236,23.8908,104.01,mid_peak,115.1,19.404685966728238
2025-11-13 13:00:00,45.679086413387196,27.641099999999998,104.91,mid_peak,115.1,18.0379864133872
2025-11-13 14:00:00,47.66038161392713,28.3356,110.14,mid_peak,115.1,19.32478161392713
2025-11-13 15:00:00,50.360245144240345,19.5849,108.43,mid_peak,115.1,30.775345144240344
2025-11-13 16:00:00,53.086463931524754,13.1955,108.44,on_peak,144.5,39.89096393152475
2025-11-13 17:00:00,54.05695751175793,5.0004,108.41,on_peak,144.5,49.05655751175793
2025-11-13 18:00:00,54.21198843511786,0.2778,104.46,on_peak,144.5,53.93418843511786
2025-11-13 19:00:00,53.493420105344576,0.0,104.47,mid_peak,115.1,53.493420105344576
2025-11-13 20:00:00,52.09271571278759,0.0,92.62,mid_peak,115.1,52.09271571278759
2025-11-13 21:00:00,50.414505967416325,0.0,91.82,mid_peak,115.1,50.414505967416325
2025-11-13 22:00:00,49.71531650306303,0.0,92.21,off_peak,98.2,49.71531650306303
2025-11-13 23:00:00,48.56033612403154,0.0,97.54,off_peak,98.2,48.56033612403154
2025-11-14 00:00:00,45.546534973914454,0.0,93.16,off_peak,98.2,45.546534973914454
2025-11-14 01:00:00,43.837319043871204,0.0,73.39,off_peak,98.2,43.837319043871204
2025-11-14 02:00:00,43.024957005465154,0.0,73.39,off_peak,98.2,43.024957005465154
2025-11-14 03:00:00,42.641255470149325,0.0,73.39,off_peak,98.2,42.641255470149325
2025-11-14 04:00:00,42.88232855597402,0.0,73.39,off_peak,98.2,42.88232855597402
2025-11-14 05:00:00,44.26752985619501,0.0,73.39,off_peak,98.2,44.26752985619501
2025-11-14 06:00:00,46.95654122187304,0.0,91.98,off_peak,98.2,46.95654122187304
2025-11-14 07:00:00,50.33699050573635,0.0,105.92,off_peak,98.2,50.33699050573635
2025-11-14 08:00:00,51.57258696491501,1.8056999999999999,110.81,mid_peak,115.1,49.76688696491501
2025-11-14 09:00:00,48.83706632222901,9.4452,110.79,on_peak,144.5,39.39186632222901
2025-11-14 10:00:00,46.042633928666234,19.0293,110.45,on_peak,144.5,27.013333928666235
2025-11-14 11:00:00,43.58461863879451,25.9743,108.59,on_peak,144.5,17.61031863879451
2025-11-14 12:00:00,41.107999638119594,30.280200000000004,106.58,mid_peak,115.1,10.82779963811959
2025-11-14 13:00:00,43.88537863011278,31.1136,106.58,mid_peak,115.1,12.771778630112781
2025-11-14 14:00:00,46.1201493903462,28.474499999999995,106.58,mid_peak,115.1,17.645649390346204
2025-11-14 15:00:00,49.215341775227245,22.918499999999998,108.59,mid_peak,115.1,26.296841775227247
2025-11-14 16:00:00,52.36479498328427,15.417900000000001,108.36,on_peak,144.5,36.94689498328427
2025-11-14 17:00:00,53.26319918415508,5.6949,106.58,on_peak,144.5,47.56829918415508
2025-11-14 18:00:00,53.2190153709975,0.2778,106.58,on_peak,144.5,52.9412153709975
2025-11-14 19:00:00,52.64152518148175,0.0,105.9,mid_peak,115.1,52.64152518148175
2025-11-14 20:00:00,51.418331196171884,0.0,105.91,mid_peak,115.1,51.418331196171884
2025-11-14 21:00:00,49.981969691242114,0.0,125.66,mid_peak,115.1,49.981969691242114
2025-11-14 22:00:00,49.5509837243015,0.0,105.89,off_peak,98.2,49.5509837243015
2025-11-14 23:00:00,48.44406293151158,0.0,97.81,off_peak,98.2,48.44406293151158
2025-11-15 00:00:00,45.43181209062811,0.0,90.55,off_peak,98.2,45.43181209062811
2025-11-15 01:00:00,43.639654616587286,0.0,89.46,off_peak,98.2,43.639654616587286
2025-11-15 02:00:00,42.59474619314135,0.0,89.14,off_peak,98.2,42.59474619314135
2025-11-15 03:00:00,42.07616775450237,0.0,81.76,off_peak,98.2,42.07616775450237
2025-11-15 04:00:00,42.22344713169431,0.0,88.97,off_peak,98.2,42.22344713169431
2025-11-15 05:00:00,42.939689997617194,0.0,89.69,off_peak,98.2,42.939689997617194
2025-11-15 06:00:00,44.21791996071983,0.0,89.79,off_peak,98.2,44.21791996071983
2025-11-15 07:00:00,44.576816548298076,0.0,89.79,off_peak,98.2,44.576816548298076
2025-11-15 08:00:00,42.64823186170052,1.1112,88.77,mid_peak,115.1,41.53703186170053
2025-11-15 09:00:00,39.34839865798437,7.639500000000001,69.36,mid_peak,115.1,31.708898657984367
2025-11-15 10:00:00,37.237652636438895,18.195899999999998,67.9,mid_peak,115.1,19.041752636438897
2025-11-15 11:00:00,35.3974355761565,25.1409,67.12,mid_peak,115.1,10.256535576156498
2025-11-15 12:00:00,34.07037087219548,29.7246,0.0,mid_peak,115.1,4.345770872195484
2025-11-15 13:00:00,35.21449908659178,29.4468,66.6,mid_peak,115.1,5.767699086591779
2025-11-15 14:00:00,37.12603037161974,25.5576,67.9,mid_peak,115.1,11.56843037161974
2025-11-15 15:00:00,40.40338409144871,20.835,70.16,mid_peak,115.1,19.568384091448706
2025-11-15 16:00:00,43.869875537776785,14.0289,89.33,mid_peak,115.1,29.840975537776785
2025-11-15 17:00:00,46.06201279408623,5.2782,90.48,mid_peak,115.1,40.78381279408623
2025-11-15 18:00:00,46.91545802718265,0.2778,90.23,mid_peak,115.1,46.63765802718265
2025-11-15 19:00:00,46.74182339301953,0.0,90.23,mid_peak,115.1,46.74182339301953
2025-11-15 20:00:00,46.26122753060374,0.0,90.85,mid_peak,115.1,46.26122753060374
2025-11-15 21:00:00,45.37290033975133,0.0,119.29,mid_peak,115.1,45.37290033975133
2025-11-15 22:00:00,45.35042085586414,0.0,90.23,off_peak,98.2,45.35042085586414
2025-11-15 23:00:00,44.58766871293327,0.0,90.66,off_peak,98.2,44.58766871293327
2025-11-16 00:00:00,42.135079505379146,0.0,89.56,off_peak,98.2,42.135079505379146
2025-11-16 01:00:00,40.36540151522552,0.0,82.52,off_peak,98.2,40.36540151522552
2025-11-16 02:00:00,39.20499505387643,0.0,71.74,off_peak,98.2,39.20499505387643
2025-11-16 03:00:00,38.767807850001425,0.0,76.69,off_peak,98.2,38.767807850001425
2025-11-16 04:00:00,38.962371658818135,0.0,71.74,off_peak,98.2,38.962371658818135
2025-11-16 05:00:00,39.75612998642099,0.0,84.9,off_peak,98.2,39.75612998642099
2025-11-16 06:00:00,40.74677758669095,0.0,85.98,off_peak,98.2,40.74677758669095
2025-11-16 07:00:00,40.8770035623133,0.0,81.99,off_peak,98.2,40.8770035623133
2025-11-16 08:00:00,39.21584721851163,0.8333999999999999,69.38,off_peak,98.2,38.38244721851163
2025-11-16 09:00:00,36.55706688288879,7.639500000000001,67.59,off_peak,98.2,28.91756688288879
2025-11-16 10:00:00,34.72537652339119,17.3625,67.59,off_peak,98.2,17.36287652339119
2025-11-16 11:00:00,33.146386568970286,23.8908,65.64,off_peak,98.2,9.255586568970287
2025-11-16 12:00:00,32.634009367265705,27.918899999999994,0.0,off_peak,98.2,4.715109367265711
2025-11-16 13:00:00,33.45257264260615,29.030099999999997,66.34,off_peak,98.2,4.422472642606152
2025-11-16 14:00:00,35.08349795635264,27.3633,67.59,off_peak,98.2,7.720197956352639
2025-11-16 15:00:00,38.38410631468559,21.9462,68.68,off_peak,98.2,16.437906314685588
2025-11-16 16:00:00,42.39863207509103,11.6676,80.6,off_peak,98.2,30.73103207509103
2025-11-16 17:00:00,45.49459961458888,3.1947,90.49,off_peak,98.2,42.29989961458888
2025-11-16 18:00:00,46.837942565502686,0.2778,90.49,off_peak,98.2,46.56014256550269
2025-11-16 19:00:00,46.68368679675955,0.0,90.49,off_peak,98.2,46.68368679675955
2025-11-16 20:00:00,46.21394309897896,0.0,90.49,off_peak,98.2,46.21394309897896
2025-11-16 21:00:00,45.24887560106338,0.0,90.49,off_peak,98.2,45.24887560106338
2025-11-16 22:00:00,44.424886243405346,0.0,90.49,off_peak,98.2,44.424886243405346
2025-11-16 23:00:00,43.363699573006606,0.0,90.49,off_peak,98.2,43.363699573006606
2025-11-17 00:00:00,41.068466752662815,0.0,113.24,off_peak,98.2,41.068466752662815
2025-11-17 01:00:00,39.4910271074755,0.0,72.29,off_peak,98.2,39.4910271074755
2025-11-17 02:00:00,38.65696073979907,0.0,72.29,off_peak,98.2,38.65696073979907
2025-11-17 03:00:00,38.5972738343055,0.0,72.29,off_peak,98.2,38.5972738343055
2025-11-17 04:00:00,39.22902484699722,0.0,72.29,off_peak,98.2,39.22902484699722
2025-11-17 05:00:00,41.07776860806441,0.0,72.29,off_peak,98.2,41.07776860806441
2025-11-17 06:00:00,44.64037922687565,0.0,88.55,off_peak,98.2,44.64037922687565
2025-11-17 07:00:00,49.397503110175165,0.0,106.9,off_peak,98.2,49.397503110175165
2025-11-17 08:00:00,52.767875384020094,0.9723,109.65,mid_peak,115.1,51.7955753840201
2025-11-17 09:00:00,51.550882635644626,6.2505,109.43,on_peak,144.5,45.300382635644624
2025-11-17 10:00:00,50.71449080411779,10.278599999999999,110.88,on_peak,144.5,40.43589080411779
2025-11-17 11:00:00,50.07111247217407,20.557199999999998,110.41,on_peak,144.5,29.513912472174074
2025-11-17 12:00:00,47.69913934476711,18.057,109.65,mid_peak,115.1,29.642139344767113
2025-11-17 13:00:00,50.76875162729377,22.7796,109.35,mid_peak,115.1,27.98915162729377
2025-11-17 14:00:00,52.278752820819506,25.279799999999998,109.41,mid_peak,115.1,26.998952820819508
2025-11-17 15:00:00,54.228266682070654,21.9462,124.53,mid_peak,115.1,32.28206668207065
2025-11-17 16:00:00,56.46148713307047,14.3067,109.65,on_peak,144.5,42.15478713307047
2025-11-17 17:00:00,57.7714984354619,5.556,109.6,on_peak,144.5,52.2154984354619
2025-11-17 18:00:00,57.3180329846341,0.2778,108.16,on_peak,144.5,57.0402329846341
2025-11-17 19:00:00,56.00569621839227,0.0,108.35,mid_peak,115.1,56.00569621839227
2025-11-17 20:00:00,54.149976065773885,0.0,124.7,mid_peak,115.1,54.149976065773885
2025-11-17 21:00:00,52.23689447151232,0.0,106.06,mid_peak,115.1,52.23689447151232
2025-11-17 22:00:00,51.41368026847108,0.0,106.06,off_peak,98.2,51.41368026847108
2025-11-17 23:00:00,50.19901298394601,0.0,104.52,off_peak,98.2,50.19901298394601
2025-11-18 00:00:00,47.19141307076333,0.0,105.99,off_peak,98.2,47.19141307076333
2025-11-18 01:00:00,45.40933260674091,0.0,88.37,off_peak,98.2,45.40933260674091
2025-11-18 02:00:00,44.46131851039493,0.0,85.65,off_peak,98.2,44.46131851039493
2025-11-18 03:00:00,44.120250479003076,0.0,85.65,off_peak,98.2,44.120250479003076
2025-11-18 04:00:00,44.599296032185265,0.0,85.65,off_peak,98.2,44.599296032185265
2025-11-18 05:00:00,46.19146361509177,0.0,90.13,off_peak,98.2,46.19146361509177
2025-11-18 06:00:00,49.39982857402556,0.0,103.43,off_peak,98.2,49.39982857402556
2025-11-18 07:00:00,53.68100752261009,0.0,106.94,off_peak,98.2,53.68100752261009
2025-11-18 08:00:00,57.169203298208565,1.389,122.7,mid_peak,115.1,55.78020329820856
2025-11-18 09:00:00,56.3878474444745,9.0285,122.71,on_peak,144.5,47.3593474444745
2025-11-18 10:00:00,53.98099235931156,18.195899999999998,107.57,on_peak,144.5,35.78509235931156
2025-11-18 11:00:00,50.62224740471863,24.8631,114.12,on_peak,144.5,25.75914740471863
2025-11-18 12:00:00,46.635627210517974,28.891199999999998,107.23,mid_peak,115.1,17.744427210517976
2025-11-18 13:00:00,49.59671784669268,30.002399999999998,107.56,mid_peak,115.1,19.59431784669268
2025-11-18 14:00:00,52.47021601116902,27.779999999999998,114.12,mid_peak,115.1,24.690216011169024
2025-11-18 15:00:00,55.42588056502613,22.5018,108.44,mid_peak,115.1,32.92408056502613
2025-11-18 16:00:00,58.19550801085131,13.7511,119.33,on_peak,144.5,44.44440801085131
2025-11-18 17:00:00,59.03810107931255,5.556,106.94,on_peak,144.5,53.48210107931255
2025-11-18 18:00:00,58.469137590581596,0.1389,106.94,on_peak,144.5,58.330237590581596
2025-11-18 19:00:00,57.157575978956565,0.0,106.94,mid_peak,115.1,57.157575978956565
2025-11-18 20:00:00,55.105741708287866,0.0,106.94,mid_peak,115.1,55.105741708287866
2025-11-18 21:00:00,53.194210423259904,0.0,106.94,mid_peak,115.1,53.194210423259904
2025-11-18 22:00:00,52.35161735479868,0.0,106.94,off_peak,98.2,52.35161735479868
2025-11-18 23:00:00,51.08889048403203,0.0,102.88,off_peak,98.2,51.08889048403203
2025-11-19 00:00:00,48.15880603252931,0.0,92.11,off_peak,98.2,48.15880603252931
2025-11-19 01:00:00,46.29378402450933,0.0,73.72,off_peak,98.2,46.29378402450933
2025-11-19 02:00:00,45.24112405489539,0.0,73.23,off_peak,98.2,45.24112405489539
2025-11-19 03:00:00,44.80393685102038,0.0,73.23,off_peak,98.2,44.80393685102038
2025-11-19 04:00:00,45.11632416159064,0.0,73.23,off_peak,98.2,45.11632416159064
2025-11-19 05:00:00,46.478270823307646,0.0,73.72,off_peak,98.2,46.478270823307646
2025-11-19 06:00:00,49.694387328409434,0.0,92.61,off_peak,98.2,49.694387328409434
2025-11-19 07:00:00,54.07091029486032,0.0,92.08,off_peak,98.2,54.07091029486032
2025-11-19 08:00:00,57.37074349857647,1.2501,123.66,mid_peak,115.1,56.12064349857647
2025-11-19 09:00:00,55.819659110360355,7.7784,110.8,on_peak,144.5,48.04125911036036
2025-11-19 10:00:00,53.18955949555911,16.9458,124.6,on_peak,144.5,36.24375949555911
2025-11-19 11:00:00,50.61294554931703,23.8908,110.8,on_peak,144.5,26.722145549317034
2025-11-19 12:00:00,47.56658790529437,28.3356,110.8,mid_peak,115.1,19.23098790529437
2025-11-19 13:00:00,50.28660545564438,29.169,110.8,mid_peak,115.1,21.117605455644377
2025-11-19 14:00:00,52.64617610918254,26.9466,110.8,mid_peak,115.1,25.69957610918254
2025-11-19 15:00:00,55.07706098746628,21.6684,110.8,mid_peak,115.1,33.408660987466284
2025-11-19 16:00:00,57.45446019719084,12.501,110.8,on_peak,144.5,44.95346019719084
2025-11-19 17:00:00,58.32108305877286,5.2782,110.8,on_peak,144.5,53.04288305877286
2025-11-19 18:00:00,57.67072833527794,0.2778,110.8,on_peak,144.5,57.392928335277944
2025-11-19 19:00:00,56.59093795407602,0.0,110.8,mid_peak,115.1,56.59093795407602
2025-11-19 20:00:00,54.85149099397758,0.0,110.8,mid_peak,115.1,54.85149099397758
2025-11-19 21:00:00,52.9647646566872,0.0,89.77,mid_peak,115.1,52.9647646566872
2025-11-19 22:00:00,52.2973565316227,0.0,89.44,off_peak,98.2,52.2973565316227
2025-11-19 23:00:00,51.09354141173282,0.0,104.13,off_peak,98.2,51.09354141173282
2025-11-20 00:00:00,48.1851612895005,0.0,85.53,off_peak,98.2,48.1851612895005
2025-11-20 01:00:00,46.20851701666136,0.0,73.24,off_peak,98.2,46.20851701666136
2025-11-20 02:00:00,45.07214034843306,0.0,73.24,off_peak,98.2,45.07214034843306
2025-11-20 03:00:00,44.438839026507736,0.0,73.24,off_peak,98.2,44.438839026507736
2025-11-20 04:00:00,44.68843881311723,0.0,73.24,off_peak,98.2,44.68843881311723
2025-11-20 05:00:00,46.06511341255343,0.0,73.46,off_peak,98.2,46.06511341255343
2025-11-20 06:00:00,49.00605002869134,0.0,89.22,off_peak,98.2,49.00605002869134
2025-11-20 07:00:00,53.24924640105268,0.0,90.13,off_peak,98.2,53.24924640105268
2025-11-20 08:00:00,57.029675467184624,0.5556,115.77,mid_peak,115.1,56.474075467184626
2025-11-20 09:00:00,55.92585529286191,3.6113999999999997,115.77,on_peak,144.5,52.31445529286191
2025-11-20 10:00:00,53.09964156001035,14.1678,115.77,on_peak,144.5,38.93184156001035
2025-11-20 11:00:00,50.74007090647218,22.0851,111.59,on_peak,144.5,28.654970906472176
2025-11-20 12:00:00,48.20454015492049,20.2794,105.87,mid_peak,115.1,27.925140154920488
2025-11-20 13:00:00,50.94083595222329,13.6122,111.58,mid_peak,115.1,37.32863595222329
2025-11-20 14:00:00,52.396576322573054,18.8904,111.58,mid_peak,115.1,33.506176322573054
2025-11-20 15:00:00,54.27012503137783,17.6403,123.29,mid_peak,115.1,36.629825031377834
2025-11-20 16:00:00,56.254520850384964,10.8342,111.59,on_peak,144.5,45.42032085038497
2025-11-20 17:00:00,57.12269402120059,5.0004,105.88,on_peak,144.5,52.12229402120059
2025-11-20 18:00:00,56.695583827343974,0.1389,105.88,on_peak,144.5,56.556683827343974
2025-11-20 19:00:00,55.64292385773003,0.0,89.7,mid_peak,115.1,55.64292385773003
2025-11-20 20:00:00,53.87014524910921,0.0,83.99,mid_peak,115.1,53.87014524910921
2025-11-20 21:00:00,52.143875917496366,0.0,73.46,mid_peak,115.1,52.143875917496366
2025-11-20 22:00:00,51.474917483198254,0.0,73.46,off_peak,98.2,51.474917483198254
2025-11-20 23:00:00,50.32303772263396,0.0,73.46,off_peak,98.2,50.32303772263396
2025-11-21 00:00:00,47.344118530272866,0.0,72.24,off_peak,98.2,47.344118530272866
2025-11-21 01:00:00,45.45739219298249,0.0,67.88,off_peak,98.2,45.45739219298249
2025-11-21 02:00:00,44.370625420229366,0.0,67.87,off_peak,98.2,44.370625420229366
2025-11-21 03:00:00,43.92801213403676,0.0,67.87,off_peak,98.2,43.92801213403676
2025-11-21 04:00:00,44.294660267783,0.0,67.87,off_peak,98.2,44.294660267783
2025-11-21 05:00:00,45.8969048607079,0.0,70.22,off_peak,98.2,45.8969048607079
2025-11-21 06:00:00,48.89442776387219,0.0,84.19,off_peak,98.2,48.89442776387219
2025-11-21 07:00:00,53.09731609615994,0.0,90.13,off_peak,98.2,53.09731609615994
2025-11-21 08:00:00,55.21116273617262,0.9723,94.29,mid_peak,115.1,54.23886273617262
2025-11-21 09:00:00,52.58338858522177,8.056199999999999,120.01,on_peak,144.5,44.52718858522177
2025-11-21 10:00:00,49.60834516594468,17.2236,112.02,on_peak,144.5,32.38474516594468
2025-11-21 11:00:00,46.93948782030344,24.0297,90.84,on_peak,144.5,22.909787820303443
2025-11-21 12:00:00,44.154357282142264,27.779999999999998,67.87,mid_peak,115.1,16.374357282142267
2025-11-21 13:00:00,46.95654122187304,28.891199999999998,90.26,mid_peak,115.1,18.06534122187304
2025-11-21 14:00:00,49.133175385846485,25.8354,90.64,mid_peak,115.1,23.297775385846485
2025-11-21 15:00:00,52.14465107211316,17.3625,90.84,mid_peak,115.1,34.782151072113166
2025-11-21 16:00:00,55.15457644914625,11.8065,90.84,on_peak,144.5,43.34807644914625
2025-11-21 17:00:00,55.913452818993115,1.389,90.84,on_peak,144.5,54.52445281899311
2025-11-21 18:00:00,55.138298202193454,0.1389,90.84,on_peak,144.5,54.999398202193454
2025-11-21 19:00:00,54.15695245732508,0.0,112.87,mid_peak,115.1,54.15695245732508
2025-11-21 20:00:00,52.71594002469451,0.0,89.48,mid_peak,115.1,52.71594002469451
2025-11-21 21:00:00,51.05633399012644,0.0,89.48,mid_peak,115.1,51.05633399012644
2025-11-21 22:00:00,50.57573812771065,0.0,89.48,off_peak,98.2,50.57573812771065
2025-11-21 23:00:00,49.53470547734871,0.0,89.48,off_peak,98.2,49.53470547734871
2025-11-22 00:00:00,46.681361332909155,0.0,110.59,off_peak,98.2,46.681361332909155
2025-11-22 01:00:00,44.541159435925294,0.0,74.91,off_peak,98.2,44.541159435925294
2025-11-22 02:00:00,43.518730496366544,0.0,70.88,off_peak,98.2,43.518730496366544
2025-11-22 03:00:00,42.94511607993479,0.0,75.12,off_peak,98.2,42.94511607993479
2025-11-22 04:00:00,42.97534710998998,0.0,70.88,off_peak,98.2,42.97534710998998
2025-11-22 05:00:00,43.67996265666087,0.0,86.49,off_peak,98.2,43.67996265666087
2025-11-22 06:00:00,44.91865973430673,0.0,91.96,off_peak,98.2,44.91865973430673
2025-11-22 07:00:00,45.68761311417199,0.0,91.96,off_peak,98.2,45.68761311417199
2025-11-22 08:00:00,44.67991211233243,0.8333999999999999,73.74,mid_peak,115.1,43.846512112332434
2025-11-22 09:00:00,41.87617786336806,5.0004,66.38,mid_peak,115.1,36.875777863368064
2025-11-22 10:00:00,39.56621710530507,5.556,65.78,mid_peak,115.1,34.010217105305074
2025-11-22 11:00:00,37.74615406505947,19.7238,64.1,mid_peak,115.1,18.02235406505947
2025-11-22 12:00:00,36.375680702557666,25.5576,0.0,mid_peak,115.1,10.818080702557666
2025-11-22 13:00:00,37.53841262775716,14.3067,64.1,mid_peak,115.1,23.23171262775716
2025-11-22 14:00:00,39.185616188456436,20.835,65.78,mid_peak,115.1,18.350616188456435
2025-11-22 15:00:00,42.15445837079914,21.1128,70.77,mid_peak,115.1,21.04165837079914
2025-11-22 16:00:00,45.158182510897824,12.639899999999999,109.75,mid_peak,115.1,32.518282510897826
2025-11-22 17:00:00,47.386752034196846,4.8614999999999995,91.28,mid_peak,115.1,42.525252034196846
2025-11-22 18:00:00,48.12547438400692,0.1389,109.63,mid_peak,115.1,47.98657438400692
2025-11-22 19:00:00,47.853395113510246,0.0,91.39,mid_peak,115.1,47.853395113510246
2025-11-22 20:00:00,47.28985770709689,0.0,91.39,mid_peak,115.1,47.28985770709689
2025-11-22 21:00:00,46.381376496207686,0.0,91.43,mid_peak,115.1,46.381376496207686
2025-11-22 22:00:00,46.24572443826775,0.0,91.51,off_peak,98.2,46.24572443826775
2025-11-22 23:00:00,45.592269096305635,0.0,91.28,off_peak,98.2,45.592269096305635
2025-11-23 00:00:00,43.063714736305144,0.0,89.64,off_peak,98.2,43.063714736305144
2025-11-23 01:00:00,41.225047985256346,0.0,73.64,off_peak,98.2,41.225047985256346
2025-11-23 02:00:00,40.09874832704644,0.0,73.64,off_peak,98.2,40.09874832704644
2025-11-23 03:00:00,39.65691019547063,0.0,73.64,off_peak,98.2,39.65691019547063
2025-11-23 04:00:00,39.77628400645778,0.0,73.64,off_peak,98.2,39.77628400645778
2025-11-23 05:00:00,40.51035542856706,0.0,73.64,off_peak,98.2,40.51035542856706
2025-11-23 06:00:00,41.53045890427541,0.0,73.64,off_peak,98.2,41.53045890427541
2025-11-23 07:00:00,41.81416549402409,0.0,73.64,off_peak,98.2,41.81416549402409
2025-11-23 08:00:00,40.79871294601653,0.8333999999999999,69.96,off_peak,98.2,39.96531294601653
2025-11-23 09:00:00,38.740677438413435,2.5002,64.55,off_peak,98.2,36.240477438413436
2025-11-23 10:00:00,36.90433615121504,4.8614999999999995,63.54,off_peak,98.2,32.04283615121504
2025-11-23 11:00:00,35.8361730892651,11.528699999999999,52.02,off_peak,98.2,24.307473089265102
2025-11-23 12:00:00,35.77648618377153,8.1951,56.78,off_peak,98.2,27.58138618377153
2025-11-23 13:00:00,36.46172286502243,5.9727,56.78,off_peak,98.2,30.48902286502243
2025-11-23 14:00:00,37.99497869705216,9.167399999999999,64.55,off_peak,98.2,28.82757869705216
2025-11-23 15:00:00,40.49020140853027,9.0285,67.82,off_peak,98.2,31.461701408530267
2025-11-23 16:00:00,43.581518020327316,7.3617,69.96,off_peak,98.2,36.21981802032732
2025-11-23 17:00:00,46.52245463646523,2.3613,73.43,off_peak,98.2,44.16115463646523
2025-11-23 18:00:00,47.447989248924024,0.1389,73.43,off_peak,98.2,47.309089248924025
2025-11-23 19:00:00,47.08909266134578,0.0,73.43,off_peak,98.2,47.08909266134578
2025-11-23 20:00:00,46.33099144611571,0.0,73.64,off_peak,98.2,46.33099144611571
2025-11-23 21:00:00,45.39150405055452,0.0,73.64,off_peak,98.2,45.39150405055452
2025-11-23 22:00:00,44.88300262193395,0.0,73.64,off_peak,98.2,44.88300262193395
2025-11-23 23:00:00,44.09079460356469,0.0,73.64,off_peak,98.2,44.09079460356469
2025-11-24 00:00:00,41.765330753165706,0.0,68.65,off_peak,98.2,41.765330753165706
2025-11-24 01:00:00,39.952244104471305,0.0,68.21,off_peak,98.2,39.952244104471305
2025-11-24 02:00:00,39.10810072677647,0.0,68.21,off_peak,98.2,39.10810072677647
2025-11-24 03:00:00,38.91043629949256,0.0,68.21,off_peak,98.2,38.91043629949256
2025-11-24 04:00:00,39.5057550451947,0.0,68.21,off_peak,98.2,39.5057550451947
2025-11-24 05:00:00,41.34984787856109,0.0,68.21,off_peak,98.2,41.34984787856109
2025-11-24 06:00:00,44.808587778721176,0.0,68.65,off_peak,98.2,44.808587778721176
2025-11-24 07:00:00,49.707564956895034,0.0,76.0,off_peak,98.2,49.707564956895034
2025-11-24 08:00:00,53.834488136736425,0.5556,108.17,mid_peak,115.1,53.27888813673643
2025-11-24 09:00:00,53.04538073683437,2.9169,105.37,on_peak,144.5,50.12848073683437
2025-11-24 10:00:00,50.64937781630662,3.8892,105.37,on_peak,144.5,46.760177816306616
2025-11-24 11:00:00,48.42700952994199,7.0839,109.01,on_peak,144.5,41.34310952994199
2025-11-24 12:00:00,45.74807517428236,7.5005999999999995,107.43,mid_peak,115.1,38.247475174282364
2025-11-24 13:00:00,48.424684066091594,10.9731,107.43,mid_peak,115.1,37.45158406609159
2025-11-24 14:00:00,50.402878648164325,15.140100000000002,76.85,mid_peak,115.1,35.26277864816432
2025-11-24 15:00:00,52.79500579560808,16.2513,105.37,mid_peak,115.1,36.543705795608076
2025-11-24 16:00:00,54.91272820870475,10.1397,105.37,on_peak,144.5,44.77302820870475
2025-11-24 17:00:00,55.78012622490357,3.7502999999999997,105.37,on_peak,144.5,52.029826224903566
2025-11-24 18:00:00,55.223565210041414,0.1389,105.37,on_peak,144.5,55.084665210041415
2025-11-24 19:00:00,54.14765060192349,0.0,105.37,mid_peak,115.1,54.14765060192349
2025-11-24 20:00:00,52.33533910784588,0.0,83.99,mid_peak,115.1,52.33533910784588
2025-11-24 21:00:00,50.62689833241943,0.0,76.85,mid_peak,115.1,50.62689833241943
2025-11-24 22:00:00,50.08506525527647,0.0,76.07,off_peak,98.2,50.08506525527647
2025-11-24 23:00:00,48.90760539235778,0.0,76.11,off_peak,98.2,48.90760539235778
2025-11-25 00:00:00,46.09301897875822,0.0,68.75,off_peak,98.2,46.09301897875822
2025-11-25 01:00:00,44.26597954696141,0.0,67.75,off_peak,98.2,44.26597954696141
2025-11-25 02:00:00,43.30013689442904,0.0,67.75,off_peak,98.2,43.30013689442904
2025-11-25 03:00:00,42.9303881422156,0.0,67.75,off_peak,98.2,42.9303881422156
2025-11-25 04:00:00,43.370675964557805,0.0,67.75,off_peak,98.2,43.370675964557805
2025-11-25 05:00:00,44.818664788739575,0.0,67.75,off_peak,98.2,44.818664788739575
2025-11-25 06:00:00,47.65805615007673,0.0,70.83,off_peak,98.2,47.65805615007673
2025-11-25 07:00:00,51.63537448887579,0.0,83.99,off_peak,98.2,51.63537448887579
2025-11-25 08:00:00,56.37854558907291,0.0,109.56,mid_peak,115.1,56.37854558907291
2025-11-25 09:00:00,57.5327508134876,2.6391,117.36,on_peak,144.5,54.893650813487604
2025-11-25 10:00:00,56.87154392535749,3.0558,119.36,on_peak,144.5,53.815743925357495
2025-11-25 11:00:00,55.0336523289255,4.4448,104.9,on_peak,144.5,50.5888523289255
2025-11-25 12:00:00,52.40277755950745,9.8619,104.9,mid_peak,115.1,42.54087755950745
2025-11-25 13:00:00,55.34836510334616,6.5283,104.9,mid_peak,115.1,48.82006510334616
2025-11-25 14:00:00,56.3994747637265,8.056199999999999,104.9,mid_peak,115.1,48.343274763726505
2025-11-25 15:00:00,57.23199082216934,3.1947,104.9,mid_peak,115.1,54.03729082216934
2025-11-25 16:00:00,58.27534893638168,1.1112,104.9,on_peak,144.5,57.164148936381686
2025-11-25 17:00:00,58.288526564867276,1.1112,104.9,on_peak,144.5,57.17732656486728
2025-11-25 18:00:00,57.082385981127004,0.1389,104.9,on_peak,144.5,56.943485981127004
2025-11-25 19:00:00,55.73904303021319,0.0,104.84,mid_peak,115.1,55.73904303021319
2025-11-25 20:00:00,53.642249791770105,0.0,76.41,mid_peak,115.1,53.642249791770105
2025-11-25 21:00:00,51.86947118314929,0.0,74.26,mid_peak,115.1,51.86947118314929
2025-11-25 22:00:00,51.25012264432635,0.0,76.41,off_peak,98.2,51.25012264432635
2025-11-25 23:00:00,49.96026536197172,0.0,75.55,off_peak,98.2,49.96026536197172
2025-11-26 00:00:00,47.035606992786605,0.0,71.23,off_peak,98.2,47.035606992786605
2025-11-26 01:00:00,45.118649625441044,0.0,67.71,off_peak,98.2,45.118649625441044
2025-11-26 02:00:00,44.059013264275904,0.0,67.71,off_peak,98.2,44.059013264275904
2025-11-26 03:00:00,43.6109738957657,0.0,67.71,off_peak,98.2,43.6109738957657
2025-11-26 04:00:00,44.04118470808951,0.0,67.71,off_peak,98.2,44.04118470808951
2025-11-26 05:00:00,45.52793126311126,0.0,68.09,off_peak,98.2,45.52793126311126
2025-11-26 06:00:00,48.46266664231478,0.0,75.15,off_peak,98.2,48.46266664231478
2025-11-26 07:00:00,52.822911361812864,0.0,92.71,off_peak,98.2,52.822911361812864
2025-11-26 08:00:00,56.1723544610042,0.6945,120.01,mid_peak,115.1,55.4778544610042
2025-11-26 09:00:00,54.89412449790156,6.3894,120.01,on_peak,144.5,48.504724497901556
2025-11-26 10:00:00,52.59036497677297,11.9454,104.92,on_peak,144.5,40.64496497677297
2025-11-26 11:00:00,50.430009059752315,17.3625,104.92,on_peak,144.5,33.06750905975231
2025-11-26 12:00:00,47.00770142658181,25.1409,0.0,mid_peak,115.1,21.866801426581812
2025-11-26 13:00:00,49.16418157051847,29.8635,89.96,mid_peak,115.1,19.300681570518474
2025-11-26 14:00:00,50.9183564683361,10.1397,89.96,mid_peak,115.1,40.7786564683361
2025-11-26 15:00:00,53.185683722475105,8.4729,89.96,mid_peak,115.1,44.71278372247511
2025-11-26 16:00:00,55.75919705024998,8.056199999999999,89.87,on_peak,144.5,47.702997050249984
2025-11-26 17:00:00,56.76612289747274,3.6113999999999997,89.96,on_peak,144.5,53.15472289747274
2025-11-26 18:00:00,56.23591713958177,0.1389,115.49,on_peak,144.5,56.09701713958177
2025-11-26 19:00:00,55.322009846374975,0.0,91.15,mid_peak,115.1,55.322009846374975
2025-11-26 20:00:00,53.52597659925016,0.0,91.15,mid_peak,115.1,53.52597659925016
2025-11-26 21:00:00,51.88342396625168,0.0,78.44,mid_peak,115.1,51.88342396625168
2025-11-26 22:00:00,51.30283315826873,0.0,78.44,off_peak,98.2,51.30283315826873
2025-11-26 23:00:00,50.171107417741226,0.0,78.44,off_peak,98.2,50.171107417741226
2025-11-27 00:00:00,47.323964510236074,0.0,75.15,off_peak,98.2,47.323964510236074
2025-11-27 01:00:00,45.55661198393285,0.0,72.29,off_peak,98.2,45.55661198393285
2025-11-27 02:00:00,44.35124655480938,0.0,72.29,off_peak,98.2,44.35124655480938
2025-11-27 03:00:00,43.687714202828865,0.0,72.29,off_peak,98.2,43.687714202828865
2025-11-27 04:00:00,44.03575862577191,0.0,72.29,off_peak,98.2,44.03575862577191
2025-11-27 05:00:00,45.59692002400643,0.0,72.29,off_peak,98.2,45.59692002400643
2025-11-27 06:00:00,48.446388395361986,0.0,75.54,off_peak,98.2,48.446388395361986
2025-11-27 07:00:00,52.774851775571285,0.0,88.15,off_peak,98.2,52.774851775571285
2025-11-27 08:00:00,56.99324320019504,0.1389,105.59,mid_peak,115.1,56.85434320019504
2025-11-27 09:00:00,57.43895710485484,1.5279,113.39,on_peak,144.5,55.91105710485484
2025-11-27 10:00:00,58.328059450324055,0.9723,116.57,on_peak,144.5,57.35575945032406
2025-11-27 11:00:00,57.25214484220613,0.9723,116.57,on_peak,144.5,56.27984484220613
2025-11-27 12:00:00,54.492594406399334,3.6113999999999997,105.01,mid_peak,115.1,50.88119440639933
2025-11-27 13:00:00,56.779300525958334,15.834599999999998,100.07,mid_peak,115.1,40.94470052595834
2025-11-27 14:00:00,57.305630510765305,4.7226,93.91,mid_peak,115.1,52.583030510765305
2025-11-27 15:00:00,58.17845460928172,2.2224,90.3,mid_peak,115.1,55.95605460928172
2025-11-27 16:00:00,58.86911737285022,4.167,90.3,on_peak,144.5,54.70211737285022
2025-11-27 17:00:00,58.83113479662703,3.0558,89.87,on_peak,144.5,55.775334796627035
2025-11-27 18:00:00,57.5436029781228,0.1389,106.49,on_peak,144.5,57.4047029781228
2025-11-27 19:00:00,56.15452590481781,0.0,106.49,mid_peak,115.1,56.15452590481781
2025-11-27 20:00:00,54.111993489550706,0.0,106.49,mid_peak,115.1,54.111993489550706
2025-11-27 21:00:00,52.49114518582261,0.0,82.01,mid_peak,115.1,52.49114518582261
2025-11-27 22:00:00,51.81443520535651,0.0,82.54,off_peak,98.2,51.81443520535651
2025-11-27 23:00:00,50.59434183851384,0.0,78.14,off_peak,98.2,50.59434183851384
2025-11-28 00:00:00,47.66658285086152,0.0,86.57,off_peak,98.2,47.66658285086152
2025-11-28 01:00:00,45.82869125442953,0.0,72.37,off_peak,98.2,45.82869125442953
2025-11-28 02:00:00,44.72254561625641,0.0,72.37,off_peak,98.2,44.72254561625641
2025-11-28 03:00:00,44.27605655697981,0.0,72.37,off_peak,98.2,44.27605655697981
2025-11-28 04:00:00,44.585343249082875,0.0,72.37,off_peak,98.2,44.585343249082875
2025-11-28 05:00:00,46.06666372178702,0.0,73.06,off_peak,98.2,46.06666372178702
2025-11-28 06:00:00,49.24634795989923,0.0,89.47,off_peak,98.2,49.24634795989923
2025-11-28 07:00:00,53.57868711319254,0.0,106.03,off_peak,98.2,53.57868711319254
2025-11-28 08:00:00,56.590162799459215,0.5556,117.02,mid_peak,115.1,56.034562799459216
2025-11-28 09:00:00,54.56313347652811,6.667199999999999,112.87,on_peak,144.5,47.89593347652811
2025-11-28 10:00:00,51.23384439737356,15.973499999999998,112.9,on_peak,144.5,35.26034439737356
2025-11-28 11:00:00,48.34406798594443,22.6407,90.55,on_peak,144.5,25.70336798594443
2025-11-28 12:00:00,45.13492787239383,26.9466,89.53,mid_peak,115.1,18.18832787239383
2025-11-28 13:00:00,47.641002748507134,28.196699999999996,106.0,mid_peak,115.1,19.444302748507138
2025-11-28 14:00:00,49.740121450800615,26.2521,109.23,mid_peak,115.1,23.488021450800616
2025-11-28 15:00:00,52.90817836966083,20.696099999999998,105.95,mid_peak,115.1,32.21207836966083
2025-11-28 16:00:00,55.99406889914028,12.7788,117.02,on_peak,144.5,43.215268899140284
2025-11-28 17:00:00,57.01184691099823,4.8614999999999995,109.23,on_peak,144.5,52.15034691099823
2025-11-28 18:00:00,56.000270136074676,0.1389,109.23,on_peak,144.5,55.861370136074676
2025-11-28 19:00:00,55.09101377056867,0.0,109.23,mid_peak,115.1,55.09101377056867
2025-11-28 20:00:00,53.47791701300858,0.0,109.23,mid_peak,115.1,53.47791701300858
2025-11-28 21:00:00,51.8299382976925,0.0,101.43,mid_peak,115.1,51.8299382976925
2025-11-28 22:00:00,51.51987645097264,0.0,101.43,off_peak,98.2,51.51987645097264
2025-11-28 23:00:00,50.74937276187377,0.0,101.43,off_peak,98.2,50.74937276187377
2025-11-29 00:00:00,47.9518397498438,0.0,101.74,off_peak,98.2,47.9518397498438
2025-11-29 01:00:00,45.87132475835351,0.0,84.05,off_peak,98.2,45.87132475835351
2025-11-29 02:00:00,44.57914201214848,0.0,71.04,off_peak,98.2,44.57914201214848
2025-11-29 03:00:00,43.895455640131175,0.0,76.54,off_peak,98.2,43.895455640131175
2025-11-29 04:00:00,43.95824316409195,0.0,78.03,off_peak,98.2,43.95824316409195
2025-11-29 05:00:00,44.656657473828446,0.0,84.05,off_peak,98.2,44.656657473828446
2025-11-29 06:00:00,45.890703623773504,0.0,91.96,off_peak,98.2,45.890703623773504
2025-11-29 07:00:00,46.84026802935308,0.0,91.96,off_peak,98.2,46.84026802935308
2025-11-29 08:00:00,45.9031060976423,0.5556,84.05,mid_peak,115.1,45.3475060976423
2025-11-29 09:00:00,43.21331957734748,5.9727,67.96,mid_peak,115.1,37.24061957734747
2025-11-29 10:00:00,40.96924696171246,13.6122,67.96,mid_peak,115.1,27.357046961712456
2025-11-29 11:00:00,39.195693198474835,14.8623,66.67,mid_peak,115.1,24.333393198474838
2025-11-29 12:00:00,37.92211416307299,17.084699999999998,0.0,mid_peak,115.1,20.837414163072992
2025-11-29 13:00:00,38.87167856865258,9.4452,65.62,mid_peak,115.1,29.426478568652577
2025-11-29 14:00:00,40.51578151088466,10.5564,67.96,mid_peak,115.1,29.959381510884658
2025-11-29 15:00:00,43.31563998676503,6.1116,82.37,mid_peak,115.1,37.204039986765025
2025-11-29 16:00:00,46.10852207109421,3.1947,91.15,mid_peak,115.1,42.91382207109421
2025-11-29 17:00:00,48.092142735484536,1.2501,91.23,mid_peak,115.1,46.84204273548453
2025-11-29 18:00:00,48.43088530302599,0.0,91.23,mid_peak,115.1,48.43088530302599
2025-11-29 19:00:00,47.9495142859934,0.0,92.98,mid_peak,115.1,47.9495142859934
2025-11-29 20:00:00,47.16118204070815,0.0,92.98,mid_peak,115.1,47.16118204070815
2025-11-29 21:00:00,46.20464124357736,0.0,91.52,mid_peak,115.1,46.20464124357736
2025-11-29 22:00:00,46.088368051057415,0.0,91.28,off_peak,98.2,46.088368051057415
2025-11-29 23:00:00,45.64110383716401,0.0,91.53,off_peak,98.2,45.64110383716401
2025-11-30 00:00:00,43.08309360172513,0.0,70.88,off_peak,98.2,43.08309360172513
2025-11-30 01:00:00,41.112650565820395,0.0,69.05,off_peak,98.2,41.112650565820395
2025-11-30 02:00:00,40.022008019983275,0.0,67.96,off_peak,98.2,40.022008019983275
2025-11-30 03:00:00,39.51505690059629,0.0,67.79,off_peak,98.2,39.51505690059629
2025-11-30 04:00:00,39.59179720765946,0.0,67.79,off_peak,98.2,39.59179720765946
2025-11-30 05:00:00,40.43981635843829,0.0,67.95,off_peak,98.2,40.43981635843829
2025-11-30 06:00:00,41.438215504876254,0.0,69.05,off_peak,98.2,41.438215504876254
2025-11-30 07:00:00,41.80331332938889,0.0,69.05,off_peak,98.2,41.80331332938889
2025-11-30 08:00:00,40.96537118862846,0.41669999999999996,67.79,off_peak,98.2,40.54867118862846
2025-11-30 09:00:00,38.601149607389495,3.7502999999999997,67.21,off_peak,98.2,34.85084960738949
2025-11-30 10:00:00,36.701245641613525,11.112,67.02,off_peak,98.2,25.589245641613523
2025-11-30 11:00:00,34.98040239231828,13.334399999999999,66.27,off_peak,98.2,21.646002392318284
2025-11-30 12:00:00,34.15408757080984,8.7507,65.62,off_peak,98.2,25.40338757080984
2025-11-30 13:00:00,34.83777394282714,20.9739,65.62,off_peak,98.2,13.86387394282714
2025-11-30 14:00:00,36.80434120564788,14.8623,67.02,off_peak,98.2,21.942041205647882
2025-11-30 15:00:00,40.10184894551364,13.4733,67.4,off_peak,98.2,26.628548945513636
2025-11-30 16:00:00,43.20401772194588,6.667199999999999,69.05,off_peak,98.2,36.53681772194588
2025-11-30 17:00:00,46.08294196873982,3.3335999999999997,69.05,off_peak,98.2,42.74934196873982
2025-11-30 18:00:00,46.8201140093163,0.1389,69.05,off_peak,98.2,46.6812140093163
2025-11-30 19:00:00,46.53330680110042,0.0,69.05,off_peak,98.2,46.53330680110042
2025-11-30 20:00:00,46.03798300096544,0.0,71.52,off_peak,98.2,46.03798300096544
2025-11-30 21:00:00,45.31708920734175,0.0,71.52,off_peak,98.2,45.31708920734175
2025-11-30 22:00:00,44.88765354963474,0.0,71.52,off_peak,98.2,44.88765354963474
2025-11-30 23:00:00,43.89313017628078,0.0,71.52,off_peak,98.2,43.89313017628078
2025-12-01 00:00:00,41.57851849051699,0.0,70.53,off_peak,98.2,41.57851849051699
2025-12-01 01:00:00,39.88635596204333,0.0,68.64,off_peak,98.2,39.88635596204333
2025-12-01 02:00:00,38.922838773361356,0.0,68.64,off_peak,98.2,38.922838773361356
2025-12-01 03:00:00,38.78098547848702,0.0,68.64,off_peak,98.2,38.78098547848702
2025-12-01 04:00:00,39.52823452908189,0.0,68.64,off_peak,98.2,39.52823452908189
2025-12-01 05:00:00,41.49247632805223,0.0,69.46,off_peak,98.2,41.49247632805223
2025-12-01 06:00:00,45.168259520916216,0.0,70.53,off_peak,98.2,45.168259520916216
2025-12-01 07:00:00,50.55868472614106,0.0,92.27,off_peak,98.2,50.55868472614106
2025-12-01 08:00:00,54.836763056258384,0.5556,115.65,mid_peak,115.1,54.281163056258386
2025-12-01 09:00:00,53.36551959357263,6.3894,119.21,on_peak,144.5,46.976119593572626
2025-12-01 10:00:00,50.61992194086823,15.140100000000002,119.21,on_peak,144.5,35.47982194086823
2025-12-01 11:00:00,47.944088203675804,22.224,93.63,on_peak,144.5,25.720088203675804
2025-12-01 12:00:00,44.748900873227605,26.8077,72.42,mid_peak,115.1,17.941200873227604
2025-12-01 13:00:00,47.33094090178727,28.0578,111.27,mid_peak,115.1,19.273140901787272
2025-12-01 14:00:00,49.82306299479818,26.2521,95.38,mid_peak,115.1,23.57096299479818
2025-12-01 15:00:00,53.137624136233526,20.9739,111.27,mid_peak,115.1,32.163724136233526
2025-12-01 16:00:00,56.52272434779765,12.639899999999999,119.21,on_peak,144.5,43.88282434779765
2025-12-01 17:00:00,57.67615441759554,4.7226,119.21,on_peak,144.5,52.95355441759554
2025-12-01 18:00:00,56.92270413006627,0.1389,119.21,on_peak,144.5,56.78380413006627
2025-12-01 19:00:00,55.86771869660193,0.0,119.21,mid_peak,115.1,55.86771869660193
2025-12-01 20:00:00,53.93293277306998,0.0,119.21,mid_peak,115.1,53.93293277306998
2025-12-01 21:00:00,52.305883232407496,0.0,79.03,mid_peak,115.1,52.305883232407496
2025-12-01 22:00:00,51.62529747885739,0.0,79.03,off_peak,98.2,51.62529747885739
2025-12-01 23:00:00,50.63697534243782,0.0,79.03,off_peak,98.2,50.63697534243782
2025-12-02 00:00:00,47.58906738918156,0.0,73.53,off_peak,98.2,47.58906738918156
2025-12-02 01:00:00,45.80078568822474,0.0,73.53,off_peak,98.2,45.80078568822474
2025-12-02 02:00:00,44.7558772647788,0.0,68.96,off_peak,98.2,44.7558772647788
2025-12-02 03:00:00,44.331867689389384,0.0,68.96,off_peak,98.2,44.331867689389384
2025-12-02 04:00:00,44.76983004788119,0.0,68.96,off_peak,98.2,44.76983004788119
2025-12-02 05:00:00,46.26355299445414,0.0,73.53,off_peak,98.2,46.26355299445414
2025-12-02 06:00:00,49.334715586214394,0.0,73.53,off_peak,98.2,49.334715586214394
2025-12-02 07:00:00,54.10501709799951,0.0,113.4,off_peak,98.2,54.10501709799951
2025-12-02 08:00:00,58.37611903656563,0.2778,114.34,mid_peak,115.1,58.098319036565634
2025-12-02 09:00:00,56.934331449318265,5.6949,114.34,on_peak,144.5,51.23943144931827
2025-12-02 10:00:00,53.767824839691656,13.0566,114.34,on_peak,144.5,40.71122483969165
2025-12-02 11:00:00,51.230743778906366,20.696099999999998,114.34,on_peak,144.5,30.534643778906368
2025-12-02 12:00:00,48.77815457135224,23.7519,113.4,mid_peak,115.1,25.02625457135224
2025-12-02 13:00:00,52.01054932340682,21.1128,114.4,mid_peak,115.1,30.89774932340682
2025-12-02 14:00:00,54.228266682070654,20.9739,114.4,mid_peak,115.1,33.25436668207065
2025-12-02 15:00:00,56.934331449318265,20.1405,113.4,mid_peak,115.1,36.79383144931826
2025-12-02 16:00:00,59.81015507764501,10.9731,113.4,on_peak,144.5,48.837055077645005
2025-12-02 17:00:00,60.7294884531694,4.7226,113.4,on_peak,144.5,56.0068884531694
2025-12-02 18:00:00,59.815581159962605,0.1389,113.4,on_peak,144.5,59.676681159962605
2025-12-02 19:00:00,58.302479347969665,0.0,114.34,mid_peak,115.1,58.302479347969665
2025-12-02 20:00:00,56.46148713307047,0.0,114.34,mid_peak,115.1,56.46148713307047
2025-12-02 21:00:00,54.43678327398976,0.0,106.39,mid_peak,115.1,54.43678327398976
2025-12-02 22:00:00,54.02440101785234,0.0,85.67,off_peak,98.2,54.02440101785234
2025-12-02 23:00:00,52.91205414274483,0.0,75.39,off_peak,98.2,52.91205414274483
2025-12-03 00:00:00,49.947862888102925,0.0,78.95,off_peak,98.2,49.947862888102925
2025-12-03 01:00:00,48.04563345847656,0.0,73.27,off_peak,98.2,48.04563345847656
2025-12-03 02:00:00,46.99064802501222,0.0,73.27,off_peak,98.2,46.99064802501222
2025-12-03 03:00:00,46.5712893773236,0.0,73.27,off_peak,98.2,46.5712893773236
2025-12-03 04:00:00,46.904605862547456,0.0,73.27,off_peak,98.2,46.904605862547456
2025-12-03 05:00:00,48.504524991621956,0.0,73.27,off_peak,98.2,48.504524991621956
2025-12-03 06:00:00,51.76715077373173,0.0,73.27,off_peak,98.2,51.76715077373173
2025-12-03 07:00:00,56.95603577858866,0.0,107.38,off_peak,98.2,56.95603577858866
2025-12-03 08:00:00,61.255043283359576,0.41669999999999996,112.89,mid_peak,115.1,60.83834328335958
2025-12-03 09:00:00,60.26284537385601,5.2782,112.82,on_peak,144.5,54.98464537385601
2025-12-03 10:00:00,57.57615947202839,10.278599999999999,112.84,on_peak,144.5,47.29755947202839
2025-12-03 11:00:00,54.91272820870475,20.557199999999998,109.38,on_peak,144.5,34.355528208704754
2025-12-03 12:00:00,52.481843330421015,25.8354,108.33,mid_peak,115.1,26.646443330421015
2025-12-03 13:00:00,55.79872993570677,28.196699999999996,111.98,mid_peak,115.1,27.60202993570677
2025-12-03 14:00:00,57.59321287359798,26.391,112.84,mid_peak,115.1,31.20221287359798
2025-12-03 15:00:00,60.60313825063106,21.2517,123.62,mid_peak,115.1,39.35143825063106
2025-12-03 16:00:00,63.79134918952806,13.0566,112.84,on_peak,144.5,50.73474918952806
2025-12-03 17:00:00,64.07195516080954,5.0004,112.84,on_peak,144.5,59.07155516080954
2025-12-03 18:00:00,62.62086571816057,0.0,112.84,on_peak,144.5,62.62086571816057
2025-12-03 19:00:00,61.01086957906768,0.0,112.84,mid_peak,115.1,61.01086957906768
2025-12-03 20:00:00,58.76989758189986,0.0,112.84,mid_peak,115.1,58.76989758189986
2025-12-03 21:00:00,56.69635898196077,0.0,107.38,mid_peak,115.1,56.69635898196077
2025-12-03 22:00:00,55.96848879678589,0.0,87.02,off_peak,98.2,55.96848879678589
2025-12-03 23:00:00,54.90187604406955,0.0,107.25,off_peak,98.2,54.90187604406955
2025-12-04 00:00:00,52.00202262262203,0.0,74.55,off_peak,98.2,52.00202262262203
2025-12-04 01:00:00,50.12537329535005,0.0,73.27,off_peak,98.2,50.12537329535005
2025-12-04 02:00:00,48.831640239911415,0.0,73.27,off_peak,98.2,48.831640239911415
2025-12-04 03:00:00,48.371973552149214,0.0,73.27,off_peak,98.2,48.371973552149214
2025-12-04 04:00:00,48.664981997299485,0.0,73.27,off_peak,98.2,48.664981997299485
2025-12-04 05:00:00,50.171107417741226,0.0,73.27,off_peak,98.2,50.171107417741226
2025-12-04 06:00:00,53.40582763364621,0.0,74.55,off_peak,98.2,53.40582763364621
2025-12-04 07:00:00,58.70168397562149,0.0,113.54,off_peak,98.2,58.70168397562149
2025-12-04 08:00:00,63.50764259977939,0.41669999999999996,114.67,mid_peak,115.1,63.09094259977939
2025-12-04 09:00:00,62.480562732519836,6.2505,126.61,on_peak,144.5,56.23006273251983
2025-12-04 10:00:00,59.837285489233,15.279000000000002,114.57,on_peak,144.5,44.55828548923299
2025-12-04 11:00:00,56.571559088656024,21.9462,114.31,on_peak,144.5,34.625359088656026
2025-12-04 12:00:00,52.856243010335255,26.2521,91.91,mid_peak,115.1,26.604143010335257
2025-12-04 13:00:00,55.39487438035414,27.641099999999998,93.4,mid_peak,115.1,27.75377438035414
2025-12-04 14:00:00,57.63894699598916,25.5576,93.4,mid_peak,115.1,32.08134699598916
2025-12-04 15:00:00,60.24734228152001,20.696099999999998,116.85,mid_peak,115.1,39.55124228152002
2025-12-04 16:00:00,63.037898901998794,13.334399999999999,116.69,on_peak,144.5,49.7034989019988
2025-12-04 17:00:00,63.67585115162491,3.1947,116.66,on_peak,144.5,60.481151151624914
2025-12-04 18:00:00,62.213134389723955,0.1389,113.89,on_peak,144.5,62.074234389723955
2025-12-04 19:00:00,60.475237738859114,0.0,113.9,mid_peak,115.1,60.475237738859114
2025-12-04 20:00:00,58.09241244681696,0.0,93.04,mid_peak,115.1,58.09241244681696
2025-12-04 21:00:00,55.976240342953886,0.0,74.85,mid_peak,115.1,55.976240342953886
2025-12-04 22:00:00,55.19410933460303,0.0,77.78,off_peak,98.2,55.19410933460303
2025-12-04 23:00:00,54.32283554532021,0.0,77.78,off_peak,98.2,54.32283554532021
2025-12-05 00:00:00,51.42995851542388,0.0,74.94,off_peak,98.2,51.42995851542388
2025-12-05 01:00:00,49.59904331054308,0.0,73.31,off_peak,98.2,49.59904331054308
2025-12-05 02:00:00,48.46654241539878,0.0,73.31,off_peak,98.2,48.46654241539878
2025-12-05 03:00:00,48.02702974767337,0.0,73.31,off_peak,98.2,48.02702974767337
2025-12-05 04:00:00,48.29600839970285,0.0,73.31,off_peak,98.2,48.29600839970285
2025-12-05 05:00:00,49.733145059249416,0.0,73.54,off_peak,98.2,49.733145059249416
2025-12-05 06:00:00,52.924456616613625,0.0,76.78,off_peak,98.2,52.924456616613625
2025-12-05 07:00:00,57.969938017362615,0.0,113.81,off_peak,98.2,57.969938017362615
2025-12-05 08:00:00,62.77434633228691,0.41669999999999996,115.9,mid_peak,115.1,62.35764633228691
2025-12-05 09:00:00,62.090659960269605,5.0004,115.9,on_peak,144.5,57.090259960269606
2025-12-05 10:00:00,59.57373291952111,7.3617,115.2,on_peak,144.5,52.212032919521114
2025-12-05 11:00:00,56.58938764484242,12.501,111.09,on_peak,144.5,44.08838764484242
2025-12-05 12:00:00,52.58726435830577,18.195899999999998,100.88,mid_peak,115.1,34.391364358305765
2025-12-05 13:00:00,54.44841059324175,30.9747,92.39,mid_peak,115.1,23.473710593241755
2025-12-05 14:00:00,56.12972095708022,27.5022,93.75,mid_peak,115.1,28.62752095708022
2025-12-05 15:00:00,58.837336033561435,21.6684,100.88,mid_peak,115.1,37.16893603356144
2025-12-05 16:00:00,61.6550230656282,13.0566,112.43,on_peak,144.5,48.5984230656282
2025-12-05 17:00:00,62.13949470112799,5.2782,112.43,on_peak,144.5,56.86129470112799
2025-12-05 18:00:00,60.613215260649454,0.0,116.76,on_peak,144.5,60.613215260649454
2025-12-05 19:00:00,59.22646365119486,0.0,112.23,mid_peak,115.1,59.22646365119486
2025-12-05 20:00:00,57.3102814384661,0.0,116.97,mid_peak,115.1,57.3102814384661
2025-12-05 21:00:00,55.55765684988207,0.0,92.39,mid_peak,115.1,55.55765684988207
2025-12-05 22:00:00,54.89567480713516,0.0,93.6,off_peak,98.2,54.89567480713516
2025-12-05 23:00:00,54.018199780917946,0.0,91.03,off_peak,98.2,54.018199780917946
2025-12-06 00:00:00,50.99199615693207,0.0,107.02,off_peak,98.2,50.99199615693207
2025-12-06 01:00:00,48.88512590847059,0.0,107.02,off_peak,98.2,48.88512590847059
2025-12-06 02:00:00,47.61154687306875,0.0,90.44,off_peak,98.2,47.61154687306875
2025-12-06 03:00:00,46.88057606942667,0.0,78.17,off_peak,98.2,46.88057606942667
2025-12-06 04:00:00,46.816238236232294,0.0,91.99,off_peak,98.2,46.816238236232294
2025-12-06 05:00:00,47.386752034196846,0.0,91.99,off_peak,98.2,47.386752034196846
2025-12-06 06:00:00,48.67273354346749,0.0,87.98,off_peak,98.2,48.67273354346749
2025-12-06 07:00:00,49.87732381797416,0.0,93.15,off_peak,98.2,49.87732381797416
2025-12-06 08:00:00,49.68120969992384,0.41669999999999996,93.15,mid_peak,115.1,49.26450969992384
2025-12-06 09:00:00,47.275904923994496,3.8892,76.26,mid_peak,115.1,43.38670492399449
2025-12-06 10:00:00,45.57676600396964,8.7507,140.21,mid_peak,115.1,36.826066003969636
2025-12-06 11:00:00,44.2861335669982,11.112,132.28,mid_peak,115.1,33.1741335669982
2025-12-06 12:00:00,43.23037297891707,3.8892,6.28,mid_peak,115.1,39.341172978917065
2025-12-06 13:00:00,44.90858272428833,5.556,68.21,mid_peak,115.1,39.35258272428833
2025-12-06 14:00:00,46.67593525059156,4.7226,71.68,mid_peak,115.1,41.95333525059156
2025-12-06 15:00:00,48.416157365306795,2.9169,74.12,mid_peak,115.1,45.499257365306796
2025-12-06 16:00:00,50.140101233069245,1.1112,90.59,mid_peak,115.1,49.02890123306925
2025-12-06 17:00:00,51.50282304940305,0.41669999999999996,93.15,mid_peak,115.1,51.08612304940305
2025-12-06 18:00:00,51.85164262696289,0.0,93.15,mid_peak,115.1,51.85164262696289
2025-12-06 19:00:00,51.24934748970956,0.0,93.15,mid_peak,115.1,51.24934748970956
2025-12-06 20:00:00,50.34086627882036,0.0,93.15,mid_peak,115.1,50.34086627882036
2025-12-06 21:00:00,49.269602598403225,0.0,93.15,mid_peak,115.1,49.269602598403225
2025-12-06 22:00:00,49.11844744812729,0.0,93.15,off_peak,98.2,49.11844744812729
2025-12-06 23:00:00,48.65180436881389,0.0,106.83,off_peak,98.2,48.65180436881389
2025-12-07 00:00:00,46.253475984435745,0.0,72.47,off_peak,98.2,46.253475984435745
2025-12-07 01:00:00,44.33031738015578,0.0,70.62,off_peak,98.2,44.33031738015578
2025-12-07 02:00:00,43.10169731252832,0.0,70.62,off_peak,98.2,43.10169731252832
2025-12-07 03:00:00,42.22034651322711,0.0,70.62,off_peak,98.2,42.22034651322711
2025-12-07 04:00:00,42.089345382987965,0.0,70.62,off_peak,98.2,42.089345382987965
2025-12-07 05:00:00,42.73427402416529,0.0,72.71,off_peak,98.2,42.73427402416529
2025-12-07 06:00:00,43.76290420065843,0.0,76.44,off_peak,98.2,43.76290420065843
2025-12-07 07:00:00,44.47992222119812,0.0,76.44,off_peak,98.2,44.47992222119812
2025-12-07 08:00:00,43.990799657997535,0.2778,76.44,off_peak,98.2,43.712999657997536
2025-12-07 09:00:00,41.84284621484568,4.8614999999999995,74.1,off_peak,98.2,36.98134621484568
2025-12-07 10:00:00,40.03518564846887,11.6676,72.71,off_peak,98.2,28.367585648468868
2025-12-07 11:00:00,38.3562007484808,19.1682,66.92,off_peak,98.2,19.188000748480803
2025-12-07 12:00:00,37.87793034991541,23.1963,58.76,off_peak,98.2,14.681630349915409
2025-12-07 13:00:00,38.62905517359428,23.4741,0.0,off_peak,98.2,15.154955173594281
2025-12-07 14:00:00,40.4134611014671,21.1128,66.38,off_peak,98.2,19.3006611014671
2025-12-07 15:00:00,43.20556803117948,13.4733,66.92,off_peak,98.2,29.73226803117948
2025-12-07 16:00:00,46.02635568171344,5.1392999999999995,86.6,off_peak,98.2,40.88705568171344
2025-12-07 17:00:00,48.82233838450982,2.0835,86.7,off_peak,98.2,46.73883838450982
2025-12-07 18:00:00,49.50679991114392,0.1389,94.43,off_peak,98.2,49.36789991114392
2025-12-07 19:00:00,48.968067452468155,0.0,94.43,off_peak,98.2,48.968067452468155
2025-12-07 20:00:00,48.36732262444842,0.0,94.43,off_peak,98.2,48.36732262444842
2025-12-07 21:00:00,47.44411347584002,0.0,94.43,off_peak,98.2,47.44411347584002
2025-12-07 22:00:00,46.967393386508235,0.0,94.43,off_peak,98.2,46.967393386508235
2025-12-07 23:00:00,46.13642763729899,0.0,94.43,off_peak,98.2,46.13642763729899
2025-12-08 00:00:00,43.92026058786877,0.0,77.28,off_peak,98.2,43.92026058786877
2025-12-08 01:00:00,42.09322115607196,0.0,68.97,off_peak,98.2,42.09322115607196
2025-12-08 02:00:00,41.17621324439797,0.0,68.97,off_peak,98.2,41.17621324439797
2025-12-08 03:00:00,40.90723459236848,0.0,68.97,off_peak,98.2,40.90723459236848
2025-12-08 04:00:00,41.676963126850545,0.0,68.97,off_peak,98.2,41.676963126850545
2025-12-08 05:00:00,43.6257018334849,0.0,71.33,off_peak,98.2,43.6257018334849
2025-12-08 06:00:00,47.56813821452797,0.0,72.79,off_peak,98.2,47.56813821452797
2025-12-08 07:00:00,53.50504742459657,0.0,79.56,off_peak,98.2,53.50504742459657
2025-12-08 08:00:00,59.013296131574954,0.2778,120.73,mid_peak,115.1,58.735496131574955
2025-12-08 09:00:00,57.93350575037303,5.8338,117.93,on_peak,144.5,52.09970575037303
2025-12-08 10:00:00,54.75614697611122,14.7234,93.36,on_peak,144.5,40.03274697611122
2025-12-08 11:00:00,51.762499846030934,21.807299999999998,112.78,on_peak,144.5,29.955199846030936
2025-12-08 12:00:00,48.56033612403154,26.2521,96.9,mid_peak,115.1,22.308236124031538
2025-12-08 13:00:00,51.22376738735517,27.641099999999998,112.78,mid_peak,115.1,23.58266738735517
2025-12-08 14:00:00,53.63217278175171,25.6965,120.73,mid_peak,115.1,27.935672781751713
2025-12-08 15:00:00,56.79402846367753,20.696099999999998,98.24,mid_peak,115.1,36.09792846367753
2025-12-08 16:00:00,60.158199500588054,13.1955,120.73,on_peak,144.5,46.96269950058806
2025-12-08 17:00:00,61.14884710085802,5.2782,112.78,on_peak,144.5,55.87064710085802
2025-12-08 18:00:00,59.98689033027533,0.1389,112.78,on_peak,144.5,59.84799033027533
2025-12-08 19:00:00,58.62416851394153,0.0,112.78,mid_peak,115.1,58.62416851394153
2025-12-08 20:00:00,56.48784239004166,0.0,104.84,mid_peak,115.1,56.48784239004166
2025-12-08 21:00:00,54.5592577034441,0.0,96.9,mid_peak,115.1,54.5592577034441
2025-12-08 22:00:00,53.998045760881155,0.0,104.84,off_peak,98.2,53.998045760881155
2025-12-08 23:00:00,52.9802677490232,0.0,104.84,off_peak,98.2,52.9802677490232
2025-12-09 00:00:00,50.0091001028301,0.0,73.38,off_peak,98.2,50.0091001028301
2025-12-09 01:00:00,48.233996030358874,0.0,73.38,off_peak,98.2,48.233996030358874
2025-12-09 02:00:00,47.163507504558545,0.0,73.38,off_peak,98.2,47.163507504558545
2025-12-09 03:00:00,46.8146879269987,0.0,73.38,off_peak,98.2,46.8146879269987
2025-12-09 04:00:00,47.21234224541693,0.0,73.38,off_peak,98.2,47.21234224541693
2025-12-09 05:00:00,48.860320960733,0.0,73.38,off_peak,98.2,48.860320960733
2025-12-09 06:00:00,52.21131436915793,0.0,76.6,off_peak,98.2,52.21131436915793
2025-12-09 07:00:00,57.46608751644283,0.0,93.64,off_peak,98.2,57.46608751644283
2025-12-09 08:00:00,61.775172031232145,0.2778,115.99,mid_peak,115.1,61.497372031232146
2025-12-09 09:00:00,60.065956101188895,5.6949,116.0,on_peak,144.5,54.3710561011889
2025-12-09 10:00:00,56.917278047748674,13.4733,115.84,on_peak,144.5,43.44397804774867
2025-12-09 11:00:00,53.58178773165974,15.973499999999998,110.99,on_peak,144.5,37.60828773165974
2025-12-09 12:00:00,50.03390505056769,15.001199999999999,114.67,mid_peak,115.1,35.03270505056769
2025-12-09 13:00:00,52.440760135730635,16.112399999999997,93.64,mid_peak,115.1,36.328360135730634
2025-12-09 14:00:00,54.66932965902966,23.4741,95.0,mid_peak,115.1,31.195229659029657
2025-12-09 15:00:00,57.72421400383712,15.279000000000002,93.64,mid_peak,115.1,42.445214003837116
2025-12-09 16:00:00,59.90162332242737,9.4452,114.67,on_peak,144.5,50.45642332242737
2025-12-09 17:00:00,60.56825629287508,3.6113999999999997,114.67,on_peak,144.5,56.956856292875074
2025-12-09 18:00:00,60.15587403673766,0.1389,114.67,on_peak,144.5,60.01697403673766
2025-12-09 19:00:00,58.962135926866175,0.0,114.67,mid_peak,115.1,58.962135926866175
2025-12-09 20:00:00,56.81108186524712,0.0,106.73,mid_peak,115.1,56.81108186524712
2025-12-09 21:00:00,54.724365636822434,0.0,76.26,mid_peak,115.1,54.724365636822434
2025-12-09 22:00:00,54.00812277089955,0.0,76.26,off_peak,98.2,54.00812277089955
2025-12-09 23:00:00,53.08336331305755,0.0,76.26,off_peak,98.2,53.08336331305755
2025-12-10 00:00:00,50.04398206058608,0.0,79.56,off_peak,98.2,50.04398206058608
2025-12-10 01:00:00,48.1758594340989,0.0,73.36,off_peak,98.2,48.1758594340989
2025-12-10 02:00:00,47.05731132205699,0.0,73.36,off_peak,98.2,47.05731132205699
2025-12-10 03:00:00,46.65500607593797,0.0,73.36,off_peak,98.2,46.65500607593797
2025-12-10 04:00:00,46.99762441656342,0.0,73.36,off_peak,98.2,46.99762441656342
2025-12-10 05:00:00,48.60451993718912,0.0,73.36,off_peak,98.2,48.60451993718912
2025-12-10 06:00:00,51.73071850674214,0.0,73.36,off_peak,98.2,51.73071850674214
2025-12-10 07:00:00,56.525049811648046,0.0,93.28,off_peak,98.2,56.525049811648046
2025-12-10 08:00:00,61.06590555686046,0.0,94.65,mid_peak,115.1,61.06590555686046
2025-12-10 09:00:00,60.78762504942938,1.6667999999999998,115.22,on_peak,144.5,59.12082504942938
2025-12-10 10:00:00,58.276899245615276,4.7226,115.22,on_peak,144.5,53.554299245615276
2025-12-10 11:00:00,55.23054160159261,9.167399999999999,115.21,on_peak,144.5,46.06314160159261
2025-12-10 12:00:00,52.064034991966,9.167399999999999,119.27,mid_peak,115.1,42.896634991965996
2025-12-10 13:00:00,54.48949378793214,10.6953,94.06,mid_peak,115.1,43.794193787932144
2025-12-10 14:00:00,56.42040393838009,11.2509,113.64,mid_peak,115.1,45.16950393838009
2025-12-10 15:00:00,58.44665810669441,11.528699999999999,94.06,mid_peak,115.1,46.91795810669441
2025-12-10 16:00:00,59.02569860544375,3.6113999999999997,93.59,on_peak,144.5,55.41429860544375
2025-12-10 17:00:00,58.9133011860078,1.1112,93.41,on_peak,144.5,57.8021011860078
2025-12-10 18:00:00,58.47378851828239,0.1389,93.37,on_peak,144.5,58.33488851828239
2025-12-10 19:00:00,57.45135957872364,0.0,93.41,mid_peak,115.1,57.45135957872364
2025-12-10 20:00:00,55.494094171304496,0.0,77.81,mid_peak,115.1,55.494094171304496
2025-12-10 21:00:00,53.61511938018212,0.0,95.44,mid_peak,115.1,53.61511938018212
2025-12-10 22:00:00,53.103517333094345,0.0,95.44,off_peak,98.2,53.103517333094345
2025-12-10 23:00:00,51.99659654030443,0.0,95.44,off_peak,98.2,51.99659654030443
2025-12-11 00:00:00,49.056435078783316,0.0,105.14,off_peak,98.2,49.056435078783316
2025-12-11 01:00:00,46.99917472579702,0.0,90.65,off_peak,98.2,46.99917472579702
2025-12-11 02:00:00,45.953491147734276,0.0,73.17,off_peak,98.2,45.953491147734276
2025-12-11 03:00:00,45.57754115858644,0.0,73.17,off_peak,98.2,45.57754115858644
2025-12-11 04:00:00,45.83024156366313,0.0,73.17,off_peak,98.2,45.83024156366313
2025-12-11 05:00:00,47.33404152025447,0.0,73.17,off_peak,98.2,47.33404152025447
2025-12-11 06:00:00,50.26877689945798,0.0,98.6,off_peak,98.2,50.26877689945798
2025-12-11 07:00:00,55.104191399054265,0.0,94.22,off_peak,98.2,55.104191399054265
2025-12-11 08:00:00,60.19695723142804,0.0,114.49,mid_peak,115.1,60.19695723142804
2025-12-11 09:00:00,60.86281504725895,1.2501,135.02,on_peak,144.5,59.612715047258945
2025-12-11 10:00:00,59.09158674787172,3.4724999999999997,116.58,on_peak,144.5,55.61908674787173
2025-12-11 11:00:00,57.29012741842931,4.167,116.53,on_peak,144.5,53.123127418429306
2025-12-11 12:00:00,54.05540720252433,6.8061,122.43,mid_peak,115.1,47.24930720252433
2025-12-11 13:00:00,55.290228507086184,13.334399999999999,94.22,mid_peak,115.1,41.95582850708618
2025-12-11 14:00:00,55.31968438252457,21.2517,94.27,mid_peak,115.1,34.06798438252457
2025-12-11 15:00:00,56.89402340924468,20.1405,122.43,mid_peak,115.1,36.75352340924468
2025-12-11 16:00:00,59.362115709134805,12.7788,94.43,on_peak,144.5,46.58331570913481
2025-12-11 17:00:00,60.19075599449364,5.0004,94.59,on_peak,144.5,55.19035599449364
2025-12-11 18:00:00,59.462885809318756,0.2778,94.5,on_peak,144.5,59.18508580931876
2025-12-11 19:00:00,58.31488182183846,0.0,94.5,mid_peak,115.1,58.31488182183846
2025-12-11 20:00:00,56.44210826765048,0.0,93.29,mid_peak,115.1,56.44210826765048
2025-12-11 21:00:00,54.73366749222403,0.0,106.54,mid_peak,115.1,54.73366749222403
2025-12-11 22:00:00,54.1158692626347,0.0,98.6,off_peak,98.2,54.1158692626347
2025-12-11 23:00:00,53.229867535632685,0.0,98.6,off_peak,98.2,53.229867535632685
2025-12-12 00:00:00,50.412955658182725,0.0,74.98,off_peak,98.2,50.412955658182725
2025-12-12 01:00:00,48.47506911618357,0.0,71.34,off_peak,98.2,48.47506911618357
2025-12-12 02:00:00,47.39450358036484,0.0,70.07,off_peak,98.2,47.39450358036484
2025-12-12 03:00:00,46.94336359338744,0.0,70.07,off_peak,98.2,46.94336359338744
2025-12-12 04:00:00,47.233271420070515,0.0,70.07,off_peak,98.2,47.233271420070515
2025-12-12 05:00:00,48.71381673815787,0.0,71.17,off_peak,98.2,48.71381673815787
2025-12-12 06:00:00,51.81598551459011,0.0,74.98,off_peak,98.2,51.81598551459011
2025-12-12 07:00:00,56.79092784521033,0.0,92.89,off_peak,98.2,56.79092784521033
2025-12-12 08:00:00,61.09148565921485,0.1389,96.71,mid_peak,115.1,60.95258565921485
2025-12-12 09:00:00,59.474513128570756,5.1392999999999995,114.81,on_peak,144.5,54.33521312857076
2025-12-12 10:00:00,56.28940280814095,12.9177,114.83,on_peak,144.5,43.37170280814095
2025-12-12 11:00:00,53.26940042108947,20.2794,96.54,on_peak,144.5,32.990000421089476
2025-12-12 12:00:00,50.14785277923724,24.5853,95.61,mid_peak,115.1,25.56255277923724
2025-12-12 13:00:00,52.331463334761885,24.8631,96.05,mid_peak,115.1,27.468363334761886
2025-12-12 14:00:00,54.5778614142473,21.2517,96.46,mid_peak,115.1,33.3261614142473
2025-12-12 15:00:00,56.97541464400865,12.2232,95.56,mid_peak,115.1,44.75221464400865
2025-12-12 16:00:00,58.987716029220564,7.5005999999999995,115.62,on_peak,144.5,51.487116029220566
2025-12-12 17:00:00,59.178404064953284,3.7502999999999997,115.62,on_peak,144.5,55.42810406495328
2025-12-12 18:00:00,58.03582615979058,0.2778,92.89,on_peak,144.5,57.75802615979058
2025-12-12 19:00:00,56.80488062831272,0.0,92.89,mid_peak,115.1,56.80488062831272
2025-12-12 20:00:00,55.20883727232222,0.0,76.75,mid_peak,115.1,55.20883727232222
2025-12-12 21:00:00,53.429082272150204,0.0,74.98,mid_peak,115.1,53.429082272150204
2025-12-12 22:00:00,53.04072980913357,0.0,99.73,off_peak,98.2,53.04072980913357
2025-12-12 23:00:00,52.22294168840993,0.0,91.78,off_peak,98.2,52.22294168840993
2025-12-13 00:00:00,49.38820125477357,0.0,79.03,off_peak,98.2,49.38820125477357
2025-12-13 01:00:00,47.241798120855314,0.0,72.53,off_peak,98.2,47.241798120855314
2025-12-13 02:00:00,45.8914787783903,0.0,71.95,off_peak,98.2,45.8914787783903
2025-12-13 03:00:00,45.09927076002105,0.0,69.91,off_peak,98.2,45.09927076002105
2025-12-13 04:00:00,45.10469684233865,0.0,69.91,off_peak,98.2,45.10469684233865
2025-12-13 05:00:00,45.74342424658157,0.0,70.6,off_peak,98.2,45.74342424658157
2025-12-13 06:00:00,46.90848163563146,0.0,73.13,off_peak,98.2,46.90848163563146
2025-12-13 07:00:00,48.11307191013813,0.0,79.11,off_peak,98.2,48.11307191013813
2025-12-13 08:00:00,49.05798538801692,0.0,79.08,mid_peak,115.1,49.05798538801692
2025-12-13 09:00:00,49.43858630486555,0.9723,72.48,mid_peak,115.1,48.466286304865555
2025-12-13 10:00:00,49.5564098066191,2.3613,71.64,mid_peak,115.1,47.1951098066191
2025-12-13 11:00:00,49.165731879752066,3.8892,70.6,mid_peak,115.1,45.27653187975206
2025-12-13 12:00:00,48.8595458061162,3.4724999999999997,70.2,mid_peak,115.1,45.387045806116205
2025-12-13 13:00:00,50.15017824308764,2.6391,72.48,mid_peak,115.1,47.51107824308764
2025-12-13 14:00:00,50.67108214557701,2.2224,77.85,mid_peak,115.1,48.44868214557701
2025-12-13 15:00:00,51.01602595005286,2.3613,78.76,mid_peak,115.1,48.65472595005286
2025-12-13 16:00:00,51.554758408728624,1.2501,115.48,mid_peak,115.1,50.30465840872862
2025-12-13 17:00:00,52.12682251592677,0.41669999999999996,123.41,mid_peak,115.1,51.71012251592677
2025-12-13 18:00:00,52.07488715660119,0.1389,123.41,mid_peak,115.1,51.93598715660119
2025-12-13 19:00:00,51.384224393032696,0.0,123.41,mid_peak,115.1,51.384224393032696
2025-12-13 20:00:00,50.520702149917874,0.0,78.87,mid_peak,115.1,50.520702149917874
2025-12-13 21:00:00,49.34556775084959,0.0,78.87,mid_peak,115.1,49.34556775084959
2025-12-13 22:00:00,49.30293424692561,0.0,78.87,off_peak,98.2,49.30293424692561
2025-12-13 23:00:00,48.84326755916341,0.0,78.87,off_peak,98.2,48.84326755916341
2025-12-14 00:00:00,46.365873403871696,0.0,79.1,off_peak,98.2,46.365873403871696
2025-12-14 01:00:00,44.45124150037653,0.0,71.0,off_peak,98.2,44.45124150037653
2025-12-14 02:00:00,43.26370462743945,0.0,71.0,off_peak,98.2,43.26370462743945
2025-12-14 03:00:00,42.64203062476613,0.0,71.0,off_peak,98.2,42.64203062476613
2025-12-14 04:00:00,42.75132742573488,0.0,71.0,off_peak,98.2,42.75132742573488
2025-12-14 05:00:00,43.32029091446583,0.0,71.0,off_peak,98.2,43.32029091446583
2025-12-14 06:00:00,44.34039439017418,0.0,71.0,off_peak,98.2,44.34039439017418
2025-12-14 07:00:00,45.243449518745784,0.0,73.87,off_peak,98.2,45.243449518745784
2025-12-14 08:00:00,46.180611450456574,0.0,71.0,off_peak,98.2,46.180611450456574
2025-12-14 09:00:00,46.1263506272806,2.2224,69.61,off_peak,98.2,43.9039506272806
2025-12-14 10:00:00,45.64110383716401,8.1951,66.47,off_peak,98.2,37.446003837164014
2025-12-14 11:00:00,44.333417998622984,15.973499999999998,66.47,off_peak,98.2,28.359917998622986
2025-12-14 12:00:00,43.44431565315377,15.695699999999997,66.47,off_peak,98.2,27.748615653153777
2025-12-14 13:00:00,43.74817626293924,18.195899999999998,66.47,off_peak,98.2,25.55227626293924
2025-12-14 14:00:00,44.36829995637897,18.8904,66.47,off_peak,98.2,25.47789995637897
2025-12-14 15:00:00,45.974420322387864,17.6403,70.15,off_peak,98.2,28.334120322387864
2025-12-14 16:00:00,48.257250668862866,13.334399999999999,73.87,off_peak,98.2,34.922850668862864
2025-12-14 17:00:00,51.05400852627604,4.4448,79.1,off_peak,98.2,46.60920852627604
2025-12-14 18:00:00,51.79428118531972,0.0,123.24,off_peak,98.2,51.79428118531972
2025-12-14 19:00:00,51.368721300696706,0.0,123.24,off_peak,98.2,51.368721300696706
2025-12-14 20:00:00,50.57418781847705,0.0,79.92,off_peak,98.2,50.57418781847705
2025-12-14 21:00:00,49.588191145907885,0.0,79.92,off_peak,98.2,49.588191145907885
2025-12-14 22:00:00,49.03007982181213,0.0,79.92,off_peak,98.2,49.03007982181213
2025-12-14 23:00:00,48.397553654503604,0.0,79.92,off_peak,98.2,48.397553654503604
2025-12-15 00:00:00,46.086817741823815,0.0,79.34,off_peak,98.2,46.086817741823815
2025-12-15 01:00:00,44.25202676385902,0.0,70.26,off_peak,98.2,44.25202676385902
2025-12-15 02:00:00,43.35904864530581,0.0,69.53,off_peak,98.2,43.35904864530581
2025-12-15 03:00:00,43.26913070975705,0.0,69.53,off_peak,98.2,43.26913070975705
2025-12-15 04:00:00,43.89080471243038,0.0,69.53,off_peak,98.2,43.89080471243038
2025-12-15 05:00:00,45.79768506975754,0.0,70.26,off_peak,98.2,45.79768506975754
2025-12-15 06:00:00,49.7804294908742,0.0,71.99,off_peak,98.2,49.7804294908742
2025-12-15 07:00:00,56.00802168224267,0.0,112.07,off_peak,98.2,56.00802168224267
2025-12-15 08:00:00,62.25499273903114,0.1389,115.99,mid_peak,115.1,62.11609273903114
2025-12-15 09:00:00,62.95573251261803,5.4171,114.7,on_peak,144.5,57.53863251261803
2025-12-15 10:00:00,61.18682967708121,12.9177,95.99,on_peak,144.5,48.26912967708121
2025-12-15 11:00:00,58.531149959925564,19.8627,95.05,on_peak,144.5,38.66844995992557
2025-12-15 12:00:00,55.17085469609904,17.5014,92.39,mid_peak,115.1,37.66945469609904
2025-12-15 13:00:00,57.457560815658034,11.8065,95.38,mid_peak,115.1,45.651060815658035
2025-12-15 14:00:00,58.85361428051423,8.056199999999999,95.86,mid_peak,115.1,50.79741428051423
2025-12-15 15:00:00,60.63646989915345,9.3063,95.9,mid_peak,115.1,51.33016989915345
2025-12-15 16:00:00,62.21545985357435,5.6949,114.1,on_peak,144.5,56.520559853574355
2025-12-15 17:00:00,62.14569593806238,3.8892,95.99,on_peak,144.5,58.25649593806238
2025-12-15 18:00:00,61.07520741226205,0.1389,95.99,on_peak,144.5,60.93630741226205
2025-12-15 19:00:00,59.51017024094354,0.0,95.99,mid_peak,115.1,59.51017024094354
2025-12-15 20:00:00,57.184706390544555,0.0,92.39,mid_peak,115.1,57.184706390544555
2025-12-15 21:00:00,55.10961748137186,0.0,82.15,mid_peak,115.1,55.10961748137186
2025-12-15 22:00:00,54.28252750524663,0.0,98.65,off_peak,98.2,54.28252750524663
2025-12-15 23:00:00,53.198861350960705,0.0,98.65,off_peak,98.2,53.198861350960705
2025-12-16 00:00:00,50.10056834761246,0.0,79.34,off_peak,98.2,50.10056834761246
2025-12-16 01:00:00,48.09834397241894,0.0,73.27,off_peak,98.2,48.09834397241894
2025-12-16 02:00:00,46.957316376489835,0.0,73.27,off_peak,98.2,46.957316376489835
2025-12-16 03:00:00,46.50462608027883,0.0,73.27,off_peak,98.2,46.50462608027883
2025-12-16 04:00:00,46.860422049389875,0.0,73.27,off_peak,98.2,46.860422049389875
2025-12-16 05:00:00,48.33864190362683,0.0,73.27,off_peak,98.2,48.33864190362683
2025-12-16 06:00:00,51.56561057336382,0.0,73.27,off_peak,98.2,51.56561057336382
2025-12-16 07:00:00,56.621944138748006,0.0,94.14,off_peak,98.2,56.621944138748006
2025-12-16 08:00:00,62.31622995375831,0.1389,96.33,mid_peak,115.1,62.17732995375831
2025-12-16 09:00:00,63.75104114945448,0.41669999999999996,118.72,on_peak,144.5,63.33434114945448
2025-12-16 10:00:00,63.261143431637095,0.41669999999999996,118.99,on_peak,144.5,62.844443431637096
2025-12-16 11:00:00,61.97361161313286,1.389,118.65,on_peak,144.5,60.58461161313286
2025-12-16 12:00:00,59.821782396897,1.5279,121.58,mid_peak,115.1,58.293882396897
2025-12-16 13:00:00,62.480562732519836,1.5279,118.75,mid_peak,115.1,60.95266273251983
2025-12-16 14:00:00,63.19990621690992,2.5002,94.14,mid_peak,115.1,60.699706216909924
2025-12-16 15:00:00,63.264244050104296,0.6945,96.17,mid_peak,115.1,62.5697440501043
2025-12-16 16:00:00,63.11463920906196,0.5556,94.14,on_peak,144.5,62.559039209061964
2025-12-16 17:00:00,62.00616810703845,0.2778,94.14,on_peak,144.5,61.72836810703845
2025-12-16 18:00:00,60.14037094440166,0.0,94.14,on_peak,144.5,60.14037094440166
2025-12-16 19:00:00,58.463711508264,0.0,94.14,mid_peak,115.1,58.463711508264
2025-12-16 20:00:00,56.50024486391045,0.0,92.78,mid_peak,115.1,56.50024486391045
2025-12-16 21:00:00,54.553831621126506,0.0,99.13,mid_peak,115.1,54.553831621126506
2025-12-16 22:00:00,53.67713174952609,0.0,107.07,off_peak,98.2,53.67713174952609
2025-12-16 23:00:00,52.61361961527696,0.0,91.18,off_peak,98.2,52.61361961527696
2025-12-17 00:00:00,49.66415629835425,0.0,74.72,off_peak,98.2,49.66415629835425
2025-12-17 01:00:00,47.52860532907118,0.0,73.27,off_peak,98.2,47.52860532907118
2025-12-17 02:00:00,46.1255754726638,0.0,73.27,off_peak,98.2,46.1255754726638
2025-12-17 03:00:00,45.589168477838435,0.0,73.27,off_peak,98.2,45.589168477838435
2025-12-17 04:00:00,45.936437746164685,0.0,73.27,off_peak,98.2,45.936437746164685
2025-12-17 05:00:00,47.28753224324649,0.0,73.27,off_peak,98.2,47.28753224324649
2025-12-17 06:00:00,50.4617903990411,0.0,74.72,off_peak,98.2,50.4617903990411
2025-12-17 07:00:00,55.44215881197892,0.0,93.27,off_peak,98.2,55.44215881197892
2025-12-17 08:00:00,60.30625403239679,0.1389,113.69,mid_peak,115.1,60.16735403239679
2025-12-17 09:00:00,59.75821971831943,3.1947,129.1,on_peak,144.5,56.563519718319434
2025-12-17 10:00:00,57.33586154082049,9.0285,119.74,on_peak,144.5,48.30736154082049
2025-12-17 11:00:00,54.70111099831844,18.195899999999998,95.45,on_peak,144.5,36.50521099831845
2025-12-17 12:00:00,51.156328935693594,22.918499999999998,116.46,mid_peak,115.1,28.237828935693596
2025-12-17 13:00:00,53.052357128385566,23.4741,93.25,mid_peak,115.1,29.578257128385566
2025-12-17 14:00:00,54.52670120953852,20.696099999999998,93.25,mid_peak,115.1,33.83060120953853
2025-12-17 15:00:00,56.83201103990071,18.334799999999998,93.25,mid_peak,115.1,38.49721103990072
2025-12-17 16:00:00,59.25591952663325,11.6676,93.25,on_peak,144.5,47.58831952663325
2025-12-17 17:00:00,59.880694147773774,4.3059,93.26,on_peak,144.5,55.57479414777377
2025-12-17 18:00:00,59.07065757321813,0.2778,93.27,on_peak,144.5,58.79285757321813
2025-12-17 19:00:00,58.079234818331365,0.0,111.03,mid_peak,115.1,58.079234818331365
2025-12-17 20:00:00,56.34056301284973,0.0,118.01,mid_peak,115.1,56.34056301284973
2025-12-17 21:00:00,54.598015434284086,0.0,111.03,mid_peak,115.1,54.598015434284086
2025-12-17 22:00:00,54.018199780917946,0.0,111.03,off_peak,98.2,54.018199780917946
2025-12-17 23:00:00,52.90662806042723,0.0,101.52,off_peak,98.2,52.90662806042723
2025-12-18 00:00:00,49.96956721737332,0.0,112.91,off_peak,98.2,49.96956721737332
2025-12-18 01:00:00,48.10299490011973,0.0,73.34,off_peak,98.2,48.10299490011973
2025-12-18 02:00:00,47.0433585389546,0.0,73.34,off_peak,98.2,47.0433585389546
2025-12-18 03:00:00,46.62787566434998,0.0,73.34,off_peak,98.2,46.62787566434998
2025-12-18 04:00:00,47.0449088481882,0.0,73.34,off_peak,98.2,47.0449088481882
2025-12-18 05:00:00,48.78358065366984,0.0,73.34,off_peak,98.2,48.78358065366984
2025-12-18 06:00:00,51.96404004639884,0.0,74.76,off_peak,98.2,51.96404004639884
2025-12-18 07:00:00,57.14594865970457,0.0,95.46,off_peak,98.2,57.14594865970457
2025-12-18 08:00:00,61.841835328276915,0.1389,97.86,mid_peak,115.1,61.702935328276915
2025-12-18 09:00:00,60.03572507113371,4.583699999999999,95.46,on_peak,144.5,55.45202507113371
2025-12-18 10:00:00,56.3909480629417,11.8065,95.46,on_peak,144.5,44.5844480629417
2025-12-18 11:00:00,52.81593497026167,19.7238,94.1,on_peak,144.5,33.09213497026167
2025-12-18 12:00:00,49.03240528566253,24.3075,67.88,mid_peak,115.1,24.724905285662526
2025-12-18 13:00:00,51.162530172627996,25.5576,94.1,mid_peak,115.1,25.604930172627995
2025-12-18 14:00:00,53.287228977275866,24.168599999999998,92.74,mid_peak,115.1,29.11862897727587
2025-12-18 15:00:00,56.314207755878535,20.0016,92.74,mid_peak,115.1,36.31260775587853
2025-12-18 16:00:00,59.24196674353085,12.084299999999999,95.46,on_peak,144.5,47.157666743530854
2025-12-18 17:00:00,60.23726527150162,4.583699999999999,95.46,on_peak,144.5,55.65356527150162
2025-12-18 18:00:00,59.53342487944753,0.1389,95.46,on_peak,144.5,59.39452487944753
2025-12-18 19:00:00,58.607115112371936,0.0,113.33,mid_peak,115.1,58.607115112371936
2025-12-18 20:00:00,56.8544905237879,0.0,117.46,mid_peak,115.1,56.8544905237879
2025-12-18 21:00:00,54.93675800182554,0.0,101.58,mid_peak,115.1,54.93675800182554
2025-12-18 22:00:00,54.29725544296582,0.0,101.58,off_peak,98.2,54.29725544296582
2025-12-18 23:00:00,53.31746000733105,0.0,101.58,off_peak,98.2,53.31746000733105
2025-12-19 00:00:00,50.45016307978911,0.0,74.46,off_peak,98.2,50.45016307978911
2025-12-19 01:00:00,48.383600871401214,0.0,73.31,off_peak,98.2,48.383600871401214
2025-12-19 02:00:00,47.2526502854905,0.0,73.31,off_peak,98.2,47.2526502854905
2025-12-19 03:00:00,46.82709040086749,0.0,73.31,off_peak,98.2,46.82709040086749
2025-12-19 04:00:00,47.059636785907394,0.0,73.31,off_peak,98.2,47.059636785907394
2025-12-19 05:00:00,48.51537715625715,0.0,73.31,off_peak,98.2,48.51537715625715
2025-12-19 06:00:00,51.46018954547906,0.0,74.46,off_peak,98.2,51.46018954547906
2025-12-19 07:00:00,56.39172321755851,0.0,117.23,off_peak,98.2,56.39172321755851
2025-12-19 08:00:00,61.981363159300855,0.0,115.76,mid_peak,115.1,61.981363159300855
2025-12-19 09:00:00,62.86348911321887,0.5556,95.15,on_peak,144.5,62.30788911321887
2025-12-19 10:00:00,61.22946318100519,1.9446,116.77,on_peak,144.5,59.284863181005186
2025-12-19 11:00:00,57.96916286274581,5.0004,116.65,on_peak,144.5,52.96876286274581
2025-12-19 12:00:00,53.45698783835499,11.528699999999999,117.23,mid_peak,115.1,41.92828783835499
2025-12-19 13:00:00,54.55770739421051,21.1128,94.63,mid_peak,115.1,33.44490739421051
2025-12-19 14:00:00,55.105741708287866,16.5291,93.34,mid_peak,115.1,38.576641708287866
2025-12-19 15:00:00,56.1746799248546,11.3898,94.63,mid_peak,115.1,44.7848799248546
2025-12-19 16:00:00,57.55988122507559,12.3621,94.63,on_peak,144.5,45.197781225075595
2025-12-19 17:00:00,57.75134441542511,4.7226,87.65,on_peak,144.5,53.02874441542511
2025-12-19 18:00:00,56.68628197194238,0.1389,117.23,on_peak,144.5,56.54738197194238
2025-12-19 19:00:00,55.751445504081985,0.0,117.23,mid_peak,115.1,55.751445504081985
2025-12-19 20:00:00,54.14532513807309,0.0,101.35,mid_peak,115.1,54.14532513807309
2025-12-19 21:00:00,52.50277250507461,0.0,74.46,mid_peak,115.1,52.50277250507461
2025-12-19 22:00:00,52.10356787742278,0.0,74.46,off_peak,98.2,52.10356787742278
2025-12-19 23:00:00,51.3873250114999,0.0,93.4,off_peak,98.2,51.3873250114999
2025-12-20 00:00:00,48.46964303386597,0.0,77.95,off_peak,98.2,48.46964303386597
2025-12-20 01:00:00,46.32866598226531,0.0,71.16,off_peak,98.2,46.32866598226531
2025-12-20 02:00:00,45.03958385452748,0.0,71.16,off_peak,98.2,45.03958385452748
2025-12-20 03:00:00,44.35977325559417,0.0,70.99,off_peak,98.2,44.35977325559417
2025-12-20 04:00:00,44.25125160924222,0.0,70.99,off_peak,98.2,44.25125160924222
2025-12-20 05:00:00,44.76672942941399,0.0,71.16,off_peak,98.2,44.76672942941399
2025-12-20 06:00:00,45.8953545514743,0.0,71.16,off_peak,98.2,45.8953545514743
2025-12-20 07:00:00,47.19451368923053,0.0,71.16,off_peak,98.2,47.19451368923053
2025-12-20 08:00:00,48.403754891438005,0.0,71.16,mid_peak,115.1,48.403754891438005
2025-12-20 09:00:00,49.56881228048789,0.2778,71.16,mid_peak,115.1,49.29101228048789
2025-12-20 10:00:00,49.79825804706059,0.5556,71.16,mid_peak,115.1,49.242658047060594
2025-12-20 11:00:00,49.189761672872855,0.8333999999999999,71.16,mid_peak,115.1,48.35636167287286
2025-12-20 12:00:00,47.9603664506286,1.389,70.69,mid_peak,115.1,46.571366450628595
2025-12-20 13:00:00,48.129350157090926,1.5279,71.16,mid_peak,115.1,46.60145015709092
2025-12-20 14:00:00,48.29988417278685,2.0835,71.16,mid_peak,115.1,46.216384172786846
2025-12-20 15:00:00,48.56731251558273,0.9723,71.16,mid_peak,115.1,47.59501251558273
2025-12-20 16:00:00,48.99287240020574,0.8333999999999999,71.16,mid_peak,115.1,48.15947240020574
2025-12-20 17:00:00,49.65252897910226,0.8333999999999999,71.16,mid_peak,115.1,48.81912897910226
2025-12-20 18:00:00,49.59129176437508,0.0,71.16,mid_peak,115.1,49.59129176437508
2025-12-20 19:00:00,49.088991572688904,0.0,71.16,mid_peak,115.1,49.088991572688904
2025-12-20 20:00:00,48.35879592366362,0.0,71.16,mid_peak,115.1,48.35879592366362
2025-12-20 21:00:00,47.70766604555191,0.0,71.44,mid_peak,115.1,47.70766604555191
2025-12-20 22:00:00,48.053385004644554,0.0,71.44,off_peak,98.2,48.053385004644554
2025-12-20 23:00:00,47.74177284869109,0.0,71.64,off_peak,98.2,47.74177284869109
2025-12-21 00:00:00,45.2108930248402,0.0,72.1,off_peak,98.2,45.2108930248402
2025-12-21 01:00:00,43.36835050070741,0.0,71.34,off_peak,98.2,43.36835050070741
2025-12-21 02:00:00,42.20716888474151,0.0,70.18,off_peak,98.2,42.20716888474151
2025-12-21 03:00:00,41.687040136868944,0.0,68.55,off_peak,98.2,41.687040136868944
2025-12-21 04:00:00,41.961444871216024,0.0,69.99,off_peak,98.2,41.961444871216024
2025-12-21 05:00:00,42.618775986262136,0.0,70.53,off_peak,98.2,42.618775986262136
2025-12-21 06:00:00,43.74585079908884,0.0,71.34,off_peak,98.2,43.74585079908884
2025-12-21 07:00:00,44.85742251957956,0.0,72.7,off_peak,98.2,44.85742251957956
2025-12-21 08:00:00,45.13182725392664,0.0,72.7,off_peak,98.2,45.13182725392664
2025-12-21 09:00:00,44.176061611412656,4.028099999999999,70.53,off_peak,98.2,40.147961611412654
2025-12-21 10:00:00,43.322616378316226,12.501,68.29,off_peak,98.2,30.82161637831623
2025-12-21 11:00:00,41.99477651973841,20.0016,68.01,off_peak,98.2,21.99317651973841
2025-12-21 12:00:00,39.933640393668114,22.5018,68.01,off_peak,98.2,17.431840393668114
2025-12-21 13:00:00,38.42751497322637,27.2244,68.01,off_peak,98.2,11.203114973226374
2025-12-21 14:00:00,38.74920413919823,25.8354,68.29,off_peak,98.2,12.913804139198227
2025-12-21 15:00:00,42.31801599494387,21.1128,70.26,off_peak,98.2,21.20521599494387
2025-12-21 16:00:00,46.88057606942667,13.7511,72.5,off_peak,98.2,33.129476069426666
2025-12-21 17:00:00,50.523802768385075,5.6949,79.18,off_peak,98.2,44.82890276838508
2025-12-21 18:00:00,51.564835418747016,0.2778,79.39,off_peak,98.2,51.28703541874702
2025-12-21 19:00:00,51.370271609930306,0.0,79.92,off_peak,98.2,51.370271609930306
2025-12-21 20:00:00,50.73774544262178,0.0,79.92,off_peak,98.2,50.73774544262178
2025-12-21 21:00:00,49.85019340638617,0.0,79.92,off_peak,98.2,49.85019340638617
2025-12-21 22:00:00,49.447113005650344,0.0,79.92,off_peak,98.2,49.447113005650344
2025-12-21 23:00:00,48.96884260708495,0.0,79.92,off_peak,98.2,48.96884260708495
2025-12-22 00:00:00,46.61082226278039,0.0,79.34,off_peak,98.2,46.61082226278039
2025-12-22 01:00:00,44.946565300511516,0.0,69.62,off_peak,98.2,44.946565300511516
2025-12-22 02:00:00,43.948166154073554,0.0,69.62,off_peak,98.2,43.948166154073554
2025-12-22 03:00:00,43.62880245195209,0.0,69.62,off_peak,98.2,43.62880245195209
2025-12-22 04:00:00,44.16675975601106,0.0,69.62,off_peak,98.2,44.16675975601106
2025-12-22 05:00:00,46.250375365968544,0.0,69.62,off_peak,98.2,46.250375365968544
2025-12-22 06:00:00,50.337765660353156,0.0,72.53,off_peak,98.2,50.337765660353156
2025-12-22 07:00:00,57.03587670411902,0.0,93.54,off_peak,98.2,57.03587670411902
2025-12-22 08:00:00,62.92472632794604,0.1389,96.74,mid_peak,115.1,62.78582632794604
2025-12-22 09:00:00,61.6588988387122,4.8614999999999995,96.74,on_peak,144.5,56.7973988387122
2025-12-22 10:00:00,57.86606729871146,12.7788,96.3,on_peak,144.5,45.08726729871145
2025-12-22 11:00:00,54.82591089162319,20.835,90.68,on_peak,144.5,33.99091089162319
2025-12-22 12:00:00,51.31213501367033,24.4464,76.69,mid_peak,115.1,26.865735013670328
2025-12-22 13:00:00,53.642249791770105,26.529899999999998,90.82,mid_peak,115.1,27.112349791770107
2025-12-22 14:00:00,55.70183560860681,23.613,91.75,mid_peak,115.1,32.08883560860681
2025-12-22 15:00:00,58.599363566203934,19.7238,95.39,mid_peak,115.1,38.87556356620394
2025-12-22 16:00:00,61.39999719670111,12.3621,95.65,on_peak,144.5,49.03789719670111
2025-12-22 17:00:00,61.94105511922727,4.4448,97.41,on_peak,144.5,57.49625511922727
2025-12-22 18:00:00,60.88141875806214,0.1389,125.29,on_peak,144.5,60.74251875806214
2025-12-22 19:00:00,59.54350188946592,0.0,125.29,mid_peak,115.1,59.54350188946592
2025-12-22 20:00:00,57.42345401251885,0.0,95.72,mid_peak,115.1,57.42345401251885
2025-12-22 21:00:00,55.37704582416775,0.0,91.9,mid_peak,115.1,55.37704582416775
2025-12-22 22:00:00,54.77707615076481,0.0,109.14,off_peak,98.2,54.77707615076481
2025-12-22 23:00:00,53.81123349823243,0.0,92.67,off_peak,98.2,53.81123349823243
2025-12-23 00:00:00,50.728443587220184,0.0,76.07,off_peak,98.2,50.728443587220184
2025-12-23 01:00:00,48.80218436447303,0.0,73.32,off_peak,98.2,48.80218436447303
2025-12-23 02:00:00,47.668133160095124,0.0,73.32,off_peak,98.2,47.668133160095124
2025-12-23 03:00:00,47.076690187476984,0.0,73.32,off_peak,98.2,47.076690187476984
2025-12-23 04:00:00,47.38985265266405,0.0,73.32,off_peak,98.2,47.38985265266405
2025-12-23 05:00:00,48.81536199295862,0.0,73.32,off_peak,98.2,48.81536199295862
2025-12-23 06:00:00,51.88109850240128,0.0,76.07,off_peak,98.2,51.88109850240128
2025-12-23 07:00:00,57.06378227032381,0.0,95.58,off_peak,98.2,57.06378227032381
2025-12-23 08:00:00,62.591409842722186,0.0,96.48,mid_peak,115.1,62.591409842722186
2025-12-23 09:00:00,64.19210412641348,0.6945,96.42,on_peak,144.5,63.497604126413485
2025-12-23 10:00:00,63.37431600568985,2.2224,94.22,on_peak,144.5,61.15191600568985
2025-12-23 11:00:00,62.22243624512555,4.028099999999999,94.22,on_peak,144.5,58.19433624512555
2025-12-23 12:00:00,60.105488986645675,2.778,117.2,mid_peak,115.1,57.327488986645676
2025-12-23 13:00:00,62.69062963367254,4.7226,94.22,mid_peak,115.1,57.96802963367254
2025-12-23 14:00:00,63.533997856750574,3.7502999999999997,96.42,mid_peak,115.1,59.78369785675057
2025-12-23 15:00:00,63.59445991686095,1.9446,115.96,mid_peak,115.1,61.64985991686095
2025-12-23 16:00:00,63.30765270864507,1.1112,95.58,on_peak,144.5,62.196452708645076
2025-12-23 17:00:00,62.06275439406482,0.41669999999999996,96.42,on_peak,144.5,61.64605439406482
2025-12-23 18:00:00,60.125643006682466,0.0,95.58,on_peak,144.5,60.125643006682466
2025-12-23 19:00:00,58.50246923910398,0.0,95.04,mid_peak,115.1,58.50246923910398
2025-12-23 20:00:00,56.38242136215691,0.0,112.23,mid_peak,115.1,56.38242136215691
2025-12-23 21:00:00,54.46468884019455,0.0,79.31,mid_peak,115.1,54.46468884019455
2025-12-23 22:00:00,53.8887489599124,0.0,79.31,off_peak,98.2,53.8887489599124
2025-12-23 23:00:00,52.82523682566327,0.0,79.31,off_peak,98.2,52.82523682566327
2025-12-24 00:00:00,49.87189773565656,0.0,73.32,off_peak,98.2,49.87189773565656
2025-12-24 01:00:00,47.766577796428685,0.0,73.32,off_peak,98.2,47.766577796428685
2025-12-24 02:00:00,46.49609937949404,0.0,73.32,off_peak,98.2,46.49609937949404
2025-12-24 03:00:00,45.980621559322266,0.0,73.32,off_peak,98.2,45.980621559322266
2025-12-24 04:00:00,46.16820897658778,0.0,73.32,off_peak,98.2,46.16820897658778
2025-12-24 05:00:00,47.4882972889976,0.0,73.32,off_peak,98.2,47.4882972889976
2025-12-24 06:00:00,50.49124627447949,0.0,73.32,off_peak,98.2,50.49124627447949
2025-12-24 07:00:00,55.354566340280556,0.0,82.34,off_peak,98.2,55.354566340280556
2025-12-24 08:00:00,61.480613276848274,0.1389,115.78,mid_peak,115.1,61.341713276848274
2025-12-24 09:00:00,63.54485002138577,1.389,131.2,on_peak,144.5,62.15585002138577
2025-12-24 10:00:00,63.702206408596105,3.6113999999999997,125.57,on_peak,144.5,60.09080640859611
2025-12-24 11:00:00,62.26351943981593,8.056199999999999,117.63,on_peak,144.5,54.20731943981593
2025-12-24 12:00:00,59.18693076573808,19.445999999999998,109.68,mid_peak,115.1,39.740930765738085
2025-12-24 13:00:00,60.62406742528465,26.529899999999998,111.94,mid_peak,115.1,34.09416742528465
2025-12-24 14:00:00,60.47756320270951,17.5014,94.09,mid_peak,115.1,42.976163202709515
2025-12-24 15:00:00,60.42252722491674,19.8627,129.88,mid_peak,115.1,40.559827224916745
2025-12-24 16:00:00,60.724062370851804,12.7788,109.68,on_peak,144.5,47.94526237085181
2025-12-24 17:00:00,59.91790156938016,5.4171,82.34,on_peak,144.5,54.500801569380165
2025-12-24 18:00:00,58.311006048754464,0.1389,109.68,on_peak,144.5,58.172106048754465
2025-12-24 19:00:00,56.91572773851507,0.0,82.34,mid_peak,115.1,56.91572773851507
2025-12-24 20:00:00,55.17705593303344,0.0,74.66,mid_peak,115.1,55.17705593303344
2025-12-24 21:00:00,53.667829894124495,0.0,74.43,mid_peak,115.1,53.667829894124495
2025-12-24 22:00:00,53.71123855266528,0.0,74.23,off_peak,98.2,53.71123855266528
2025-12-24 23:00:00,53.057783210703164,0.0,72.98,off_peak,98.2,53.057783210703164
2025-12-25 00:00:00,50.04398206058608,0.0,84.3,off_peak,98.2,50.04398206058608
2025-12-25 01:00:00,48.034006139224566,0.0,79.04,off_peak,98.2,48.034006139224566
2025-12-25 02:00:00,46.66043215825557,0.0,73.49,off_peak,98.2,46.66043215825557
2025-12-25 03:00:00,45.977520940855065,0.0,72.23,off_peak,98.2,45.977520940855065
2025-12-25 04:00:00,46.23797289209975,0.0,71.92,off_peak,98.2,46.23797289209975
2025-12-25 05:00:00,46.90693132639786,0.0,72.23,off_peak,98.2,46.90693132639786
2025-12-25 06:00:00,48.12392407477333,0.0,73.94,off_peak,98.2,48.12392407477333
2025-12-25 07:00:00,49.48121980878953,0.0,84.3,off_peak,98.2,49.48121980878953
2025-12-25 08:00:00,50.12072236764925,0.0,79.13,off_peak,98.2,50.12072236764925
2025-12-25 09:00:00,47.909981400536616,4.3059,71.92,off_peak,98.2,43.604081400536614
2025-12-25 10:00:00,45.544984664680854,11.528699999999999,68.82,off_peak,98.2,34.01628466468085
2025-12-25 11:00:00,44.20241686838384,19.8627,68.09,off_peak,98.2,24.339716868383842
2025-12-25 12:00:00,43.390829984594596,25.279799999999998,66.69,off_peak,98.2,18.111029984594598
2025-12-25 13:00:00,44.82099025258997,27.779999999999998,68.54,off_peak,98.2,17.040990252589975
2025-12-25 14:00:00,46.75035009380433,26.2521,68.82,off_peak,98.2,20.49825009380433
2025-12-25 15:00:00,49.58043959973989,22.224,106.27,off_peak,98.2,27.35643959973989
2025-12-25 16:00:00,52.66322951075214,14.8623,114.23,off_peak,98.2,37.80092951075214
2025-12-25 17:00:00,55.06775913206469,4.7226,94.35,off_peak,98.2,50.34515913206469
2025-12-25 18:00:00,55.88012117047073,0.2778,94.61,off_peak,98.2,55.60232117047073
2025-12-25 19:00:00,55.50882210902369,0.0,84.3,off_peak,98.2,55.50882210902369
2025-12-25 20:00:00,54.76622398612962,0.0,84.3,off_peak,98.2,54.76622398612962
2025-12-25 21:00:00,53.80968318899883,0.0,84.3,off_peak,98.2,53.80968318899883
2025-12-25 22:00:00,53.30893330654625,0.0,94.32,off_peak,98.2,53.30893330654625
2025-12-25 23:00:00,52.90817836966083,0.0,94.61,off_peak,98.2,52.90817836966083
2025-12-26 00:00:00,50.60209338468184,0.0,79.34,off_peak,98.2,50.60209338468184
2025-12-26 01:00:00,48.75955086054905,0.0,73.31,off_peak,98.2,48.75955086054905
2025-12-26 02:00:00,47.7200685194207,0.0,73.31,off_peak,98.2,47.7200685194207
2025-12-26 03:00:00,47.20381554463213,0.0,73.31,off_peak,98.2,47.20381554463213
2025-12-26 04:00:00,47.53558172062238,0.0,73.31,off_peak,98.2,47.53558172062238
2025-12-26 05:00:00,49.04248229568092,0.0,73.31,off_peak,98.2,49.04248229568092
2025-12-26 06:00:00,52.24929694538112,0.0,73.31,off_peak,98.2,52.24929694538112
2025-12-26 07:00:00,57.85909090716026,0.0,94.64,off_peak,98.2,57.85909090716026
2025-12-26 08:00:00,63.66112321390572,0.0,118.16,mid_peak,115.1,63.66112321390572
2025-12-26 09:00:00,63.30455209017788,5.0004,118.3,on_peak,144.5,58.30415209017788
2025-12-26 10:00:00,60.36361547403997,13.4733,94.41,on_peak,144.5,46.890315474039966
2025-12-26 11:00:00,56.99634381866224,21.2517,93.43,on_peak,144.5,35.74464381866224
2025-12-26 12:00:00,53.75697267505646,26.1132,91.74,mid_peak,115.1,27.64377267505646
2025-12-26 13:00:00,55.35766695874776,27.779999999999998,92.26,mid_peak,115.1,27.57766695874776
2025-12-26 14:00:00,57.01339722023183,26.391,92.26,mid_peak,115.1,30.622397220231832
2025-12-26 15:00:00,59.81325569611221,21.9462,92.26,mid_peak,115.1,37.8670556961122
2025-12-26 16:00:00,63.08130756053957,14.5845,95.4,on_peak,144.5,48.49680756053957
2025-12-26 17:00:00,63.85491186810564,5.556,95.4,on_peak,144.5,58.29891186810564
2025-12-26 18:00:00,62.22708717282635,0.2778,95.45,on_peak,144.5,61.94928717282635
2025-12-26 19:00:00,60.469811656541516,0.0,95.45,mid_peak,115.1,60.469811656541516
2025-12-26 20:00:00,58.484640682917586,0.0,93.95,mid_peak,115.1,58.484640682917586
2025-12-26 21:00:00,56.26847363348736,0.0,109.89,mid_peak,115.1,56.26847363348736
2025-12-26 22:00:00,55.76462313256758,0.0,109.89,off_peak,98.2,55.76462313256758
2025-12-26 23:00:00,55.104191399054265,0.0,91.23,off_peak,98.2,55.104191399054265
2025-12-27 00:00:00,52.2880546762211,0.0,80.72,off_peak,98.2,52.2880546762211
2025-12-27 01:00:00,50.04708267905328,0.0,72.42,off_peak,98.2,50.04708267905328
2025-12-27 02:00:00,48.606845401039514,0.0,72.35,off_peak,98.2,48.606845401039514
2025-12-27 03:00:00,47.88905222588303,0.0,71.85,off_peak,98.2,47.88905222588303
2025-12-27 04:00:00,47.69448841706631,0.0,71.75,off_peak,98.2,47.69448841706631
2025-12-27 05:00:00,48.289807162768454,0.0,71.75,off_peak,98.2,48.289807162768454
2025-12-27 06:00:00,49.53005454964791,0.0,73.04,off_peak,98.2,49.53005454964791
2025-12-27 07:00:00,51.038505433940045,0.0,73.04,off_peak,98.2,51.038505433940045
2025-12-27 08:00:00,51.66483036431418,0.0,73.04,mid_peak,115.1,51.66483036431418
2025-12-27 09:00:00,50.21761669474921,2.9169,72.84,mid_peak,115.1,47.30071669474921
2025-12-27 10:00:00,48.358020769046824,9.5841,71.36,mid_peak,115.1,38.773920769046825
2025-12-27 11:00:00,47.11699822755057,12.084299999999999,69.05,mid_peak,115.1,35.03269822755057
2025-12-27 12:00:00,46.526330409549224,13.4733,67.76,mid_peak,115.1,33.05303040954922
2025-12-27 13:00:00,47.81928831037106,8.334,68.39,mid_peak,115.1,39.48528831037106
2025-12-27 14:00:00,49.356419915484786,5.6949,115.47,mid_peak,115.1,43.66151991548479
2025-12-27 15:00:00,50.78580502886336,7.0839,72.34,mid_peak,115.1,43.70190502886336
2025-12-27 16:00:00,52.15472808213156,4.028099999999999,75.23,mid_peak,115.1,48.12662808213156
2025-12-27 17:00:00,53.54690577390375,1.9446,75.24,mid_peak,115.1,51.60230577390375
2025-12-27 18:00:00,53.63294793636851,0.2778,75.24,mid_peak,115.1,53.35514793636851
2025-12-27 19:00:00,52.89810135964243,0.0,75.24,mid_peak,115.1,52.89810135964243
2025-12-27 20:00:00,51.68808500281816,0.0,75.24,mid_peak,115.1,51.68808500281816
2025-12-27 21:00:00,50.475743182143496,0.0,75.24,mid_peak,115.1,50.475743182143496
2025-12-27 22:00:00,50.686585237913,0.0,75.24,off_peak,98.2,50.686585237913
2025-12-27 23:00:00,50.419932049733916,0.0,75.24,off_peak,98.2,50.419932049733916
2025-12-28 00:00:00,47.878975215864635,0.0,72.5,off_peak,98.2,47.878975215864635
2025-12-28 01:00:00,45.91008248919349,0.0,68.39,off_peak,98.2,45.91008248919349
2025-12-28 02:00:00,44.5194551066549,0.0,68.3,off_peak,98.2,44.5194551066549
2025-12-28 03:00:00,43.711743995949654,0.0,68.3,off_peak,98.2,43.711743995949654
2025-12-28 04:00:00,43.738874407537644,0.0,68.3,off_peak,98.2,43.738874407537644
2025-12-28 05:00:00,44.338068926323785,0.0,68.3,off_peak,98.2,44.338068926323785
2025-12-28 06:00:00,45.287633331903365,0.0,70.09,off_peak,98.2,45.287633331903365
2025-12-28 07:00:00,46.16898413120458,0.0,72.7,off_peak,98.2,46.16898413120458
2025-12-28 08:00:00,46.51625339953083,0.1389,70.44,off_peak,98.2,46.37735339953083
2025-12-28 09:00:00,45.916283726127894,1.6667999999999998,68.3,off_peak,98.2,44.24948372612789
2025-12-28 10:00:00,44.817114479505975,6.1116,68.3,off_peak,98.2,38.70551447950597
2025-12-28 11:00:00,42.61024928547734,9.0285,66.81,off_peak,98.2,33.581749285477336
2025-12-28 12:00:00,40.66926212501099,9.3063,65.39,off_peak,98.2,31.362962125010988
2025-12-28 13:00:00,40.56616656097663,11.6676,66.81,off_peak,98.2,28.898566560976633
2025-12-28 14:00:00,41.95679394351522,11.2509,68.3,off_peak,98.2,30.70589394351522
2025-12-28 15:00:00,44.71789468855562,9.167399999999999,68.3,off_peak,98.2,35.55049468855562
2025-12-28 16:00:00,47.437912238905625,7.7784,71.7,off_peak,98.2,39.65951223890563
2025-12-28 17:00:00,50.038555978268484,1.6667999999999998,71.9,off_peak,98.2,48.37175597826848
2025-12-28 18:00:00,50.84936770744093,0.1389,72.1,off_peak,98.2,50.710467707440934
2025-12-28 19:00:00,50.51295060374988,0.0,124.75,off_peak,98.2,50.51295060374988
2025-12-28 20:00:00,49.5486582604511,0.0,124.75,off_peak,98.2,49.5486582604511
2025-12-28 21:00:00,48.38902695371881,0.0,72.1,off_peak,98.2,48.38902695371881
2025-12-28 22:00:00,48.191362526434894,0.0,72.3,off_peak,98.2,48.191362526434894
2025-12-28 23:00:00,47.7146424371031,0.0,72.3,off_peak,98.2,47.7146424371031
2025-12-29 00:00:00,45.469794666851286,0.0,67.45,off_peak,98.2,45.469794666851286
2025-12-29 01:00:00,43.63655399812009,0.0,67.45,off_peak,98.2,43.63655399812009
2025-12-29 02:00:00,42.74280072495008,0.0,67.45,off_peak,98.2,42.74280072495008
2025-12-29 03:00:00,42.4730469183038,0.0,67.45,off_peak,98.2,42.4730469183038
2025-12-29 04:00:00,43.06448989092194,0.0,67.45,off_peak,98.2,43.06448989092194
2025-12-29 05:00:00,44.879902003466746,0.0,67.45,off_peak,98.2,44.879902003466746
2025-12-29 06:00:00,48.36887293368202,0.0,67.45,off_peak,98.2,48.36887293368202
2025-12-29 07:00:00,54.201136270482664,0.0,75.14,off_peak,98.2,54.201136270482664
2025-12-29 08:00:00,60.46748619269112,0.0,113.17,mid_peak,115.1,60.46748619269112
2025-12-29 09:00:00,61.456583483727485,1.9446,117.85,on_peak,144.5,59.511983483727484
2025-12-29 10:00:00,59.886895384708176,6.5283,94.32,on_peak,144.5,53.358595384708174
2025-12-29 11:00:00,57.80715554783468,13.889999999999999,88.07,on_peak,144.5,43.91715554783468
2025-12-29 12:00:00,54.84684006627678,17.7792,86.07,mid_peak,115.1,37.06764006627678
2025-12-29 13:00:00,56.42427971146409,12.7788,87.66,mid_peak,115.1,43.64547971146409
2025-12-29 14:00:00,57.119593402733386,11.112,87.66,mid_peak,115.1,46.007593402733384
2025-12-29 15:00:00,58.251319143260886,11.528699999999999,87.66,mid_peak,115.1,46.722619143260886
2025-12-29 16:00:00,59.474513128570756,8.7507,86.07,on_peak,144.5,50.723813128570754
2025-12-29 17:00:00,59.772947656038625,4.583699999999999,114.13,on_peak,144.5,55.189247656038624
2025-12-29 18:00:00,58.60633995775513,0.2778,114.13,on_peak,144.5,58.32853995775513
2025-12-29 19:00:00,57.3203584484845,0.0,114.1,mid_peak,115.1,57.3203584484845
2025-12-29 20:00:00,55.46541345048291,0.0,84.78,mid_peak,115.1,55.46541345048291
2025-12-29 21:00:00,53.567059793940544,0.0,77.39,mid_peak,115.1,53.567059793940544
2025-12-29 22:00:00,53.141499909317524,0.0,77.39,off_peak,98.2,53.141499909317524
2025-12-29 23:00:00,52.38184838485386,0.0,77.39,off_peak,98.2,52.38184838485386
2025-12-30 00:00:00,49.58741599129108,0.0,94.52,off_peak,98.2,49.58741599129108
2025-12-30 01:00:00,47.75882625026068,0.0,110.83,off_peak,98.2,47.75882625026068
2025-12-30 02:00:00,46.64957999362037,0.0,94.95,off_peak,98.2,46.64957999362037
2025-12-30 03:00:00,46.16743382197098,0.0,94.95,off_peak,98.2,46.16743382197098
2025-12-30 04:00:00,46.64957999362037,0.0,94.95,off_peak,98.2,46.64957999362037
2025-12-30 05:00:00,48.13710170325892,0.0,94.95,off_peak,98.2,48.13710170325892
2025-12-30 06:00:00,51.31833625060472,0.0,82.09,off_peak,98.2,51.31833625060472
2025-12-30 07:00:00,56.593263417926416,0.0,95.18,off_peak,98.2,56.593263417926416
2025-12-30 08:00:00,61.77439687661535,0.0,130.68,mid_peak,115.1,61.77439687661535
2025-12-30 09:00:00,60.54887742745508,4.7226,95.18,on_peak,144.5,55.82627742745508
2025-12-30 10:00:00,56.958361242439054,12.501,94.74,on_peak,144.5,44.457361242439056
2025-12-30 11:00:00,53.36241897510543,20.4183,92.09,on_peak,144.5,32.944118975105425
2025-12-30 12:00:00,49.744772378501416,25.1409,43.06,mid_peak,115.1,24.603872378501418
2025-12-30 13:00:00,51.56948634644782,27.2244,87.66,mid_peak,115.1,24.345086346447818
2025-12-30 14:00:00,53.439159282168596,25.8354,87.65,mid_peak,115.1,27.603759282168596
2025-12-30 15:00:00,56.549079604768835,21.3906,84.48,mid_peak,115.1,35.158479604768836
2025-12-30 16:00:00,59.77682342912262,13.6122,95.0,on_peak,144.5,46.16462342912262
2025-12-30 17:00:00,60.822507007185365,5.6949,126.72,on_peak,144.5,55.12760700718537
2025-12-30 18:00:00,59.900848167810565,0.2778,95.0,on_peak,144.5,59.623048167810566
2025-12-30 19:00:00,58.883070155952616,0.0,95.0,mid_peak,115.1,58.883070155952616
2025-12-30 20:00:00,57.100989691930195,0.0,118.78,mid_peak,115.1,57.100989691930195
2025-12-30 21:00:00,55.14760005759505,0.0,82.09,mid_peak,115.1,55.14760005759505
2025-12-30 22:00:00,54.48794347869854,0.0,117.63,off_peak,98.2,54.48794347869854
2025-12-30 23:00:00,53.6492261833213,0.0,89.38,off_peak,98.2,53.6492261833213
2025-12-31 00:00:00,50.781154101162564,0.0,72.34,off_peak,98.2,50.781154101162564
2025-12-31 01:00:00,48.69288756350428,0.0,69.88,off_peak,98.2,48.69288756350428
2025-12-31 02:00:00,47.58054068839676,0.0,69.88,off_peak,98.2,47.58054068839676
2025-12-31 03:00:00,46.93948782030344,0.0,69.88,off_peak,98.2,46.93948782030344
2025-12-31 04:00:00,47.2580763678081,0.0,69.88,off_peak,98.2,47.2580763678081
2025-12-31 05:00:00,48.60917086488991,0.0,71.92,off_peak,98.2,48.60917086488991
2025-12-31 06:00:00,51.55940933642942,0.0,74.14,off_peak,98.2,51.55940933642942
2025-12-31 07:00:00,56.52582496626484,0.0,85.96,off_peak,98.2,56.52582496626484
2025-12-31 08:00:00,61.61549018017141,0.0,116.83,mid_peak,115.1,61.61549018017141
2025-12-31 09:00:00,60.71786113391741,4.8614999999999995,116.88,on_peak,144.5,55.85636113391741
2025-12-31 10:00:00,57.559106070458796,13.0566,94.97,on_peak,144.5,44.50250607045879
2025-12-31 11:00:00,54.55150615727611,20.9739,94.97,on_peak,144.5,33.57760615727611
2025-12-31 12:00:00,50.90285337600011,25.8354,94.97,mid_peak,115.1,25.06745337600011
2025-12-31 13:00:00,52.190385194504344,27.918899999999994,88.09,mid_peak,115.1,24.27148519450435
2025-12-31 14:00:00,53.45621268373819,26.8077,94.54,mid_peak,115.1,26.648512683738186
2025-12-31 15:00:00,55.470839532800504,22.3629,84.41,mid_peak,115.1,33.1079395328005
2025-12-31 16:00:00,58.103264611452154,15.001199999999999,86.07,on_peak,144.5,43.10206461145216
2025-12-31 17:00:00,59.333434988313215,5.8338,78.62,on_peak,144.5,53.49963498831322
2025-12-31 18:00:00,58.48541583753439,0.41669999999999996,78.65,on_peak,144.5,58.06871583753439
2025-12-31 19:00:00,57.47383906261083,0.0,109.08,mid_peak,115.1,57.47383906261083
2025-12-31 20:00:00,55.883221788937924,0.0,109.08,mid_peak,115.1,55.883221788937924
2025-12-31 21:00:00,54.446085129391356,0.0,93.2,mid_peak,115.1,54.446085129391356
2025-12-31 22:00:00,54.32981193687141,0.0,101.14,off_peak,98.2,54.32981193687141
2025-12-31 23:00:00,53.75232174735566,0.0,75.82,off_peak,98.2,53.75232174735566
